level,fips,naics,sales_k,sales_flag,establishments
county,01001,44-45,666340,,170
county,01003,44-45,3703387,,989
county,01005,44-45,205813,,91
county,01007,44-45,119780,,48
county,01009,44-45,340887,,131
county,01011,44-45,58730,,26
county,01013,44-45,220594,,100
county,01015,44-45,1652250,,466
county,01017,44-45,297074,,114
county,01019,44-45,207791,,85
county,01021,44-45,510609,,148
county,01023,44-45,90260,,52
county,01025,44-45,348222,,134
county,01027,44-45,62963,,36
county,01029,44-45,136073,,41
county,01031,44-45,789411,,202
county,01033,44-45,841235,,229
county,01035,44-45,106876,,37
county,01037,44-45,21878,,18
county,01039,44-45,461752,,186
county,01041,44-45,66953,,34
county,01043,44-45,1191283,,335
county,01045,44-45,373924,,145
county,01047,44-45,359988,,159
county,01049,44-45,695901,,239
county,01051,44-45,774369,,206
county,01053,44-45,426491,,166
county,01055,44-45,1319759,,393
county,01057,44-45,133967,,57
county,01059,44-45,236374,,99
county,01061,44-45,162037,,87
county,01063,44-45,35967,,25
county,01065,44-45,73312,,40
county,01067,44-45,85805,,50
county,01069,44-45,2218890,,536
county,01071,44-45,498610,,174
county,01073,44-45,10348528,,2666
county,01075,44-45,82743,,49
county,01077,44-45,1279788,,400
county,01079,44-45,202934,,82
county,01081,44-45,1901857,,478
county,01083,44-45,794720,,266
county,01085,44-45,76344,,27
county,01087,44-45,134879,,43
county,01089,44-45,5427438,,1298
county,01091,44-45,220652,,104
county,01093,44-45,257158,,109
county,01095,44-45,1535843,,396
county,01097,44-45,5607815,,1493
county,01099,44-45,225437,,91
county,01101,44-45,3448892,,916
county,01103,44-45,1774908,,464
county,01105,44-45,33183,,29
county,01107,44-45,94450,,52
county,01109,44-45,416321,,136
county,01111,44-45,183363,,82
county,01113,44-45,514409,,156
county,01115,44-45,811530,,230
county,01117,44-45,3607350,,700
county,01119,44-45,53983,,50
county,01121,44-45,781851,,273
county,01123,44-45,415096,,156
county,01125,44-45,2760136,,719
county,01127,44-45,949064,,281
county,01129,44-45,70538,,32
county,01131,44-45,75416,,43
county,01133,44-45,158252,,89
county,02013,44-45,,D,
county,02016,44-45,50255,,12
county,02020,44-45,4903204,,849
county,02050,44-45,156181,,51
county,02060,44-45,15090,,10
county,02068,44-45,18945,,18
county,02070,44-45,48065,,17
county,02090,44-45,1484828,,294
county,02100,44-45,24608,,19
county,02105,44-45,16438,,16
county,02110,44-45,464789,,148
county,02122,44-45,817082,,253
county,02130,44-45,243592,,108
county,02150,44-45,125363,,37
county,02158,44-45,65361,,27
county,02164,44-45,,D,
county,02170,44-45,1255522,,257
county,02180,44-45,83219,,32
county,02185,44-45,85180,,21
county,02188,44-45,46600,,13
county,02195,44-45,38393,,27
county,02198,44-45,54951,,24
county,02220,44-45,107200,,55
county,02230,44-45,42964,,46
county,02240,44-45,67564,,34
county,02261,44-45,101541,,51
county,02275,44-45,23387,,15
county,02282,44-45,5067,,4
county,02290,44-45,27831,,31
county,04001,44-45,280498,,94
county,04003,44-45,1324442,,386
county,04005,44-45,2197125,,580
county,04007,44-45,553038,,150
county,04009,44-45,408423,,101
county,04011,44-45,64105,,18
county,04012,44-45,450271,,84
county,04013,44-45,74333135,,10871
county,04015,44-45,3063397,,626
county,04017,44-45,1197234,,294
county,04019,44-45,12230888,,2721
county,04021,44-45,2578068,,507
county,04023,44-45,513171,,199
county,04025,44-45,2952664,,815
county,04027,44-45,2219141,,472
county,05001,44-45,302359,,87
county,05003,44-45,183023,,67
county,05005,44-45,571072,,190
county,05007,44-45,3717446,,755
county,05009,44-45,622351,,167
county,05011,44-45,71407,,33
county,05013,44-45,12584,,8
county,05015,44-45,250069,,149
county,05017,44-45,58335,,43
county,05019,44-45,376931,,87
county,05021,44-45,127738,,50
county,05023,44-45,412542,,92
county,05025,44-45,16199,,16
county,05027,44-45,199080,,92
county,05029,44-45,241675,,75
county,05031,44-45,1828893,,462
county,05033,44-45,500708,,160
county,05035,44-45,665249,,142
county,05037,44-45,213465,,64
county,05039,44-45,77262,,42
county,05041,44-45,123715,,63
county,05043,44-45,254234,,79
county,05045,44-45,1880103,,408
county,05047,44-45,203372,,52
county,05049,44-45,55397,,31
county,05051,44-45,1684321,,496
county,05053,44-45,131576,,49
county,05055,44-45,579525,,157
county,05057,44-45,217190,,78
county,05059,44-45,248215,,89
county,05061,44-45,157040,,53
county,05063,44-45,491502,,158
county,05065,44-45,110349,,45
county,05067,44-45,229697,,67
county,05069,44-45,776810,,282
county,05071,44-45,265902,,78
county,05073,44-45,26925,,19
county,05075,44-45,206445,,63
county,05077,44-45,40124,,15
county,05079,44-45,66766,,28
county,05081,44-45,129535,,39
county,05083,44-45,164777,,68
county,05085,44-45,557155,,169
county,05087,44-45,95884,,32
county,05089,44-45,112755,,39
county,05091,44-45,378761,,132
county,05093,44-45,419490,,145
county,05095,44-45,63011,,30
county,05097,44-45,28853,,21
county,05099,44-45,101750,,18
county,05101,44-45,20613,,12
county,05103,44-45,242238,,103
county,05105,44-45,33679,,17
county,05107,44-45,148139,,73
county,05109,44-45,79823,,34
county,05111,44-45,166247,,66
county,05113,44-45,193759,,80
county,05115,44-45,895238,,272
county,05117,44-45,51312,,35
county,05119,44-45,7998111,,1776
county,05121,44-45,189494,,62
county,05123,44-45,254227,,95
county,05125,44-45,1276900,,300
county,05127,44-45,44764,,21
county,05129,44-45,51315,,28
county,05131,44-45,2250541,,573
county,05133,44-45,202283,,62
county,05135,44-45,169359,,59
county,05137,44-45,126398,,45
county,05139,44-45,560092,,178
county,05141,44-45,159558,,59
county,05143,44-45,3587770,,787
county,05145,44-45,1051907,,325
county,05147,44-45,44807,,26
county,05149,44-45,125938,,53
county,06001,44-45,26888725,,4318
county,06005,44-45,367562,,124
county,06007,44-45,3137533,,693
county,06009,44-45,327711,,135
county,06011,44-45,159755,,61
county,06013,44-45,14986369,,2489
county,06015,44-45,229945,,59
county,06017,44-45,1920952,,514
county,06019,44-45,11346970,,2438
county,06021,44-45,262565,,71
county,06023,44-45,2055468,,596
county,06025,44-45,1815117,,473
county,06027,44-45,250358,,90
county,06029,44-45,9382835,,1960
county,06031,44-45,1272120,,292
county,06033,44-45,614062,,166
county,06035,44-45,234148,,76
county,06037,44-45,150362821,,29356
county,06039,44-45,1157528,,315
county,06041,44-45,5625193,,1011
county,06043,44-45,79995,,42
county,06045,44-45,1270714,,436
county,06047,44-45,2366780,,544
county,06049,44-45,48538,,23
county,06051,44-45,164763,,72
county,06053,44-45,5629518,,1292
county,06055,44-45,2005392,,497
county,06057,44-45,1134812,,383
county,06059,44-45,52345305,,9707
county,06061,44-45,7798973,,1310
county,06063,44-45,152162,,85
county,06065,44-45,31941747,,5305
county,06067,44-45,19354701,,3536
county,06069,44-45,460457,,102
county,06071,44-45,32452592,,4898
county,06073,44-45,46665943,,9455
county,06075,44-45,19362279,,3396
county,06077,44-45,8856292,,1635
county,06079,44-45,4372001,,1130
county,06081,44-45,20064348,,2018
county,06083,44-45,5267801,,1479
county,06085,44-45,47472232,,4682
county,06087,44-45,4650375,,893
county,06089,44-45,2847726,,634
county,06091,44-45,,D,
county,06093,44-45,476387,,171
county,06095,44-45,6244758,,1061
county,06097,44-45,7760450,,1815
county,06099,44-45,7486445,,1462
county,06101,44-45,1306011,,287
county,06103,44-45,754940,,142
county,06105,44-45,98220,,48
county,06107,44-45,4598996,,1098
county,06109,44-45,660042,,175
county,06111,44-45,13115583,,2569
county,06113,44-45,2701840,,485
county,06115,44-45,489000,,121
county,08001,44-45,6974082,,1183
county,08003,44-45,317629,,84
county,08005,44-45,12075678,,1925
county,08007,44-45,192073,,87
county,08009,44-45,29764,,14
county,08011,44-45,20759,,15
county,08013,44-45,5635232,,1187
county,08014,44-45,1280614,,286
county,08015,44-45,371073,,141
county,08017,44-45,14384,,16
county,08019,44-45,84418,,51
county,08021,44-45,34041,,22
county,08023,44-45,14675,,14
county,08025,44-45,18750,,9
county,08027,44-45,49445,,21
county,08029,44-45,326946,,115
county,08031,44-45,9218519,,2471
county,08033,44-45,10397,,5
county,08035,44-45,5755529,,939
county,08037,44-45,1072597,,410
county,08039,44-45,140355,,37
county,08041,44-45,9701001,,2096
county,08043,44-45,487353,,134
county,08045,44-45,1169491,,277
county,08047,44-45,7626,,10
county,08049,44-45,210363,,96
county,08051,44-45,243474,,134
county,08053,44-45,4976,,13
county,08055,44-45,50096,,25
county,08057,44-45,16190,,10
county,08059,44-45,8899442,,1864
county,08061,44-45,29778,,8
county,08063,44-45,116324,,38
county,08065,44-45,47987,,31
county,08067,44-45,989140,,306
county,08069,44-45,5893759,,1266
county,08071,44-45,193207,,61
county,08073,44-45,126934,,25
county,08075,44-45,346757,,99
county,08077,44-45,2463209,,572
county,08079,44-45,10803,,12
county,08081,44-45,198010,,63
county,08083,44-45,363949,,112
county,08085,44-45,650139,,165
county,08087,44-45,303863,,95
county,08089,44-45,180639,,67
county,08091,44-45,37939,,40
county,08093,44-45,63704,,49
county,08095,44-45,50692,,25
county,08097,44-45,404927,,234
county,08099,44-45,167278,,57
county,08101,44-45,2144368,,506
county,08103,44-45,54635,,30
county,08105,44-45,111861,,51
county,08107,44-45,417048,,193
county,08109,44-45,23881,,21
county,08111,44-45,9471,,17
county,08113,44-45,115126,,82
county,08115,44-45,26052,,11
county,08117,44-45,794432,,321
county,08119,44-45,261273,,70
county,08121,44-45,28592,,12
county,08123,44-45,3768754,,668
county,08125,44-45,109141,,58
county,09001,44-45,16458800,,3368
county,09003,44-45,14132661,,3127
county,09005,44-45,2683240,,673
county,09007,44-45,2588123,,645
county,09009,44-45,12606661,,2870
county,09011,44-45,4030804,,1015
county,09013,44-45,1468146,,358
county,09015,44-45,1436044,,335
county,10001,44-45,3059685,,600
county,10003,44-45,10672353,,1967
county,10005,44-45,3935867,,1081
county,11001,44-45,5533913,,1743
county,12001,44-45,3726690,,914
county,12003,44-45,283503,,78
county,12005,44-45,3219279,,826
county,12007,44-45,343349,,79
county,12009,44-45,7884446,,2026
county,12011,44-45,35031297,,7220
county,12013,44-45,72096,,35
county,12015,44-45,2757181,,599
county,12017,44-45,1863963,,431
county,12019,44-45,2097116,,569
county,12021,44-45,7302938,,1499
county,12023,44-45,823824,,260
county,12027,44-45,282621,,83
county,12029,44-45,73691,,37
county,12031,44-45,17312745,,3381
county,12033,44-45,4534506,,1081
county,12035,44-45,1087361,,261
county,12037,44-45,100915,,66
county,12039,44-45,386208,,127
county,12041,44-45,51797,,34
county,12043,44-45,28716,,14
county,12045,44-45,79324,,46
county,12047,44-45,190774,,44
county,12049,44-45,186996,,71
county,12051,44-45,344057,,110
county,12053,44-45,2036511,,473
county,12055,44-45,1261208,,329
county,12057,44-45,24583342,,4661
county,12059,44-45,108338,,54
county,12061,44-45,2267749,,684
county,12063,44-45,601986,,178
county,12065,44-45,69819,,46
county,12067,44-45,25796,,16
county,12069,44-45,4938933,,1061
county,12071,44-45,12227771,,2651
county,12073,44-45,4081023,,1019
county,12075,44-45,421904,,148
county,12077,44-45,28222,,18
county,12079,44-45,157425,,59
county,12081,44-45,5421829,,1301
county,12083,44-45,5080893,,1152
county,12085,44-45,3089758,,768
county,12086,44-45,45110749,,10680
county,12087,44-45,1688476,,626
county,12089,44-45,791319,,257
county,12091,44-45,3609707,,871
county,12093,44-45,625128,,139
county,12095,44-45,26388535,,5020
county,12097,44-45,4128165,,969
county,12099,44-45,24445666,,5680
county,12101,44-45,7098666,,1511
county,12103,44-45,16891083,,3732
county,12105,44-45,8333421,,1793
county,12107,44-45,737422,,227
county,12109,44-45,3214807,,882
county,12111,44-45,3794883,,746
county,12113,44-45,1508066,,373
county,12115,44-45,7397340,,1753
county,12117,44-45,9607027,,1706
county,12119,44-45,1089725,,241
county,12121,44-45,572408,,136
county,12123,44-45,268082,,87
county,12125,44-45,63855,,29
county,12127,44-45,7739644,,1981
county,12129,44-45,236500,,65
county,12131,44-45,1122081,,416
county,12133,44-45,203898,,67
county,13001,44-45,578711,,79
county,13003,44-45,41718,,23
county,13005,44-45,81214,,44
county,13007,44-45,4117,,4
county,13009,44-45,674231,,182
county,13011,44-45,223610,,49
county,13013,44-45,993644,,168
county,13015,44-45,1330658,,330
county,13017,44-45,207017,,74
county,13019,44-45,100251,,52
county,13021,44-45,2685363,,761
county,13023,44-45,93796,,41
county,13025,44-45,70903,,40
county,13027,44-45,93406,,40
county,13029,44-45,373376,,104
county,13031,44-45,957512,,264
county,13033,44-45,221199,,58
county,13035,44-45,316008,,75
county,13037,44-45,13872,,13
county,13039,44-45,600901,,151
county,13043,44-45,145656,,49
county,13045,44-45,1556905,,376
county,13047,44-45,948299,,185
county,13049,44-45,61034,,33
county,13051,44-45,5006241,,1321
county,13053,44-45,14818,,16
county,13055,44-45,159897,,74
county,13057,44-45,2976983,,660
county,13059,44-45,1982006,,513
county,13061,44-45,7838,,11
county,13063,44-45,3454890,,700
county,13065,44-45,36882,,27
county,13067,44-45,18543691,,2261
county,13069,44-45,542141,,188
county,13071,44-45,528227,,198
county,13073,44-45,2111518,,323
county,13075,44-45,200136,,65
county,13077,44-45,1943146,,390
county,13079,44-45,21812,,21
county,13081,44-45,315880,,115
county,13083,44-45,153908,,61
county,13085,44-45,747589,,200
county,13087,44-45,378379,,119
county,13089,44-45,10567247,,2231
county,13091,44-45,160703,,62
county,13093,44-45,127552,,35
county,13095,44-45,1578708,,443
county,13097,44-45,2760566,,416
county,13099,44-45,92368,,52
county,13101,44-45,4181,,5
county,13103,44-45,444492,,103
county,13105,44-45,125961,,72
county,13107,44-45,245617,,81
county,13109,44-45,166045,,61
county,13111,44-45,377743,,127
county,13113,44-45,1724970,,435
county,13115,44-45,1214754,,389
county,13117,44-45,3036981,,677
county,13119,44-45,293082,,91
county,13121,44-45,16815853,,3599
county,13123,44-45,328038,,99
county,13125,44-45,6078,,4
county,13127,44-45,1498859,,468
county,13129,44-45,660129,,230
county,13131,44-45,214581,,69
county,13133,44-45,271876,,74
county,13135,44-45,15083256,,2821
county,13137,44-45,512015,,174
county,13139,44-45,2948879,,619
county,13141,44-45,22712,,22
county,13143,44-45,398561,,88
county,13145,44-45,73420,,47
county,13147,44-45,213638,,76
county,13149,44-45,23042,,20
county,13151,44-45,2947943,,589
county,13153,44-45,2075908,,486
county,13155,44-45,32027,,27
county,13157,44-45,1578625,,242
county,13159,44-45,54179,,22
county,13161,44-45,164341,,66
county,13163,44-45,136775,,64
county,13165,44-45,32877,,18
county,13167,44-45,40857,,25
county,13169,44-45,107047,,44
county,13171,44-45,116873,,45
county,13173,44-45,33676,,18
county,13175,44-45,754243,,233
county,13177,44-45,224906,,65
county,13179,44-45,598647,,185
county,13181,44-45,41125,,20
county,13183,44-45,19056,,14
county,13185,44-45,2098937,,523
county,13187,44-45,236370,,77
county,13189,44-45,335533,,86
county,13191,44-45,90928,,43
county,13193,44-45,43738,,40
county,13195,44-45,116058,,58
county,13197,44-45,28791,,24
county,13199,44-45,104673,,70
county,13201,44-45,57616,,22
county,13205,44-45,139510,,82
county,13207,44-45,226720,,78
county,13209,44-45,32183,,24
county,13211,44-45,258810,,69
county,13213,44-45,190070,,92
county,13215,44-45,2979208,,794
county,13217,44-45,950726,,218
county,13219,44-45,566909,,116
county,13221,44-45,31274,,19
county,13223,44-45,1472747,,271
county,13225,44-45,356695,,101
county,13227,44-45,417436,,100
county,13229,44-45,123503,,66
county,13231,44-45,39278,,36
county,13233,44-45,377750,,132
county,13235,44-45,82355,,38
county,13237,44-45,219620,,79
county,13239,44-45,13225,,13
county,13241,44-45,272846,,75
county,13243,44-45,30279,,25
county,13245,44-45,2842567,,769
county,13247,44-45,1285013,,303
county,13249,44-45,13461,,10
county,13251,44-45,95365,,50
county,13253,44-45,69792,,41
county,13255,44-45,850037,,225
county,13257,44-45,273280,,103
county,13259,44-45,19785,,13
county,13261,44-45,295318,,134
county,13263,44-45,16315,,12
county,13265,44-45,2838,,3
county,13267,44-45,104783,,63
county,13269,44-45,45065,,21
county,13271,44-45,78746,,43
county,13273,44-45,92620,,41
county,13275,44-45,642530,,212
county,13277,44-45,882371,,231
county,13279,44-45,510173,,148
county,13281,44-45,83317,,62
county,13283,44-45,42616,,23
county,13285,44-45,923793,,264
county,13287,44-45,91885,,40
county,13289,44-45,21260,,13
county,13291,44-45,321372,,95
county,13293,44-45,223886,,89
county,13295,44-45,335619,,148
county,13297,44-45,894124,,199
county,13299,44-45,699728,,199
county,13301,44-45,13380,,12
county,13303,44-45,171565,,70
county,13305,44-45,290523,,116
county,13307,44-45,9225,,6
county,13309,44-45,17496,,14
county,13311,44-45,346679,,114
county,13313,44-45,1413334,,396
county,13315,44-45,19290,,23
county,13317,44-45,73738,,41
county,13319,44-45,32559,,25
county,13321,44-45,134983,,47
county,15001,44-45,3086017,,629
county,15003,44-45,14266055,,2856
county,15007,44-45,1253149,,356
county,15009,44-45,,D,
county,16001,44-45,7401406,,1505
county,16003,44-45,,D,
county,16005,44-45,1290195,,321
county,16007,44-45,58281,,27
county,16009,44-45,73596,,32
county,16011,44-45,312107,,118
county,16013,44-45,375112,,176
county,16015,44-45,22440,,16
county,16017,44-45,585906,,216
county,16019,44-45,2247512,,515
county,16021,44-45,116936,,48
county,16023,44-45,19218,,11
county,16025,44-45,6976,,3
county,16027,44-45,2764207,,509
county,16029,44-45,92410,,33
county,16031,44-45,341016,,121
county,16035,44-45,71044,,37
county,16037,44-45,40467,,27
county,16039,44-45,285389,,77
county,16041,44-45,136837,,45
county,16043,44-45,91337,,43
county,16045,44-45,123320,,46
county,16047,44-45,95336,,45
county,16049,44-45,97956,,65
county,16051,44-45,209594,,60
county,16053,44-45,281677,,72
county,16055,44-45,2942500,,600
county,16057,44-45,352575,,131
county,16059,44-45,109308,,39
county,16061,44-45,39493,,20
county,16063,44-45,16212,,13
county,16065,44-45,496030,,191
county,16067,44-45,215442,,61
county,16069,44-45,717588,,205
county,16071,44-45,37922,,18
county,16073,44-45,41243,,24
county,16075,44-45,158536,,56
county,16077,44-45,31931,,17
county,16079,44-45,729991,,56
county,16081,44-45,99420,,44
county,16083,44-45,1549174,,371
county,16085,44-45,123766,,76
county,16087,44-45,102203,,31
county,17001,44-45,1095930,,286
county,17003,44-45,18605,,18
county,17005,44-45,101250,,37
county,17007,44-45,395807,,99
county,17009,44-45,29244,,15
county,17011,44-45,262923,,89
county,17013,44-45,24526,,14
county,17015,44-45,98658,,57
county,17017,44-45,114138,,44
county,17019,44-45,2469978,,615
county,17021,44-45,425269,,116
county,17023,44-45,137042,,45
county,17025,44-45,125165,,53
county,17027,44-45,485527,,131
county,17029,44-45,861575,,188
county,17031,44-45,66513549,,14620
county,17033,44-45,183354,,71
county,17035,44-45,63503,,29
county,17037,44-45,1043878,,251
county,17039,44-45,231957,,55
county,17041,44-45,204656,,126
county,17043,44-45,19876655,,3144
county,17045,44-45,183476,,54
county,17047,44-45,42461,,24
county,17049,44-45,875581,,201
county,17051,44-45,224204,,78
county,17053,44-45,125853,,49
county,17055,44-45,392708,,131
county,17057,44-45,305442,,105
county,17059,44-45,9400,,12
county,17061,44-45,117216,,42
county,17063,44-45,711376,,146
county,17065,44-45,43797,,32
county,17067,44-45,100838,,59
county,17069,44-45,13590,,11
county,17071,44-45,19042,,13
county,17073,44-45,481247,,153
county,17075,44-45,291262,,78
county,17077,44-45,904630,,217
county,17079,44-45,65029,,24
county,17081,44-45,596238,,158
county,17083,44-45,217485,,57
county,17085,44-45,332621,,108
county,17087,44-45,91316,,32
county,17089,44-45,6685953,,1495
county,17091,44-45,1515996,,366
county,17093,44-45,1434918,,241
county,17095,44-45,862310,,178
county,17097,44-45,12816945,,2204
county,17099,44-45,1710570,,404
county,17101,44-45,81977,,32
county,17103,44-45,408483,,105
county,17105,44-45,418896,,124
county,17107,44-45,302754,,84
county,17109,44-45,319914,,109
county,17111,44-45,3898193,,849
county,17113,44-45,2301765,,523
county,17115,44-45,1515342,,395
county,17117,44-45,385756,,132
county,17119,44-45,3599686,,772
county,17121,44-45,340081,,131
county,17123,44-45,53416,,37
county,17125,44-45,90545,,43
county,17127,44-45,98084,,36
county,17129,44-45,65511,,27
county,17131,44-45,73690,,37
county,17133,44-45,457887,,93
county,17135,44-45,395309,,125
county,17137,44-45,473489,,141
county,17139,44-45,102520,,44
county,17141,44-45,430467,,123
county,17143,44-45,2544677,,679
county,17145,44-45,183633,,54
county,17147,44-45,131702,,40
county,17149,44-45,141806,,53
county,17151,44-45,9034,,10
county,17153,44-45,38071,,15
county,17155,44-45,24928,,12
county,17157,44-45,360237,,101
county,17159,44-45,171515,,60
county,17161,44-45,1993948,,426
county,17163,44-45,3272561,,863
county,17165,44-45,344250,,101
county,17167,44-45,3023994,,723
county,17169,44-45,33576,,22
county,17171,44-45,21973,,7
county,17173,44-45,137296,,61
county,17175,44-45,51541,,19
county,17177,44-45,560288,,156
county,17179,44-45,2172400,,388
county,17181,44-45,177215,,59
county,17183,44-45,934803,,247
county,17185,44-45,88682,,42
county,17187,44-45,135847,,53
county,17189,44-45,293414,,57
county,17191,44-45,155076,,61
county,17193,44-45,140170,,59
county,17195,44-45,623025,,180
county,17197,44-45,8424019,,1640
county,17199,44-45,1175046,,249
county,17201,44-45,3946216,,927
county,17203,44-45,414521,,88
county,18001,44-45,413180,,141
county,18003,44-45,6972072,,1270
county,18005,44-45,1311555,,315
county,18007,44-45,46352,,29
county,18009,44-45,80290,,33
county,18011,44-45,2803643,,167
county,18013,44-45,54498,,75
county,18015,44-45,97750,,51
county,18017,44-45,360919,,113
county,18019,44-45,3354288,,421
county,18021,44-45,292761,,79
county,18023,44-45,270364,,97
county,18025,44-45,71831,,25
county,18027,44-45,586367,,124
county,18029,44-45,682007,,140
county,18031,44-45,348522,,109
county,18033,44-45,465400,,109
county,18035,44-45,1662101,,430
county,18037,44-45,1005843,,228
county,18039,44-45,2889890,,705
county,18041,44-45,230366,,72
county,18043,44-45,908167,,201
county,18045,44-45,141688,,62
county,18047,44-45,205017,,63
county,18049,44-45,289474,,83
county,18051,44-45,501698,,117
county,18053,44-45,763814,,222
county,18055,44-45,293649,,93
county,18057,44-45,5631602,,896
county,18059,44-45,800026,,161
county,18061,44-45,557255,,108
county,18063,44-45,4671984,,442
county,18065,44-45,538845,,142
county,18067,44-45,1382468,,341
county,18069,44-45,323993,,135
county,18071,44-45,621889,,179
county,18073,44-45,507608,,126
county,18075,44-45,145825,,57
county,18077,44-45,437616,,119
county,18079,44-45,194325,,57
county,18081,44-45,3248893,,487
county,18083,44-45,507585,,154
county,18085,44-45,1099691,,278
county,18087,44-45,343860,,152
county,18089,44-45,7473726,,1539
county,18091,44-45,1506961,,428
county,18093,44-45,589912,,170
county,18095,44-45,1507968,,317
county,18097,44-45,15372545,,2933
county,18099,44-45,666074,,164
county,18101,44-45,154759,,33
county,18103,44-45,263873,,93
county,18105,44-45,1853505,,436
county,18107,44-45,489332,,134
county,18109,44-45,671205,,169
county,18111,44-45,72600,,36
county,18113,44-45,475356,,139
county,18115,44-45,11737,,8
county,18117,44-45,168123,,64
county,18119,44-45,128885,,47
county,18121,44-45,92852,,39
county,18123,44-45,166563,,69
county,18125,44-45,63592,,28
county,18127,44-45,2183162,,460
county,18129,44-45,342688,,58
county,18131,44-45,161422,,47
county,18133,44-45,400015,,97
county,18135,44-45,206225,,71
county,18137,44-45,233517,,103
county,18139,44-45,118372,,45
county,18141,44-45,5381450,,914
county,18143,44-45,236999,,79
county,18145,44-45,512475,,124
county,18147,44-45,155869,,67
county,18149,44-45,174101,,60
county,18151,44-45,622973,,174
county,18153,44-45,173546,,48
county,18155,44-45,43840,,19
county,18157,44-45,2707393,,553
county,18159,44-45,140650,,42
county,18161,44-45,33914,,22
county,18163,44-45,3570821,,760
county,18165,44-45,191124,,50
county,18167,44-45,1683499,,417
county,18169,44-45,345362,,116
county,18171,44-45,19498,,15
county,18173,44-45,425141,,129
county,18175,44-45,274435,,76
county,18177,44-45,957053,,251
county,18179,44-45,250583,,80
county,18181,44-45,316381,,93
county,18183,44-45,396973,,103
county,19001,44-45,49649,,29
county,19003,44-45,22237,,13
county,19005,44-45,141659,,62
county,19007,44-45,140596,,51
county,19009,44-45,39049,,15
county,19011,44-45,205704,,83
county,19013,44-45,2213914,,506
county,19015,44-45,260974,,64
county,19017,44-45,290407,,80
county,19019,44-45,218655,,74
county,19021,44-45,241189,,83
county,19023,44-45,102414,,51
county,19025,44-45,160944,,45
county,19027,44-45,372129,,140
county,19029,44-45,199611,,72
county,19031,44-45,189024,,58
county,19033,44-45,912414,,212
county,19035,44-45,133347,,52
county,19037,44-45,114246,,52
county,19039,44-45,130281,,29
county,19041,44-45,478216,,100
county,19043,44-45,225795,,86
county,19045,44-45,590957,,181
county,19047,44-45,174242,,47
county,19049,44-45,1527145,,281
county,19051,44-45,66198,,29
county,19053,44-45,40208,,22
county,19055,44-45,197830,,60
county,19057,44-45,911203,,197
county,19059,44-45,340361,,109
county,19061,44-45,1763922,,424
county,19063,44-45,86954,,41
county,19065,44-45,193919,,98
county,19067,44-45,215041,,59
county,19069,44-45,69843,,35
county,19071,44-45,160586,,30
county,19073,44-45,96643,,40
county,19075,44-45,93458,,43
county,19077,44-45,115492,,38
county,19079,44-45,190178,,52
county,19081,44-45,228425,,44
county,19083,44-45,201869,,86
county,19085,44-45,273236,,44
county,19087,44-45,244521,,60
county,19089,44-45,116865,,47
county,19091,44-45,102263,,42
county,19093,44-45,58854,,33
county,19095,44-45,251659,,122
county,19097,44-45,281695,,73
county,19099,44-45,386897,,97
county,19101,44-45,223241,,88
county,19103,44-45,2264682,,470
county,19105,44-45,257017,,72
county,19107,44-45,53538,,35
county,19109,44-45,237766,,84
county,19111,44-45,440286,,126
county,19113,44-45,6405786,,679
county,19115,44-45,60269,,24
county,19117,44-45,95077,,34
county,19119,44-45,89412,,54
county,19121,44-45,104539,,53
county,19123,44-45,205164,,92
county,19125,44-45,385901,,121
county,19127,44-45,493800,,135
county,19129,44-45,85396,,35
county,19131,44-45,72653,,52
county,19133,44-45,102707,,38
county,19135,44-45,60164,,24
county,19137,44-45,96652,,44
county,19139,44-45,535588,,128
county,19141,44-45,162458,,88
county,19143,44-45,118909,,28
county,19145,44-45,122124,,66
county,19147,44-45,78121,,39
county,19149,44-45,327239,,94
county,19151,44-45,48158,,35
county,19153,44-45,8957960,,1495
county,19155,44-45,1575907,,265
county,19157,44-45,584410,,78
county,19159,44-45,48883,,23
county,19161,44-45,95703,,52
county,19163,44-45,3209802,,633
county,19165,44-45,148085,,50
county,19167,44-45,423176,,159
county,19169,44-45,1193874,,281
county,19171,44-45,156643,,58
county,19173,44-45,40038,,15
county,19175,44-45,172072,,51
county,19177,44-45,45654,,24
county,19179,44-45,592658,,136
county,19181,44-45,409747,,103
county,19183,44-45,201126,,87
county,19185,44-45,50172,,25
county,19187,44-45,596840,,160
county,19189,44-45,173467,,52
county,19191,44-45,300275,,116
county,19193,44-45,2009543,,407
county,19195,44-45,37621,,26
county,19197,44-45,89861,,54
county,20001,44-45,146682,,51
county,20003,44-45,131363,,30
county,20005,44-45,142660,,46
county,20007,44-45,74323,,29
county,20009,44-45,382945,,122
county,20011,44-45,152695,,52
county,20013,44-45,84063,,41
county,20015,44-45,654132,,168
county,20017,44-45,13193,,7
county,20019,44-45,16058,,12
county,20021,44-45,114226,,48
county,20023,44-45,18548,,20
county,20025,44-45,7912,,5
county,20027,44-45,87760,,39
county,20029,44-45,103309,,48
county,20031,44-45,92912,,42
county,20033,44-45,16494,,14
county,20035,44-45,323802,,116
county,20037,44-45,428396,,141
county,20039,44-45,17733,,16
county,20041,44-45,175676,,70
county,20043,44-45,47074,,21
county,20045,44-45,1529288,,371
county,20047,44-45,13584,,10
county,20049,44-45,14948,,12
county,20051,44-45,570120,,177
county,20053,44-45,45817,,31
county,20055,44-45,717031,,175
county,20057,44-45,476332,,118
county,20059,44-45,281127,,85
county,20061,44-45,324273,,88
county,20063,44-45,83369,,18
county,20065,44-45,24458,,17
county,20067,44-45,59694,,32
county,20069,44-45,37727,,25
county,20071,44-45,14775,,8
county,20073,44-45,34554,,32
county,20075,44-45,25097,,11
county,20077,44-45,50161,,39
county,20079,44-45,340502,,108
county,20081,44-45,17519,,11
county,20083,44-45,5396,,7
county,20085,44-45,86903,,40
county,20087,44-45,69403,,51
county,20089,44-45,11062,,13
county,20091,44-45,10360766,,1846
county,20093,44-45,16578,,13
county,20095,44-45,49408,,27
county,20097,44-45,11283,,12
county,20099,44-45,184179,,84
county,20101,44-45,6731,,9
county,20103,44-45,631167,,156
county,20105,44-45,7900,,10
county,20107,44-45,59664,,33
county,20109,44-45,31057,,12
county,20111,44-45,459405,,141
county,20113,44-45,338890,,116
county,20115,44-45,61646,,39
county,20117,44-45,229890,,68
county,20119,44-45,22542,,17
county,20121,44-45,294415,,78
county,20123,44-45,128187,,46
county,20125,44-45,300321,,121
county,20127,44-45,35699,,23
county,20129,44-45,15269,,11
county,20131,44-45,137698,,55
county,20133,44-45,219648,,79
county,20135,44-45,11880,,12
county,20137,44-45,50059,,27
county,20139,44-45,76147,,46
county,20141,44-45,30583,,22
county,20143,44-45,13815,,14
county,20145,44-45,46382,,24
county,20147,44-45,40913,,31
county,20149,44-45,346687,,80
county,20151,44-45,166291,,51
county,20153,44-45,21978,,17
county,20155,44-45,764300,,240
county,20157,44-45,54999,,30
county,20159,44-45,49293,,40
county,20161,44-45,904461,,246
county,20163,44-45,48616,,26
county,20165,44-45,24392,,10
county,20167,44-45,68501,,39
county,20169,44-45,1094820,,237
county,20171,44-45,47094,,33
county,20173,44-45,8082860,,1718
county,20175,44-45,335483,,93
county,20177,44-45,2395396,,600
county,20179,44-45,17113,,17
county,20181,44-45,110828,,34
county,20183,44-45,58037,,29
county,20185,44-45,28288,,20
county,20187,44-45,25355,,14
county,20189,44-45,35642,,17
county,20191,44-45,168153,,70
county,20193,44-45,197198,,64
county,20195,44-45,41721,,20
county,20197,44-45,29021,,20
county,20199,44-45,6988,,8
county,20201,44-45,35297,,35
county,20203,44-45,14828,,12
county,20205,44-45,48192,,31
county,20207,44-45,20290,,13
county,20209,44-45,2158193,,442
county,21001,44-45,223054,,55
county,21003,44-45,116977,,49
county,21005,44-45,237836,,59
county,21007,44-45,40561,,24
county,21009,44-45,734577,,182
county,21011,44-45,40314,,28
county,21013,44-45,396126,,114
county,21015,44-45,4772007,,467
county,21017,44-45,430381,,61
county,21019,44-45,855365,,223
county,21021,44-45,527835,,126
county,21023,44-45,28065,,19
county,21025,44-45,112282,,40
county,21027,44-45,160406,,53
county,21029,44-45,1505302,,170
county,21031,44-45,61733,,31
county,21033,44-45,190790,,64
county,21035,44-45,610543,,160
county,21037,44-45,1187805,,242
county,21039,44-45,20583,,14
county,21041,44-45,177072,,41
county,21043,44-45,256072,,102
county,21045,44-45,103952,,57
county,21047,44-45,927178,,247
county,21049,44-45,480114,,121
county,21051,44-45,204671,,58
county,21053,44-45,73779,,43
county,21055,44-45,54587,,28
county,21057,44-45,51210,,24
county,21059,44-45,1505461,,400
county,21061,44-45,44934,,23
county,21063,44-45,16383,,12
county,21065,44-45,66149,,39
county,21067,44-45,6341837,,1211
county,21069,44-45,143950,,54
county,21071,44-45,473495,,148
county,21073,44-45,809916,,190
county,21075,44-45,44971,,32
county,21077,44-45,67688,,17
county,21079,44-45,56025,,30
county,21081,44-45,348502,,70
county,21083,44-45,564078,,134
county,21085,44-45,279453,,100
county,21087,44-45,58969,,26
county,21089,44-45,271840,,85
county,21091,44-45,34420,,17
county,21093,44-45,1744647,,391
county,21095,44-45,204578,,84
county,21097,44-45,145820,,49
county,21099,44-45,147848,,63
county,21101,44-45,663859,,149
county,21103,44-45,168136,,35
county,21105,44-45,60378,,17
county,21107,44-45,955782,,164
county,21109,44-45,34816,,21
county,21111,44-45,12543439,,2669
county,21113,44-45,986055,,154
county,21115,44-45,385028,,84
county,21117,44-45,1601623,,390
county,21119,44-45,60955,,29
county,21121,44-45,294949,,109
county,21123,44-45,56668,,28
county,21125,44-45,1086598,,246
county,21127,44-45,161332,,48
county,21129,44-45,36887,,19
county,21131,44-45,55589,,27
county,21133,44-45,138844,,57
county,21135,44-45,63009,,30
county,21137,44-45,146310,,61
county,21139,44-45,45474,,27
county,21141,44-45,276064,,98
county,21143,44-45,65346,,25
county,21145,44-45,1715578,,399
county,21147,44-45,88365,,44
county,21149,44-45,78584,,31
county,21151,44-45,1232205,,298
county,21153,44-45,58188,,32
county,21155,44-45,176349,,62
county,21157,44-45,453096,,125
county,21159,44-45,105954,,38
county,21161,44-45,383307,,97
county,21163,44-45,225812,,61
county,21165,44-45,17514,,12
county,21167,44-45,171989,,52
county,21169,44-45,46515,,22
county,21171,44-45,118686,,46
county,21173,44-45,467234,,124
county,21175,44-45,85908,,33
county,21177,44-45,310133,,108
county,21179,44-45,590338,,161
county,21181,44-45,16201,,12
county,21183,44-45,207726,,70
county,21185,44-45,492993,,100
county,21187,44-45,63588,,23
county,21189,44-45,20174,,12
county,21191,44-45,41527,,24
county,21193,44-45,467265,,112
county,21195,44-45,1001128,,263
county,21197,44-45,97818,,39
county,21199,44-45,1171114,,308
county,21201,44-45,2677,,3
county,21203,44-45,69027,,38
county,21205,44-45,380445,,98
county,21207,44-45,205998,,86
county,21209,44-45,597898,,115
county,21211,44-45,724639,,191
county,21213,44-45,365473,,68
county,21215,44-45,83418,,25
county,21217,44-45,732469,,119
county,21219,44-45,92847,,40
county,21221,44-45,104040,,46
county,21223,44-45,20440,,13
county,21225,44-45,130781,,51
county,21227,44-45,1968804,,502
county,21229,44-45,99541,,35
county,21231,44-45,162225,,59
county,21233,44-45,62182,,39
county,21235,44-45,422562,,125
county,21237,44-45,52411,,23
county,21239,44-45,271818,,73
county,22001,44-45,575407,,185
county,22003,44-45,204494,,71
county,22005,44-45,2031246,,373
county,22007,44-45,117570,,40
county,22009,44-45,378658,,149
county,22011,44-45,337253,,105
county,22013,44-45,77850,,37
county,22015,44-45,2182372,,440
county,22017,44-45,3728951,,887
county,22019,44-45,3622515,,790
county,22021,44-45,76917,,26
county,22023,44-45,37407,,18
county,22025,44-45,54379,,32
county,22027,44-45,87941,,43
county,22029,44-45,228550,,77
county,22031,44-45,288793,,72
county,22033,44-45,8006523,,1834
county,22035,44-45,25532,,20
county,22037,44-45,78520,,44
county,22039,44-45,224457,,113
county,22041,44-45,257958,,74
county,22043,44-45,88999,,29
county,22045,44-45,1003608,,269
county,22047,44-45,291923,,81
county,22049,44-45,129737,,46
county,22051,44-45,8987595,,1760
county,22053,44-45,380773,,122
county,22055,44-45,4471009,,1090
county,22057,44-45,1042244,,300
county,22059,44-45,132341,,46
county,22061,44-45,611575,,170
county,22063,44-45,1493229,,319
county,22065,44-45,108944,,28
county,22067,44-45,196597,,73
county,22069,44-45,442551,,137
county,22071,44-45,3499095,,1327
county,22073,44-45,2410539,,681
county,22075,44-45,113611,,63
county,22077,44-45,231836,,76
county,22079,44-45,2100367,,550
county,22081,44-45,34076,,19
county,22083,44-45,222210,,59
county,22085,44-45,247711,,80
county,22087,44-45,401169,,134
county,22089,44-45,403817,,115
county,22091,44-45,44041,,24
county,22093,44-45,138085,,49
county,22095,44-45,412318,,115
county,22097,44-45,1087466,,311
county,22099,44-45,580980,,150
county,22101,44-45,529506,,183
county,22103,44-45,4018119,,920
county,22105,44-45,1984275,,454
county,22107,44-45,23834,,16
county,22109,44-45,1860352,,470
county,22111,44-45,175201,,59
county,22113,44-45,566372,,188
county,22115,44-45,437439,,131
county,22117,44-45,334232,,144
county,22119,44-45,512799,,155
county,22121,44-45,340013,,92
county,22123,44-45,80935,,25
county,22125,44-45,88440,,31
county,22127,44-45,117563,,43
county,23001,44-45,1816819,,431
county,23003,44-45,1059333,,327
county,23005,44-45,7031697,,1460
county,23007,44-45,428577,,175
county,23009,44-45,948595,,339
county,23011,44-45,2485512,,527
county,23013,44-45,720199,,252
county,23015,44-45,484866,,211
county,23017,44-45,698036,,234
county,23019,44-45,3261511,,697
county,23021,44-45,249840,,85
county,23023,44-45,545199,,140
county,23025,44-45,648958,,208
county,23027,44-45,395326,,165
county,23029,44-45,415505,,148
county,23031,44-45,2688680,,851
county,24001,44-45,1018111,,270
county,24003,44-45,9441552,,1959
county,24005,44-45,13216541,,2662
county,24009,44-45,938142,,210
county,24011,44-45,377224,,80
county,24013,44-45,2387910,,506
county,24015,44-45,1179887,,243
county,24017,44-45,2318551,,467
county,24019,44-45,489563,,90
county,24021,44-45,3906537,,732
county,24023,44-45,491825,,144
county,24025,44-45,3897297,,689
county,24027,44-45,4643646,,867
county,24029,44-45,196010,,90
county,24031,44-45,14659223,,2567
county,24033,44-45,10485318,,2268
county,24035,44-45,623913,,226
county,24037,44-45,1370334,,306
county,24039,44-45,121888,,56
county,24041,44-45,716678,,216
county,24043,44-45,2618583,,602
county,24045,44-45,1794311,,362
county,24047,44-45,897886,,387
county,24510,44-45,7175255,,1912
county,25001,44-45,4537503,,1450
county,25003,44-45,2049668,,653
county,25005,44-45,9616375,,2101
county,25007,44-45,430369,,203
county,25009,44-45,11318805,,2642
county,25011,44-45,741896,,252
county,25013,44-45,6014680,,1552
county,25015,44-45,1877819,,493
county,25017,44-45,24988104,,5044
county,25019,44-45,379530,,161
county,25021,44-45,13773165,,2512
county,25023,44-45,8039705,,1883
county,25025,44-45,13173405,,2456
county,25027,44-45,13253498,,2526
county,26001,44-45,62923,,32
county,26003,44-45,65367,,45
county,26005,44-45,1324757,,349
county,26007,44-45,498921,,140
county,26009,44-45,188866,,93
county,26011,44-45,192045,,67
county,26013,44-45,50731,,29
county,26015,44-45,326476,,125
county,26017,44-45,1465572,,385
county,26019,44-45,142186,,71
county,26021,44-45,1781452,,553
county,26023,44-45,508870,,143
county,26025,44-45,1855418,,467
county,26027,44-45,289666,,121
county,26029,44-45,257994,,121
county,26031,44-45,337269,,129
county,26033,44-45,494127,,144
county,26035,44-45,306882,,114
county,26037,44-45,912303,,173
county,26039,44-45,182869,,45
county,26041,44-45,555829,,170
county,26043,44-45,440928,,137
county,26045,44-45,1727404,,334
county,26047,44-45,792089,,280
county,26049,44-45,8429666,,1355
county,26051,44-45,174233,,89
county,26053,44-45,164247,,64
county,26055,44-45,2311673,,572
county,26057,44-45,407029,,128
county,26059,44-45,415664,,124
county,26061,44-45,390123,,138
county,26063,44-45,398808,,157
county,26065,44-45,3575953,,923
county,26067,44-45,528345,,148
county,26069,44-45,334854,,111
county,26071,44-45,107572,,55
county,26073,44-45,910615,,211
county,26075,44-45,2031858,,497
county,26077,44-45,3706657,,876
county,26079,44-45,186616,,59
county,26081,44-45,11021463,,2214
county,26083,44-45,3671,,9
county,26085,44-45,57621,,27
county,26087,44-45,1072068,,260
county,26089,44-45,164357,,124
county,26091,44-45,1051860,,285
county,26093,44-45,2808666,,603
county,26095,44-45,78482,,29
county,26097,44-45,130246,,99
county,26099,44-45,13734814,,2777
county,26101,44-45,303897,,104
county,26103,44-45,926775,,274
county,26105,44-45,413997,,112
county,26107,44-45,537862,,145
county,26109,44-45,134437,,68
county,26111,44-45,1116028,,270
county,26113,44-45,147863,,35
county,26115,44-45,1705566,,358
county,26117,44-45,807494,,196
county,26119,44-45,69591,,30
county,26121,44-45,2191221,,564
county,26123,44-45,439706,,145
county,26125,44-45,24638842,,4781
county,26127,44-45,176140,,92
county,26129,44-45,401754,,112
county,26131,44-45,53810,,25
county,26133,44-45,149197,,65
county,26135,44-45,58399,,34
county,26137,44-45,655139,,138
county,26139,44-45,3302594,,776
county,26141,44-45,110619,,61
county,26143,44-45,404618,,113
county,26145,44-45,3233840,,826
county,26147,44-45,2030751,,505
county,26149,44-45,763925,,185
county,26151,44-45,447450,,143
county,26153,44-45,99859,,44
county,26155,44-45,862234,,196
county,26157,44-45,484624,,153
county,26159,44-45,752960,,256
county,26161,44-45,5121286,,1100
county,26163,44-45,21293284,,5927
county,26165,44-45,643187,,167
county,27001,44-45,140417,,69
county,27003,44-45,4474277,,910
county,27005,44-45,513582,,129
county,27007,44-45,766565,,214
county,27009,44-45,506840,,119
county,27011,44-45,35091,,26
county,27013,44-45,1464354,,311
county,27015,44-45,395002,,104
county,27017,44-45,268176,,101
county,27019,44-45,935192,,207
county,27021,44-45,260655,,141
county,27023,44-45,217941,,58
county,27025,44-45,495897,,168
county,27027,44-45,738736,,165
county,27029,44-45,61637,,38
county,27031,44-45,64934,,50
county,27033,44-45,92132,,50
county,27035,44-45,1378703,,379
county,27037,44-45,7844296,,1202
county,27039,44-45,128712,,48
county,27041,44-45,828851,,237
county,27043,44-45,109387,,63
county,27045,44-45,201119,,90
county,27047,44-45,524824,,136
county,27049,44-45,850477,,202
county,27051,44-45,79454,,31
county,27053,44-45,31368292,,4115
county,27055,44-45,111537,,55
county,27057,44-45,236870,,101
county,27059,44-45,577859,,108
county,27061,44-45,614691,,194
county,27063,44-45,82294,,43
county,27065,44-45,135034,,47
county,27067,44-45,865833,,199
county,27069,44-45,61571,,28
county,27071,44-45,159206,,75
county,27073,44-45,48864,,36
county,27075,44-45,149933,,46
county,27077,44-45,31709,,23
county,27079,44-45,138211,,82
county,27081,44-45,50946,,32
county,27083,44-45,449317,,127
county,27085,44-45,513608,,141
county,27087,44-45,55236,,18
county,27089,44-45,110701,,29
county,27091,44-45,296492,,92
county,27093,44-45,278627,,82
county,27095,44-45,281302,,101
county,27097,44-45,344592,,125
county,27099,44-45,352005,,116
county,27101,44-45,56966,,44
county,27103,44-45,327258,,81
county,27105,44-45,339663,,107
county,27107,44-45,73000,,26
county,27109,44-45,2866830,,576
county,27111,44-45,793107,,253
county,27113,44-45,248312,,69
county,27115,44-45,290801,,93
county,27117,44-45,134638,,56
county,27119,44-45,324015,,105
county,27121,44-45,175258,,50
county,27123,44-45,7098874,,1557
county,27125,44-45,41641,,20
county,27127,44-45,177978,,55
county,27129,44-45,123540,,62
county,27131,44-45,712228,,194
county,27133,44-45,112460,,36
county,27135,44-45,165862,,79
county,27137,44-45,3311348,,852
county,27139,44-45,1593949,,310
county,27141,44-45,933571,,210
county,27143,44-45,62531,,50
county,27145,44-45,3305385,,676
county,27147,44-45,579517,,166
county,27149,44-45,234888,,50
county,27151,44-45,75854,,40
county,27153,44-45,162514,,100
county,27155,44-45,41539,,28
county,27157,44-45,195831,,76
county,27159,44-45,189083,,71
county,27161,44-45,169083,,53
county,27163,44-45,3537952,,710
county,27165,44-45,65296,,37
county,27167,44-45,47006,,26
county,27169,44-45,676852,,153
county,27171,44-45,1937067,,445
county,27173,44-45,119958,,48
county,28001,44-45,472655,,141
county,28003,44-45,548756,,178
county,28005,44-45,45660,,31
county,28007,44-45,188040,,72
county,28009,44-45,27389,,15
county,28011,44-45,381598,,146
county,28013,44-45,96320,,62
county,28015,44-45,30626,,22
county,28017,44-45,153242,,79
county,28019,44-45,30387,,25
county,28021,44-45,33404,,20
county,28023,44-45,63422,,49
county,28025,44-45,183460,,83
county,28027,44-45,235978,,101
county,28029,44-45,199105,,88
county,28031,44-45,246177,,77
county,28033,44-45,2862124,,602
county,28035,44-45,1155704,,342
county,28037,44-45,32552,,20
county,28039,44-45,262743,,79
county,28041,44-45,53542,,29
county,28043,44-45,455138,,118
county,28045,44-45,364450,,131
county,28047,44-45,3124538,,807
county,28049,44-45,3330648,,795
county,28051,44-45,87151,,66
county,28053,44-45,48914,,27
county,28057,44-45,164383,,70
county,28059,44-45,1336192,,417
county,28061,44-45,74513,,39
county,28063,44-45,13586,,12
county,28065,44-45,61241,,36
county,28067,44-45,856957,,259
county,28069,44-45,31798,,16
county,28071,44-45,743654,,230
county,28073,44-45,1213105,,311
county,28075,44-45,1271468,,382
county,28077,44-45,53619,,31
county,28079,44-45,179350,,85
county,28081,44-45,1759130,,505
county,28083,44-45,396511,,163
county,28085,44-45,553711,,159
county,28087,44-45,862070,,306
county,28089,44-45,1798882,,522
county,28091,44-45,268243,,107
county,28093,44-45,214862,,108
county,28095,44-45,254738,,112
county,28097,44-45,123705,,44
county,28099,44-45,280968,,111
county,28101,44-45,142404,,67
county,28103,44-45,61593,,35
county,28105,44-45,529412,,176
county,28107,44-45,408927,,139
county,28109,44-45,656969,,176
county,28111,44-45,83837,,32
county,28113,44-45,664835,,208
county,28115,44-45,326751,,95
county,28117,44-45,185788,,97
county,28119,44-45,18516,,22
county,28121,44-45,2676797,,613
county,28123,44-45,296112,,124
county,28125,44-45,30312,,19
county,28127,44-45,229492,,89
county,28129,44-45,51969,,29
county,28131,44-45,194668,,61
county,28133,44-45,206112,,89
county,28135,44-45,45757,,36
county,28137,44-45,207789,,79
county,28139,44-45,143671,,74
county,28141,44-45,141483,,86
county,28143,44-45,60772,,47
county,28145,44-45,286732,,103
county,28147,44-45,72988,,40
county,28149,44-45,672099,,189
county,28151,44-45,591582,,219
county,28153,44-45,180149,,81
county,28155,44-45,51724,,35
county,28157,44-45,51053,,23
county,28159,44-45,200693,,84
county,28161,44-45,57974,,43
county,28163,44-45,165261,,85
county,29001,44-45,307379,,102
county,29003,44-45,146612,,37
county,29005,44-45,73394,,34
county,29007,44-45,262699,,88
county,29009,44-45,397009,,137
county,29011,44-45,112630,,33
county,29013,44-45,180645,,59
county,29015,44-45,191715,,68
county,29017,44-45,68196,,31
county,29019,44-45,3410147,,592
county,29021,44-45,1410983,,305
county,29023,44-45,781854,,199
county,29025,44-45,101948,,26
county,29027,44-45,339955,,120
county,29029,44-45,791874,,289
county,29031,44-45,1574181,,409
county,29033,44-45,52929,,37
county,29035,44-45,28653,,27
county,29037,44-45,1344367,,259
county,29039,44-45,116249,,48
county,29041,44-45,57415,,35
county,29043,44-45,752551,,247
county,29045,44-45,80852,,30
county,29047,44-45,3927895,,612
county,29049,44-45,161914,,54
county,29051,44-45,1374929,,283
county,29053,44-45,277406,,58
county,29055,44-45,238671,,75
county,29057,44-45,42462,,29
county,29059,44-45,115311,,47
county,29061,44-45,64978,,26
county,29063,44-45,130079,,36
county,29065,44-45,123020,,49
county,29067,44-45,101527,,33
county,29069,44-45,428122,,131
county,29071,44-45,1357778,,358
county,29073,44-45,169285,,61
county,29075,44-45,54309,,31
county,29077,44-45,5495544,,1138
county,29079,44-45,87215,,42
county,29081,44-45,206934,,38
county,29083,44-45,347815,,112
county,29085,44-45,64469,,33
county,29087,44-45,56952,,23
county,29089,44-45,49962,,34
county,29091,44-45,612730,,215
county,29093,44-45,60266,,37
county,29095,44-45,10337678,,2118
county,29097,44-45,2229186,,500
county,29099,44-45,2163218,,474
county,29101,44-45,427709,,129
county,29103,44-45,30037,,14
county,29105,44-45,553499,,160
county,29107,44-45,277974,,104
county,29109,44-45,470780,,115
county,29111,44-45,79054,,27
county,29113,44-45,604546,,141
county,29115,44-45,137257,,52
county,29117,44-45,293441,,75
county,29119,44-45,243191,,60
county,29121,44-45,150205,,60
county,29123,44-45,141695,,43
county,29125,44-45,41534,,17
county,29127,44-45,496213,,131
county,29129,44-45,28868,,11
county,29131,44-45,439015,,121
county,29133,44-45,149813,,53
county,29135,44-45,137759,,48
county,29137,44-45,53822,,31
county,29139,44-45,100896,,42
county,29141,44-45,211753,,92
county,29143,44-45,434850,,79
county,29145,44-45,795740,,198
county,29147,44-45,254375,,64
county,29149,44-45,103757,,48
county,29151,44-45,152641,,51
county,29153,44-45,41468,,24
county,29155,44-45,179111,,55
county,29157,44-45,279300,,80
county,29159,44-45,715845,,169
county,29161,44-45,726377,,184
county,29163,44-45,161494,,58
county,29165,44-45,3520168,,319
county,29167,44-45,311535,,100
county,29169,44-45,475713,,139
county,29171,44-45,49123,,23
county,29173,44-45,73920,,30
county,29175,44-45,308624,,100
county,29177,44-45,158001,,53
county,29179,44-45,26877,,23
county,29181,44-45,112849,,43
county,29183,44-45,5882870,,1124
county,29185,44-45,80253,,35
county,29186,44-45,115259,,48
county,29187,44-45,842060,,241
county,29189,44-45,29641923,,3611
county,29195,44-45,250971,,87
county,29197,44-45,30479,,18
county,29199,44-45,52180,,33
county,29201,44-45,375953,,174
county,29203,44-45,32449,,31
county,29205,44-45,38986,,29
county,29207,44-45,353501,,106
county,29209,44-45,253301,,98
county,29211,44-45,35205,,21
county,29213,44-45,1093938,,415
county,29215,44-45,200179,,85
county,29217,44-45,238604,,81
county,29219,44-45,297589,,73
county,29221,44-45,142890,,54
county,29223,44-45,66084,,35
county,29225,44-45,461115,,103
county,29227,44-45,16666,,10
county,29229,44-45,219554,,79
county,29510,44-45,2857238,,878
county,30001,44-45,146021,,48
county,30003,44-45,110286,,40
county,30005,44-45,41330,,22
county,30007,44-45,74336,,17
county,30009,44-45,,D,
county,30011,44-45,17200,,5
county,30013,44-45,1439000,,362
county,30015,44-45,54558,,23
county,30017,44-45,236784,,58
county,30019,44-45,49099,,13
county,30021,44-45,122854,,41
county,30023,44-45,73797,,30
county,30025,44-45,30915,,15
county,30027,44-45,157638,,59
county,30029,44-45,1880066,,480
county,30031,44-45,2314228,,594
county,30033,44-45,13453,,5
county,30035,44-45,145277,,44
county,30039,44-45,34914,,17
county,30041,44-45,266791,,80
county,30043,44-45,40106,,24
county,30045,44-45,7120,,6
county,30047,44-45,288941,,110
county,30049,44-45,1100449,,278
county,30051,44-45,10991,,14
county,30053,44-45,167497,,84
county,30055,44-45,16736,,8
county,30057,44-45,68310,,41
county,30059,44-45,13414,,12
county,30061,44-45,51553,,17
county,30063,44-45,2360176,,569
county,30065,44-45,40742,,18
county,30067,44-45,207630,,94
county,30069,44-45,,D,
county,30071,44-45,43927,,23
county,30073,44-45,58224,,28
county,30075,44-45,19860,,10
county,30077,44-45,53716,,13
county,30079,44-45,6917,,5
county,30081,44-45,367950,,162
county,30083,44-45,164574,,54
county,30085,44-45,120671,,39
county,30087,44-45,65096,,27
county,30089,44-45,80876,,50
county,30091,44-45,39685,,20
county,30093,44-45,573266,,162
county,30095,44-45,80618,,28
county,30097,44-45,43923,,24
county,30099,44-45,50711,,28
county,30101,44-45,67774,,27
county,30103,44-45,,D,
county,30105,44-45,137580,,47
county,30107,44-45,14443,,8
county,30109,44-45,4516,,4
county,30111,44-45,3296541,,715
county,31001,44-45,499244,,141
county,31003,44-45,57294,,32
county,31011,44-45,75845,,36
county,31013,44-45,101218,,39
county,31015,44-45,13019,,12
county,31017,44-45,86064,,31
county,31019,44-45,1018744,,242
county,31021,44-45,36695,,33
county,31023,44-45,33737,,27
county,31025,44-45,314159,,63
county,31027,44-45,89785,,45
county,31029,44-45,113435,,31
county,31031,44-45,93403,,41
county,31033,44-45,646382,,48
county,31035,44-45,71726,,27
county,31037,44-45,55867,,39
county,31039,44-45,128138,,48
county,31041,44-45,169658,,76
county,31043,44-45,212171,,69
county,31045,44-45,174362,,46
county,31047,44-45,397103,,110
county,31049,44-45,79926,,14
county,31051,44-45,14178,,10
county,31053,44-45,751462,,144
county,31055,44-45,9991195,,1678
county,31057,44-45,14937,,9
county,31059,44-45,54264,,32
county,31061,44-45,19264,,13
county,31063,44-45,17034,,13
county,31065,44-45,39001,,26
county,31067,44-45,276957,,109
county,31069,44-45,12093,,11
county,31071,44-45,29849,,20
county,31073,44-45,4140,,4
county,31075,44-45,4574,,5
county,31077,44-45,36328,,14
county,31079,44-45,1276298,,306
county,31081,44-45,131947,,40
county,31083,44-45,45282,,17
county,31085,44-45,1392,,4
county,31087,44-45,11604,,12
county,31089,44-45,157642,,71
county,31091,44-45,6117,,6
county,31093,44-45,51826,,24
county,31095,44-45,161548,,27
county,31097,44-45,36709,,24
county,31099,44-45,31380,,19
county,31101,44-45,222061,,61
county,31103,44-45,3369,,4
county,31105,44-45,41209,,22
county,31107,44-45,71752,,42
county,31109,44-45,4810329,,1010
county,31111,44-45,704483,,190
county,31119,44-45,767547,,209
county,31121,44-45,66653,,27
county,31123,44-45,34117,,20
county,31125,44-45,26225,,18
county,31127,44-45,64486,,28
county,31129,44-45,61317,,25
county,31131,44-45,194555,,66
county,31133,44-45,25028,,12
county,31135,44-45,71321,,18
county,31137,44-45,141099,,51
county,31139,44-45,46829,,30
county,31141,44-45,557525,,164
county,31143,44-45,48647,,20
county,31145,44-45,217051,,79
county,31147,44-45,68712,,42
county,31149,44-45,10200,,8
county,31151,44-45,157760,,46
county,31153,44-45,2762432,,432
county,31155,44-45,213066,,70
county,31157,44-45,571311,,163
county,31159,44-45,117673,,48
county,31161,44-45,55328,,45
county,31163,44-45,43123,,21
county,31165,44-45,2630,,3
county,31167,44-45,18707,,13
county,31169,44-45,35076,,35
county,31171,44-45,,D,
county,31173,44-45,56896,,20
county,31175,44-45,98614,,29
county,31177,44-45,771078,,61
county,31179,44-45,71264,,36
county,31181,44-45,27935,,20
county,31185,44-45,269852,,62
county,32001,44-45,249694,,58
county,32003,44-45,32047745,,6267
county,32005,44-45,632356,,152
county,32007,44-45,864226,,163
county,32011,44-45,4739,,5
county,32013,44-45,314249,,66
county,32015,44-45,48128,,23
county,32017,44-45,,D,
county,32019,44-45,555063,,105
county,32021,44-45,27511,,15
county,32023,44-45,483614,,116
county,32027,44-45,48127,,14
county,32029,44-45,10806,,18
county,32031,44-45,8507816,,1477
county,32033,44-45,114911,,30
county,32510,44-45,1170800,,220
county,33001,44-45,1706535,,321
county,33003,44-45,948143,,372
county,33005,44-45,1869495,,346
county,33007,44-45,545062,,164
county,33009,44-45,2251793,,495
county,33011,44-45,9169116,,1577
county,33013,44-45,3161933,,613
county,33015,44-45,7783565,,1600
county,33017,44-45,1959264,,387
county,33019,44-45,644455,,157
county,34001,44-45,4631105,,1078
county,34003,44-45,19846375,,3703
county,34005,44-45,8223094,,1344
county,34007,44-45,6810615,,1694
county,34009,44-45,1935515,,639
county,34011,44-45,2010967,,492
county,34013,44-45,9070865,,2667
county,34015,44-45,4813242,,912
county,34017,44-45,7964867,,2120
county,34019,44-45,2478717,,458
county,34021,44-45,7573863,,1249
county,34023,44-45,14855971,,2578
county,34025,44-45,12274645,,2628
county,34027,44-45,10433242,,1810
county,34029,44-45,8720101,,2022
county,34031,44-45,8086803,,1857
county,34033,44-45,574958,,168
county,34035,44-45,6750809,,1059
county,34037,44-45,1832807,,412
county,34039,44-45,8666629,,1936
county,34041,44-45,1616110,,374
county,35001,44-45,10171296,,1991
county,35003,44-45,13121,,13
county,35005,44-45,866101,,211
county,35006,44-45,218584,,58
county,35007,44-45,139774,,73
county,35009,44-45,633613,,182
county,35011,44-45,16216,,11
county,35013,44-45,2098291,,498
county,35015,44-45,883834,,183
county,35017,44-45,260033,,94
county,35019,44-45,123046,,18
county,35021,44-45,4980,,4
county,35023,44-45,122039,,27
county,35025,44-45,1075953,,218
county,35027,44-45,291819,,135
county,35028,44-45,146155,,30
county,35029,44-45,251821,,64
county,35031,44-45,922785,,216
county,35033,44-45,13908,,12
county,35035,44-45,585250,,167
county,35037,44-45,185175,,33
county,35039,44-45,303378,,86
county,35041,44-45,135152,,43
county,35043,44-45,954874,,191
county,35045,44-45,1744562,,413
county,35047,44-45,219411,,79
county,35049,44-45,2588118,,797
county,35051,44-45,109632,,43
county,35053,44-45,106294,,33
county,35055,44-45,352477,,206
county,35057,44-45,191513,,43
county,35059,44-45,39051,,16
county,35061,44-45,636028,,147
county,36001,44-45,6617664,,1296
county,36003,44-45,247600,,132
county,36005,44-45,9150286,,4143
county,36007,44-45,2735985,,686
county,36009,44-45,1096043,,309
county,36011,44-45,886842,,233
county,36013,44-45,1508880,,469
county,36015,44-45,1378836,,316
county,36017,44-45,478708,,157
county,36019,44-45,1409426,,346
county,36021,44-45,784592,,275
county,36023,44-45,723450,,176
county,36025,44-45,462341,,189
county,36027,44-45,3909612,,1079
county,36029,44-45,13619165,,3269
county,36031,44-45,501951,,207
county,36033,44-45,551095,,167
county,36035,44-45,752515,,202
county,36037,44-45,889560,,214
county,36039,44-45,713994,,204
county,36041,44-45,37844,,33
county,36043,44-45,555113,,168
county,36045,44-45,1911846,,484
county,36047,44-45,28734814,,10799
county,36049,44-45,285459,,79
county,36051,44-45,700000,,209
county,36053,44-45,834512,,202
county,36055,44-45,10123106,,2304
county,36057,44-45,705906,,186
county,36059,44-45,26841202,,6033
county,36061,44-45,54824853,,11203
county,36063,44-45,2721401,,747
county,36065,44-45,3166524,,790
county,36067,44-45,7365633,,1651
county,36069,44-45,2309861,,537
county,36071,44-45,7023730,,1582
county,36073,44-45,325407,,87
county,36075,44-45,1417277,,360
county,36077,44-45,907921,,272
county,36079,44-45,909879,,323
county,36081,44-45,19297120,,7940
county,36083,44-45,1558396,,410
county,36085,44-45,4302741,,1403
county,36087,44-45,4732545,,1335
county,36089,44-45,1448805,,370
county,36091,44-45,3289037,,739
county,36093,44-45,1938234,,444
county,36095,44-45,286981,,100
county,36097,44-45,152658,,48
county,36099,44-45,505695,,163
county,36101,44-45,1229718,,319
county,36103,44-45,27801053,,6528
county,36105,44-45,872156,,283
county,36107,44-45,350322,,128
county,36109,44-45,1194095,,346
county,36111,44-45,2570533,,726
county,36113,44-45,1590365,,402
county,36115,44-45,603887,,183
county,36117,44-45,997103,,267
county,36119,44-45,16295562,,3804
county,36121,44-45,392409,,126
county,36123,44-45,194639,,78
county,37001,44-45,2313544,,642
county,37003,44-45,197918,,78
county,37005,44-45,85789,,38
county,37007,44-45,181172,,72
county,37009,44-45,291025,,106
county,37011,44-45,186569,,86
county,37013,44-45,637315,,182
county,37015,44-45,85989,,45
county,37017,44-45,210335,,87
county,37019,44-45,1414186,,421
county,37021,44-45,4594412,,1276
county,37023,44-45,836641,,255
county,37025,44-45,3302549,,729
county,37027,44-45,758135,,234
county,37029,44-45,31620,,16
county,37031,44-45,1158434,,376
county,37033,44-45,69764,,50
county,37035,44-45,3015486,,675
county,37037,44-45,624732,,176
county,37039,44-45,450523,,118
county,37041,44-45,94161,,53
county,37043,44-45,107028,,36
county,37045,44-45,1028390,,368
county,37047,44-45,570551,,201
county,37049,44-45,1285001,,372
county,37051,44-45,4707551,,1092
county,37053,44-45,310020,,131
county,37055,44-45,967279,,421
county,37057,44-45,1437861,,461
county,37059,44-45,396370,,118
county,37061,44-45,443658,,181
county,37063,44-45,4117615,,936
county,37065,44-45,329923,,117
county,37067,44-45,6259867,,1380
county,37069,44-45,351938,,143
county,37071,44-45,2511710,,637
county,37073,44-45,30608,,19
county,37075,44-45,54320,,31
county,37077,44-45,389303,,143
county,37079,44-45,68578,,41
county,37081,44-45,8015933,,1846
county,37083,44-45,627778,,217
county,37085,44-45,998232,,272
county,37087,44-45,929443,,236
county,37089,44-45,1584008,,399
county,37091,44-45,261485,,98
county,37093,44-45,188848,,81
county,37095,44-45,29380,,40
county,37097,44-45,2770125,,655
county,37099,44-45,449346,,163
county,37101,44-45,2247466,,558
county,37103,44-45,47800,,29
county,37105,44-45,889797,,251
county,37107,44-45,760197,,218
county,37109,44-45,867171,,238
county,37111,44-45,473781,,127
county,37113,44-45,474931,,218
county,37115,44-45,98233,,40
county,37117,44-45,222420,,77
county,37119,44-45,18367725,,3608
county,37121,44-45,179687,,58
county,37123,44-45,201968,,76
county,37125,44-45,1439601,,361
county,37127,44-45,1309270,,393
county,37129,44-45,4908803,,1082
county,37131,44-45,130281,,48
county,37133,44-45,2334587,,547
county,37135,44-45,1618570,,346
county,37137,44-45,131398,,40
county,37139,44-45,734220,,182
county,37141,44-45,435384,,157
county,37143,44-45,52997,,28
county,37145,44-45,383976,,128
county,37147,44-45,2556141,,625
county,37149,44-45,112462,,60
county,37151,44-45,1269765,,395
county,37153,44-45,481862,,174
county,37155,44-45,1414354,,404
county,37157,44-45,892181,,299
county,37159,44-45,1357929,,410
county,37161,44-45,646430,,202
county,37163,44-45,621824,,184
county,37165,44-45,337091,,127
county,37167,44-45,733596,,228
county,37169,44-45,285518,,106
county,37171,44-45,1131608,,335
county,37173,44-45,124527,,81
county,37175,44-45,327936,,119
county,37177,44-45,35248,,21
county,37179,44-45,2655940,,535
county,37181,44-45,587377,,184
county,37183,44-45,18099680,,3493
county,37185,44-45,93657,,46
county,37187,44-45,97200,,42
county,37189,44-45,931848,,323
county,37191,44-45,1619336,,461
county,37193,44-45,3243792,,220
county,37195,44-45,1017730,,325
county,37197,44-45,251647,,108
county,37199,44-45,134868,,59
county,38001,44-45,40277,,15
county,38003,44-45,102071,,47
county,38005,44-45,8864,,8
county,38007,44-45,3889,,10
county,38009,44-45,104160,,26
county,38011,44-45,69230,,18
county,38013,44-45,31063,,8
county,38015,44-45,2109905,,402
county,38017,44-45,8502818,,681
county,38019,44-45,91500,,26
county,38021,44-45,82467,,40
county,38023,44-45,9155,,11
county,38025,44-45,39663,,15
county,38027,44-45,13605,,10
county,38029,44-45,27912,,23
county,38031,44-45,66817,,24
county,38033,44-45,43492,,13
county,38035,44-45,1598403,,317
county,38037,44-45,7979,,10
county,38039,44-45,18760,,11
county,38041,44-45,52119,,15
county,38043,44-45,10005,,11
county,38045,44-45,24503,,18
county,38047,44-45,21386,,10
county,38049,44-45,32119,,17
county,38051,44-45,48815,,17
county,38053,44-45,159912,,41
county,38055,44-45,89980,,40
county,38057,44-45,102764,,45
county,38059,44-45,587463,,97
county,38061,44-45,183643,,50
county,38063,44-45,22579,,18
county,38065,44-45,,D,
county,38067,44-45,73061,,40
county,38069,44-45,78544,,20
county,38071,44-45,335669,,82
county,38073,44-45,52932,,25
county,38075,44-45,35291,,16
county,38077,44-45,215568,,69
county,38079,44-45,111755,,39
county,38081,44-45,31039,,14
county,38083,44-45,,D,
county,38085,44-45,,D,
county,38089,44-45,743501,,157
county,38091,44-45,37949,,6
county,38093,44-45,576862,,102
county,38095,44-45,32522,,13
county,38097,44-45,104822,,46
county,38099,44-45,94594,,52
county,38101,44-45,1483843,,310
county,38103,44-45,61471,,32
county,38105,44-45,842674,,144
county,39001,44-45,262519,,88
county,39003,44-45,1678243,,388
county,39005,44-45,506179,,150
county,39007,44-45,1017387,,304
county,39009,44-45,742307,,175
county,39011,44-45,502204,,148
county,39013,44-45,1125963,,291
county,39015,44-45,334266,,97
county,39017,44-45,8376739,,1024
county,39019,44-45,215676,,65
county,39021,44-45,309930,,83
county,39023,44-45,1411399,,373
county,39025,44-45,3014605,,505
county,39027,44-45,480706,,127
county,39029,44-45,1229420,,338
county,39031,44-45,341045,,106
county,39033,44-45,360332,,121
county,39035,44-45,16920714,,4125
county,39037,44-45,516575,,164
county,39039,44-45,847079,,141
county,39041,44-45,4101929,,630
county,39043,44-45,1243980,,307
county,39045,44-45,1966556,,383
county,39047,44-45,611847,,177
county,39049,44-45,25665382,,3597
county,39051,44-45,504346,,147
county,39053,44-45,392873,,126
county,39055,44-45,1504254,,311
county,39057,44-45,2591446,,553
county,39059,44-45,532266,,139
county,39061,44-45,13273606,,2683
county,39063,44-45,1244340,,257
county,39065,44-45,220473,,84
county,39067,44-45,87123,,36
county,39069,44-45,250781,,64
county,39071,44-45,436168,,132
county,39073,44-45,237832,,72
county,39075,44-45,643361,,178
county,39077,44-45,687048,,162
county,39079,44-45,377901,,127
county,39081,44-45,841146,,211
county,39083,44-45,622977,,168
county,39085,44-45,3755526,,751
county,39087,44-45,583140,,144
county,39089,44-45,2497946,,453
county,39091,44-45,504218,,144
county,39093,44-45,3875576,,807
county,39095,44-45,6470470,,1376
county,39097,44-45,1745971,,104
county,39099,44-45,3772503,,850
county,39101,44-45,812004,,164
county,39103,44-45,3119464,,485
county,39105,44-45,186316,,66
county,39107,44-45,548311,,170
county,39109,44-45,1417132,,301
county,39111,44-45,75307,,38
county,39113,44-45,8441166,,1584
county,39115,44-45,59400,,29
county,39117,44-45,174823,,50
county,39119,44-45,1330216,,301
county,39121,44-45,81132,,33
county,39123,44-45,442663,,131
county,39125,44-45,136775,,51
county,39127,44-45,191893,,68
county,39129,44-45,464691,,128
county,39131,44-45,282398,,74
county,39133,44-45,2382688,,433
county,39135,44-45,387095,,94
county,39137,44-45,289845,,109
county,39139,44-45,1641877,,419
county,39141,44-45,1128854,,244
county,39143,44-45,683910,,201
county,39145,44-45,930903,,259
county,39147,44-45,565697,,153
county,39149,44-45,490553,,140
county,39151,44-45,5377131,,1214
county,39153,44-45,8582177,,1655
county,39155,44-45,2584704,,668
county,39157,44-45,1194721,,329
county,39159,44-45,793871,,127
county,39161,44-45,334276,,90
county,39163,44-45,30349,,25
county,39165,44-45,2934129,,516
county,39167,44-45,882003,,230
county,39169,44-45,1367808,,376
county,39171,44-45,372862,,129
county,39173,44-45,1871783,,362
county,39175,44-45,272545,,68
county,40001,44-45,124755,,46
county,40003,44-45,50325,,21
county,40005,44-45,157369,,51
county,40007,44-45,24439,,14
county,40009,44-45,582035,,118
county,40011,44-45,105330,,41
county,40013,44-45,519810,,128
county,40015,44-45,251704,,84
county,40017,44-45,1469256,,293
county,40019,44-45,874559,,258
county,40021,44-45,426876,,149
county,40023,44-45,130755,,47
county,40025,44-45,28059,,11
county,40027,44-45,3409800,,758
county,40029,44-45,26261,,17
county,40031,44-45,1337704,,397
county,40033,44-45,36496,,14
county,40035,44-45,172791,,53
county,40037,44-45,497646,,148
county,40039,44-45,508863,,143
county,40041,44-45,360450,,139
county,40043,44-45,105088,,31
county,40045,44-45,47167,,24
county,40047,44-45,944298,,268
county,40049,44-45,510246,,116
county,40051,44-45,471297,,137
county,40053,44-45,79813,,23
county,40055,44-45,25426,,13
county,40057,44-45,13396,,11
county,40059,44-45,19620,,19
county,40061,44-45,146413,,36
county,40063,44-45,83284,,37
county,40065,44-45,390291,,105
county,40067,44-45,25779,,21
county,40069,44-45,67118,,34
county,40071,44-45,653585,,174
county,40073,44-45,344685,,51
county,40075,44-45,61394,,34
county,40077,44-45,49720,,23
county,40079,44-45,398674,,138
county,40081,44-45,255667,,84
county,40083,44-45,453957,,105
county,40085,44-45,53044,,18
county,40087,44-45,484981,,126
county,40089,44-45,332904,,103
county,40091,44-45,295689,,70
county,40093,44-45,80264,,40
county,40095,44-45,198010,,55
county,40097,44-45,390639,,124
county,40099,44-45,205436,,44
county,40101,44-45,907788,,251
county,40103,44-45,99489,,31
county,40105,44-45,60383,,23
county,40107,44-45,74182,,27
county,40109,44-45,14238320,,2922
county,40111,44-45,354392,,112
county,40113,44-45,273908,,91
county,40115,44-45,254474,,93
county,40117,44-45,101776,,36
county,40119,44-45,1059527,,295
county,40121,44-45,630106,,163
county,40123,44-45,465191,,159
county,40125,44-45,752020,,233
county,40127,44-45,91038,,36
county,40129,44-45,21086,,18
county,40131,44-45,862821,,219
county,40133,44-45,224651,,69
county,40135,44-45,343282,,119
county,40137,44-45,511742,,185
county,40139,44-45,198111,,78
county,40141,44-45,25621,,20
county,40143,44-45,11877991,,2301
county,40145,44-45,417557,,113
county,40147,44-45,681670,,173
county,40149,44-45,69903,,41
county,40151,44-45,119323,,44
county,40153,44-45,382574,,117
county,41001,44-45,182819,,82
county,41003,44-45,903295,,266
county,41005,44-45,5737739,,1175
county,41007,44-45,766179,,267
county,41009,44-45,395722,,128
county,41011,44-45,853527,,242
county,41013,44-45,210931,,68
county,41015,44-45,268592,,111
county,41017,44-45,3550506,,879
county,41019,44-45,1267969,,390
county,41021,44-45,18406,,13
county,41023,44-45,103234,,39
county,41025,44-45,160795,,30
county,41027,44-45,389360,,157
county,41029,44-45,3796179,,889
county,41031,44-45,178867,,57
county,41033,44-45,1208103,,323
county,41035,44-45,824663,,226
county,41037,44-45,108566,,26
county,41039,44-45,5373462,,1313
county,41041,44-45,675752,,294
county,41043,44-45,1424835,,368
county,41045,44-45,598329,,110
county,41047,44-45,5073553,,1137
county,41049,44-45,68774,,20
county,41051,44-45,11927713,,3084
county,41053,44-45,411536,,116
county,41055,44-45,59859,,7
county,41057,44-45,274768,,111
county,41059,44-45,885392,,225
county,41061,44-45,387510,,106
county,41063,44-45,71121,,49
county,41065,44-45,470309,,105
county,41067,44-45,11937536,,1598
county,41069,44-45,11227,,7
county,41071,44-45,1122210,,300
county,42001,44-45,978969,,337
county,42003,44-45,56465685,,4244
county,42005,44-45,574043,,200
county,42007,44-45,1626171,,504
county,42009,44-45,577252,,192
county,42011,44-45,5772327,,1186
county,42013,44-45,2721159,,530
county,42015,44-45,857406,,228
county,42017,44-45,10862097,,2289
county,42019,44-45,3268551,,674
county,42021,44-45,1773743,,534
county,42023,44-45,30445,,14
county,42025,44-45,602543,,179
county,42027,44-45,2052532,,461
county,42029,44-45,14687856,,1442
county,42031,44-45,463571,,165
county,42033,44-45,1277387,,339
county,42035,44-45,539717,,131
county,42037,44-45,919888,,229
county,42039,44-45,991004,,294
county,42041,44-45,6437108,,863
county,42043,44-45,4185295,,918
county,42045,44-45,7586136,,1645
county,42047,44-45,387581,,128
county,42049,44-45,3823453,,917
county,42051,44-45,1691628,,449
county,42053,44-45,19603,,18
county,42055,44-45,2075037,,487
county,42057,44-45,96884,,37
county,42059,44-45,738635,,125
county,42061,44-45,372599,,138
county,42063,44-45,1587565,,280
county,42065,44-45,492345,,156
county,42067,44-45,221240,,71
county,42069,44-45,3227724,,854
county,42071,44-45,8428827,,1926
county,42073,44-45,995262,,272
county,42075,44-45,1694484,,416
county,42077,44-45,8467458,,1282
county,42079,44-45,5166530,,1214
county,42081,44-45,1896419,,451
county,42083,44-45,466475,,160
county,42085,44-45,1565435,,483
county,42087,44-45,601113,,164
county,42089,44-45,2448453,,605
county,42091,44-45,18263601,,3169
county,42093,44-45,177648,,50
county,42095,44-45,4142323,,854
county,42097,44-45,947022,,288
county,42099,44-45,338390,,129
county,42101,44-45,14973009,,4540
county,42103,44-45,509594,,141
county,42105,44-45,164054,,71
county,42107,44-45,1388218,,454
county,42109,44-45,725061,,186
county,42111,44-45,798282,,248
county,42113,44-45,48325,,28
county,42115,44-45,440503,,134
county,42117,44-45,502302,,156
county,42119,44-45,540640,,137
county,42121,44-45,623759,,193
county,42123,44-45,597542,,128
county,42125,44-45,2763240,,642
county,42127,44-45,3116240,,206
county,42129,44-45,5515607,,1206
county,42131,44-45,425534,,111
county,42133,44-45,6119811,,1212
county,44001,44-45,297522,,138
county,44003,44-45,3554648,,662
county,44005,44-45,1125152,,427
county,44007,44-45,6772846,,2023
county,44009,44-45,2093363,,519
county,45001,44-45,108006,,61
county,45003,44-45,2013557,,506
county,45005,44-45,45166,,28
county,45007,44-45,2445478,,701
county,45009,44-45,126081,,56
county,45011,44-45,154566,,68
county,45013,44-45,2821722,,787
county,45015,44-45,2150735,,442
county,45017,44-45,86811,,34
county,45019,44-45,8586008,,2023
county,45021,44-45,771298,,218
county,45023,44-45,186916,,99
county,45025,44-45,325251,,133
county,45027,44-45,344449,,105
county,45029,44-45,430794,,139
county,45031,44-45,563211,,219
county,45033,44-45,354842,,115
county,45035,44-45,1271248,,325
county,45037,44-45,141429,,48
county,45039,44-45,218448,,60
county,45041,44-45,2500524,,668
county,45043,44-45,833406,,293
county,45045,44-45,7610683,,1783
county,45047,44-45,921844,,281
county,45049,44-45,168919,,79
county,45051,44-45,6602417,,1732
county,45053,44-45,911710,,105
county,45055,44-45,686723,,194
county,45057,44-45,781925,,242
county,45059,44-45,436883,,172
county,45061,44-45,82408,,41
county,45063,44-45,5858345,,1098
county,45065,44-45,27730,,20
county,45067,44-45,235252,,110
county,45069,44-45,177412,,86
county,45071,44-45,430974,,129
county,45073,44-45,879791,,253
county,45075,44-45,1018672,,338
county,45077,44-45,1476918,,346
county,45079,44-45,5482674,,1244
county,45081,44-45,117372,,47
county,45083,44-45,4906361,,1032
county,45085,44-45,1110304,,353
county,45087,44-45,188691,,91
county,45089,44-45,216786,,114
county,45091,44-45,3169323,,682
county,46003,44-45,29057,,9
county,46005,44-45,260020,,77
county,46007,44-45,28761,,15
county,46009,44-45,38817,,25
county,46011,44-45,400743,,108
county,46013,44-45,795425,,184
county,46015,44-45,81484,,43
county,46019,44-45,166686,,53
county,46021,44-45,6789,,7
county,46023,44-45,78293,,44
county,46025,44-45,29610,,14
county,46027,44-45,164138,,43
county,46029,44-45,678251,,190
county,46031,44-45,13382,,4
county,46033,44-45,69054,,33
county,46035,44-45,554197,,131
county,46037,44-45,81960,,33
county,46039,44-45,32501,,18
county,46041,44-45,23156,,10
county,46043,44-45,43696,,19
county,46045,44-45,42013,,22
county,46047,44-45,62102,,35
county,46049,44-45,16307,,7
county,46051,44-45,124316,,47
county,46053,44-45,64320,,34
county,46055,44-45,28025,,15
county,46057,44-45,56917,,18
county,46059,44-45,31601,,22
county,46061,44-45,5949,,5
county,46063,44-45,11591,,8
county,46065,44-45,378546,,96
county,46067,44-45,83680,,36
county,46069,44-45,16459,,6
county,46071,44-45,36016,,14
county,46073,44-45,12117,,9
county,46075,44-45,38176,,9
county,46077,44-45,29208,,22
county,46079,44-45,174013,,46
county,46081,44-45,493088,,143
county,46083,44-45,902489,,166
county,46085,44-45,65169,,15
county,46087,44-45,44741,,22
county,46089,44-45,12706,,13
county,46091,44-45,38683,,24
county,46093,44-45,308661,,91
county,46095,44-45,6825,,5
county,46097,44-45,17873,,14
county,46099,44-45,4066853,,812
county,46101,44-45,34425,,18
county,46102,44-45,45695,,15
county,46103,44-45,2701128,,577
county,46105,44-45,25794,,19
county,46107,44-45,17525,,18
county,46109,44-45,81468,,37
county,46111,44-45,,D,
county,46115,44-45,43519,,29
county,46117,44-45,75203,,20
county,46119,44-45,35117,,11
county,46121,44-45,46411,,17
county,46123,44-45,103397,,44
county,46125,44-45,44280,,32
county,46127,44-45,123611,,46
county,46129,44-45,100445,,47
county,46135,44-45,419003,,124
county,46137,44-45,20462,,8
county,47001,44-45,979543,,236
county,47003,44-45,423740,,144
county,47005,44-45,170358,,57
county,47007,44-45,35825,,21
county,47009,44-45,1649063,,373
county,47011,44-45,2087394,,347
county,47013,44-45,429425,,132
county,47015,44-45,68860,,37
county,47017,44-45,197117,,88
county,47019,44-45,442274,,140
county,47021,44-45,241676,,78
county,47023,44-45,130370,,54
county,47025,44-45,201747,,89
county,47027,44-45,42344,,30
county,47029,44-45,396087,,112
county,47031,44-45,844745,,256
county,47033,44-45,67185,,34
county,47035,44-45,774442,,232
county,47037,44-45,11329764,,2603
county,47039,44-45,90678,,47
county,47041,44-45,141409,,56
county,47043,44-45,722788,,180
county,47045,44-45,573557,,170
county,47047,44-45,340989,,81
county,47049,44-45,163324,,55
county,47051,44-45,399272,,133
county,47053,44-45,502600,,182
county,47055,44-45,359513,,123
county,47057,44-45,114136,,53
county,47059,44-45,744764,,208
county,47061,44-45,68792,,40
county,47063,44-45,1175487,,273
county,47065,44-45,7171793,,1367
county,47067,44-45,28153,,15
county,47069,44-45,138054,,70
county,47071,44-45,477377,,111
county,47073,44-45,353037,,113
county,47075,44-45,212749,,59
county,47077,44-45,301719,,108
county,47079,44-45,620107,,135
county,47081,44-45,122847,,58
county,47083,44-45,39569,,25
county,47085,44-45,206237,,66
county,47087,44-45,28296,,18
county,47089,44-45,580945,,127
county,47091,44-45,96264,,48
county,47093,44-45,8384110,,1720
county,47095,44-45,25016,,18
county,47097,44-45,134492,,71
county,47099,44-45,411304,,178
county,47101,44-45,212695,,44
county,47103,44-45,347734,,127
county,47105,44-45,572627,,143
county,47107,44-45,603401,,178
county,47109,44-45,143417,,82
county,47111,44-45,174103,,62
county,47113,44-45,2071363,,483
county,47115,44-45,428523,,98
county,47117,44-45,314707,,103
county,47119,44-45,1291820,,324
county,47121,44-45,46801,,29
county,47123,44-45,480662,,137
county,47125,44-45,2260958,,530
county,47127,44-45,19007,,17
county,47129,44-45,55355,,37
county,47131,44-45,463729,,124
county,47133,44-45,178434,,65
county,47135,44-45,45989,,28
county,47137,44-45,26894,,21
county,47139,44-45,74988,,49
county,47141,44-45,1459680,,350
county,47143,44-45,284520,,109
county,47145,44-45,396179,,139
county,47147,44-45,688709,,174
county,47149,44-45,4829546,,872
county,47151,44-45,176195,,74
county,47153,44-45,112000,,36
county,47155,44-45,1848867,,714
county,47157,44-45,22284402,,2992
county,47159,44-45,177979,,59
county,47161,44-45,48664,,26
county,47163,44-45,2394140,,549
county,47165,44-45,1832493,,460
county,47167,44-45,436474,,150
county,47169,44-45,69179,,26
county,47171,44-45,119034,,38
county,47173,44-45,90432,,38
county,47175,44-45,8821,,8
county,47177,44-45,422166,,157
county,47179,44-45,2323952,,518
county,47181,44-45,57651,,45
county,47183,44-45,283921,,102
county,47185,44-45,291073,,82
county,47187,44-45,4563108,,786
county,47189,44-45,1724541,,437
county,48001,44-45,598103,,159
county,48003,44-45,498593,,40
county,48005,44-45,1396416,,312
county,48007,44-45,315659,,74
county,48009,44-45,22208,,18
county,48013,44-45,590420,,127
county,48015,44-45,349803,,97
county,48017,44-45,46677,,19
county,48019,44-45,93714,,60
county,48021,44-45,1198675,,209
county,48023,44-45,32987,,13
county,48025,44-45,388952,,84
county,48027,44-45,4247320,,897
county,48029,44-45,27360887,,5114
county,48031,44-45,80311,,39
county,48035,44-45,105977,,58
county,48037,44-45,1779261,,392
county,48039,44-45,4728755,,842
county,48041,44-45,3005133,,655
county,48043,44-45,89988,,40
county,48045,44-45,12318,,9
county,48047,44-45,71238,,14
county,48049,44-45,581517,,167
county,48051,44-45,357092,,51
county,48053,44-45,749310,,166
county,48055,44-45,354979,,79
county,48057,44-45,502449,,65
county,48059,44-45,277143,,37
county,48061,44-45,4610826,,1045
county,48063,44-45,101558,,42
county,48065,44-45,53660,,25
county,48067,44-45,253960,,81
county,48069,44-45,41763,,34
county,48071,44-45,410555,,104
county,48073,44-45,394792,,127
county,48075,44-45,113727,,30
county,48077,44-45,41780,,24
county,48079,44-45,9246,,8
county,48081,44-45,20369,,11
county,48083,44-45,69105,,33
county,48085,44-45,19773547,,2754
county,48087,44-45,16765,,11
county,48089,44-45,303509,,108
county,48091,44-45,2607621,,431
county,48093,44-45,168452,,45
county,48095,44-45,18737,,15
county,48097,44-45,587277,,149
county,48099,44-45,530730,,132
county,48101,44-45,10939,,7
county,48103,44-45,34210,,12
county,48105,44-45,63815,,18
county,48107,44-45,46681,,18
county,48109,44-45,92228,,16
county,48111,44-45,94780,,32
county,48113,44-45,43896083,,7816
county,48115,44-45,370715,,42
county,48117,44-45,271845,,53
county,48119,44-45,16583,,12
county,48121,44-45,10212267,,1826
county,48123,44-45,243015,,65
county,48125,44-45,11848,,8
county,48127,44-45,143944,,29
county,48129,44-45,23139,,13
county,48131,44-45,66716,,22
county,48133,44-45,273878,,76
county,48135,44-45,3004428,,460
county,48137,44-45,24655,,7
county,48139,44-45,1812448,,391
county,48141,44-45,9956349,,2272
county,48143,44-45,557586,,161
county,48145,44-45,167517,,48
county,48147,44-45,304395,,79
county,48149,44-45,435257,,112
county,48151,44-45,14838,,15
county,48153,44-45,20313,,16
county,48155,44-45,5494,,5
county,48157,44-45,9259683,,1769
county,48159,44-45,100249,,28
county,48161,44-45,177523,,56
county,48163,44-45,176923,,51
county,48165,44-45,138253,,59
county,48167,44-45,4498344,,944
county,48169,44-45,49636,,19
county,48171,44-45,402058,,169
county,48175,44-45,45023,,16
county,48177,44-45,251746,,63
county,48179,44-45,256409,,86
county,48181,44-45,1912742,,428
county,48183,44-45,2928784,,636
county,48185,44-45,194900,,67
county,48187,44-45,1674996,,269
county,48189,44-45,453626,,104
county,48191,44-45,33372,,12
county,48193,44-45,88362,,47
county,48195,44-45,72857,,25
county,48197,44-45,60664,,14
county,48199,44-45,964913,,153
county,48201,44-45,70018544,,13165
county,48203,44-45,604614,,175
county,48205,44-45,53624,,11
county,48207,44-45,118625,,26
county,48209,44-45,4967714,,658
county,48211,44-45,35567,,18
county,48213,44-45,755331,,238
county,48215,44-45,9923356,,2162
county,48217,44-45,430578,,133
county,48219,44-45,235954,,59
county,48221,44-45,990065,,186
county,48223,44-45,576469,,145
county,48225,44-45,182093,,59
county,48227,44-45,,D,
county,48229,44-45,8598,,8
county,48231,44-45,1263036,,265
county,48233,44-45,244291,,68
county,48235,44-45,5946,,5
county,48237,44-45,51608,,26
county,48239,44-45,132006,,50
county,48241,44-45,434886,,114
county,48243,44-45,10442,,11
county,48245,44-45,4419476,,950
county,48247,44-45,66144,,18
county,48249,44-45,473093,,120
county,48251,44-45,2255753,,404
county,48253,44-45,192741,,37
county,48255,44-45,151400,,41
county,48257,44-45,1351512,,298
county,48259,44-45,1381108,,174
county,48263,44-45,9179,,3
county,48265,44-45,887805,,203
county,48267,44-45,123075,,34
county,48271,44-45,6161,,8
county,48273,44-45,444226,,98
county,48275,44-45,30512,,17
county,48277,44-45,903090,,212
county,48279,44-45,91554,,33
county,48281,44-45,254669,,47
county,48283,44-45,157327,,22
county,48285,44-45,177312,,82
county,48287,44-45,158633,,63
county,48289,44-45,182289,,62
county,48291,44-45,842284,,197
county,48293,44-45,270240,,86
county,48295,44-45,62187,,11
county,48297,44-45,208160,,41
county,48299,44-45,175116,,67
county,48303,44-45,5616915,,987
county,48305,44-45,22458,,8
county,48307,44-45,152901,,47
county,48309,44-45,3711773,,837
county,48311,44-45,26164,,5
county,48313,44-45,299167,,37
county,48315,44-45,60685,,27
county,48317,44-45,115369,,13
county,48319,44-45,39567,,24
county,48321,44-45,359987,,129
county,48323,44-45,661755,,166
county,48325,44-45,627131,,108
county,48327,44-45,12709,,9
county,48329,44-45,3322417,,514
county,48331,44-45,187966,,58
county,48333,44-45,62223,,18
county,48335,44-45,67259,,28
county,48337,44-45,197040,,72
county,48339,44-45,7741918,,1447
county,48341,44-45,258073,,65
county,48343,44-45,69104,,38
county,48345,44-45,4359,,3
county,48347,44-45,849798,,221
county,48349,44-45,652701,,161
county,48351,44-45,76449,,29
county,48353,44-45,256964,,66
county,48355,44-45,5391186,,1078
county,48357,44-45,120325,,44
county,48359,44-45,,D,
county,48361,44-45,966048,,255
county,48363,44-45,271734,,90
county,48365,44-45,237802,,76
county,48367,44-45,2292844,,356
county,48369,44-45,38534,,24
county,48371,44-45,287581,,59
county,48373,44-45,570535,,132
county,48375,44-45,2026741,,489
county,48377,44-45,51710,,27
county,48379,44-45,136353,,28
county,48381,44-45,1882883,,357
county,48383,44-45,64008,,10
county,48385,44-45,22406,,15
county,48387,44-45,61628,,36
county,48389,44-45,244626,,29
county,48391,44-45,91257,,18
county,48395,44-45,172294,,52
county,48397,44-45,1834287,,287
county,48399,44-45,123881,,44
county,48401,44-45,337908,,99
county,48403,44-45,61071,,37
county,48405,44-45,60833,,25
county,48407,44-45,54197,,30
county,48409,44-45,776225,,148
county,48411,44-45,40835,,32
county,48413,44-45,10716,,8
county,48415,44-45,263501,,57
county,48417,44-45,23016,,17
county,48419,44-45,233614,,81
county,48421,44-45,58912,,10
county,48423,44-45,4074641,,839
county,48425,44-45,44530,,28
county,48427,44-45,474637,,130
county,48429,44-45,107081,,40
county,48431,44-45,22364,,4
county,48433,44-45,9706,,8
county,48435,44-45,59228,,23
county,48437,44-45,57034,,17
county,48439,44-45,36282127,,6078
county,48441,44-45,2430444,,538
county,48443,44-45,4886,,4
county,48445,44-45,104838,,36
county,48447,44-45,6534,,9
county,48449,44-45,488942,,113
county,48451,44-45,1964817,,421
county,48453,44-45,19457339,,3815
county,48455,44-45,47586,,28
county,48457,44-45,126392,,45
county,48459,44-45,214959,,75
county,48461,44-45,24441,,8
county,48463,44-45,398538,,104
county,48465,44-45,645623,,146
county,48467,44-45,507510,,134
county,48469,44-45,1751019,,369
county,48471,44-45,915388,,177
county,48473,44-45,532934,,96
county,48475,44-45,146101,,27
county,48477,44-45,583323,,138
county,48479,44-45,3360095,,798
county,48481,44-45,634607,,159
county,48483,44-45,66462,,27
county,48485,44-45,1938908,,473
county,48487,44-45,298654,,43
county,48489,44-45,88736,,31
county,48491,44-45,9915963,,1448
county,48493,44-45,528143,,92
county,48495,44-45,92212,,21
county,48497,44-45,910684,,170
county,48499,44-45,503087,,119
county,48501,44-45,67695,,30
county,48503,44-45,211944,,70
county,48505,44-45,69736,,30
county,48507,44-45,36787,,17
county,49001,44-45,133561,,34
county,49003,44-45,566513,,159
county,49005,44-45,1933755,,473
county,49007,44-45,298091,,70
county,49009,44-45,4840,,8
county,49011,44-45,4572163,,953
county,49013,44-45,239168,,77
county,49015,44-45,91659,,43
county,49017,44-45,31906,,21
county,49019,44-45,220186,,77
county,49021,44-45,676224,,195
county,49023,44-45,91676,,33
county,49025,44-45,72208,,38
county,49027,44-45,181760,,56
county,49029,44-45,55492,,35
county,49031,44-45,4826,,6
county,49033,44-45,8856,,8
county,49035,44-45,23434682,,3525
county,49037,44-45,99001,,41
county,49039,44-45,207679,,83
county,49041,44-45,358807,,89
county,49043,44-45,1313056,,331
county,49045,44-45,546516,,102
county,49047,44-45,446280,,135
county,49049,44-45,7988510,,1915
county,49051,44-45,305105,,95
county,49053,44-45,2651318,,628
county,49055,44-45,39240,,16
county,49057,44-45,3435233,,749
county,50001,44-45,622497,,174
county,50003,44-45,801158,,251
county,50005,44-45,524310,,160
county,50007,44-45,3361058,,813
county,50009,44-45,13939,,16
county,50011,44-45,830000,,176
county,50013,44-45,42841,,25
county,50015,44-45,390905,,158
county,50017,44-45,225627,,82
county,50019,44-45,378028,,135
county,50021,44-45,1124499,,375
county,50023,44-45,1112090,,347
county,50025,44-45,574092,,232
county,50027,44-45,810237,,275
county,51001,44-45,366852,,161
county,51003,44-45,1958614,,359
county,51005,44-45,101835,,45
county,51007,44-45,60677,,22
county,51009,44-45,302752,,88
county,51011,44-45,167971,,55
county,51013,44-45,2701150,,559
county,51015,44-45,663449,,193
county,51017,44-45,16485,,17
county,51019,44-45,718797,,221
county,51021,44-45,25969,,13
county,51023,44-45,224093,,82
county,51025,44-45,90116,,40
county,51027,44-45,164018,,74
county,51029,44-45,72915,,42
county,51031,44-45,513395,,189
county,51033,44-45,306924,,56
county,51035,44-45,237775,,81
county,51036,44-45,19321,,10
county,51037,44-45,59614,,36
county,51041,44-45,6746095,,963
county,51043,44-45,94547,,38
county,51045,44-45,22506,,9
county,51047,44-45,671176,,156
county,51049,44-45,40405,,26
county,51051,44-45,103536,,48
county,51053,44-45,148106,,49
county,51057,44-45,221169,,63
county,51059,44-45,16029985,,2681
county,51061,44-45,1009515,,225
county,51063,44-45,74838,,46
county,51065,44-45,85560,,37
county,51067,44-45,515395,,189
county,51069,44-45,1297827,,209
county,51071,44-45,178370,,57
county,51073,44-45,525400,,146
county,51075,44-45,190047,,58
county,51077,44-45,40294,,27
county,51079,44-45,193026,,53
county,51081,44-45,152043,,23
county,51083,44-45,357669,,125
county,51085,44-45,2076996,,368
county,51087,44-45,6237037,,1255
county,51089,44-45,443833,,155
county,51091,44-45,10486,,16
county,51093,44-45,203843,,99
county,51095,44-45,749300,,295
county,51097,44-45,19345,,10
county,51099,44-45,343233,,60
county,51101,44-45,141420,,50
county,51103,44-45,177008,,80
county,51105,44-45,149990,,70
county,51107,44-45,6080362,,1039
county,51109,44-45,355415,,83
county,51111,44-45,60514,,37
county,51113,44-45,140263,,39
county,51115,44-45,45172,,25
county,51117,44-45,498792,,158
county,51119,44-45,101708,,54
county,51121,44-45,1117119,,306
county,51125,44-45,201626,,48
county,51127,44-45,179689,,47
county,51131,44-45,111542,,61
county,51133,44-45,71605,,46
county,51135,44-45,135063,,64
county,51137,44-45,407274,,108
county,51139,44-45,170350,,75
county,51141,44-45,175103,,48
county,51143,44-45,260438,,121
county,51145,44-45,332249,,78
county,51147,44-45,383731,,99
county,51149,44-45,287311,,65
county,51153,44-45,6350630,,1169
county,51155,44-45,392810,,98
county,51157,44-45,33592,,25
county,51159,44-45,59033,,28
county,51161,44-45,1126152,,266
county,51163,44-45,366326,,72
county,51165,44-45,454963,,221
county,51167,44-45,276188,,78
county,51169,44-45,168074,,69
county,51171,44-45,562291,,147
county,51173,44-45,272651,,110
county,51175,44-45,61249,,37
county,51177,44-45,2480966,,451
county,51179,44-45,1362367,,281
county,51181,44-45,12238,,12
county,51183,44-45,103309,,41
county,51185,44-45,721258,,186
county,51187,44-45,529296,,129
county,51191,44-45,812714,,191
county,51193,44-45,115959,,51
county,51195,44-45,454533,,150
county,51197,44-45,699947,,125
county,51199,44-45,960650,,209
county,51510,44-45,2548867,,475
county,51520,44-45,447482,,139
county,51530,44-45,37015,,23
county,51540,44-45,714865,,281
county,51550,44-45,4182025,,785
county,51570,44-45,738527,,169
county,51580,44-45,144507,,43
county,51590,44-45,1144016,,302
county,51595,44-45,125722,,54
county,51600,44-45,1721961,,217
county,51610,44-45,457845,,103
county,51620,44-45,234750,,58
county,51630,44-45,1014966,,261
county,51640,44-45,242323,,69
county,51650,44-45,1568965,,423
county,51660,44-45,1378831,,325
county,51670,44-45,162670,,72
county,51678,44-45,94711,,41
county,51680,44-45,2162886,,355
county,51683,44-45,961789,,176
county,51685,44-45,96180,,24
county,51690,44-45,301909,,91
county,51700,44-45,2596653,,648
county,51710,44-45,2696254,,830
county,51720,44-45,185210,,45
county,51730,44-45,940745,,141
county,51735,44-45,57391,,27
county,51740,44-45,627257,,261
county,51750,44-45,95327,,42
county,51760,44-45,2260391,,790
county,51770,44-45,2603496,,533
county,51775,44-45,524458,,151
county,51790,44-45,449738,,133
county,51800,44-45,1160588,,238
county,51810,44-45,6155309,,1506
county,51820,44-45,483769,,122
county,51830,44-45,310256,,121
county,51840,44-45,1017190,,284
county,53001,44-45,210342,,53
county,53003,44-45,324959,,50
county,53005,44-45,2949848,,606
county,53007,44-45,1141642,,385
county,53009,44-45,945907,,279
county,53011,44-45,5497007,,1045
county,53013,44-45,24370,,17
county,53015,44-45,1485425,,333
county,53017,44-45,522872,,95
county,53019,44-45,45301,,29
county,53021,44-45,1294958,,207
county,53023,44-45,10656,,9
county,53025,44-45,946985,,287
county,53027,44-45,780567,,281
county,53029,44-45,565522,,227
county,53031,44-45,259176,,136
county,53033,44-45,89586707,,6581
county,53035,44-45,3319099,,739
county,53037,44-45,615979,,168
county,53039,44-45,81662,,49
county,53041,44-45,1079422,,309
county,53043,44-45,73354,,35
county,53045,44-45,504041,,135
county,53047,44-45,499354,,196
county,53049,44-45,139537,,78
county,53051,44-45,61658,,28
county,53053,44-45,13775903,,2169
county,53055,44-45,180240,,116
county,53057,44-45,2272095,,538
county,53059,44-45,35405,,22
county,53061,44-45,11584884,,2192
county,53063,44-45,7847030,,1635
county,53065,44-45,321920,,109
county,53067,44-45,3958772,,796
county,53069,44-45,8128,,8
county,53071,44-45,560755,,171
county,53073,44-45,3225182,,817
county,53075,44-45,411293,,91
county,53077,44-45,3136828,,730
county,54001,44-45,77127,,29
county,54003,44-45,1110316,,241
county,54005,44-45,214448,,60
county,54007,44-45,200673,,51
county,54009,44-45,284190,,60
county,54011,44-45,1478411,,417
county,54013,44-45,22949,,16
county,54015,44-45,38639,,15
county,54017,44-45,25401,,8
county,54019,44-45,340357,,128
county,54021,44-45,35144,,20
county,54023,44-45,107012,,41
county,54025,44-45,575097,,165
county,54027,44-45,121953,,52
county,54029,44-45,184623,,83
county,54031,44-45,174490,,42
county,54033,44-45,1340944,,303
county,54035,44-45,368839,,84
county,54037,44-45,513072,,139
county,54039,44-45,3151412,,675
county,54041,44-45,271904,,63
county,54043,44-45,71852,,36
county,54045,44-45,508501,,116
county,54047,44-45,97959,,49
county,54049,44-45,753036,,185
county,54051,44-45,354885,,77
county,54053,44-45,153861,,60
county,54055,44-45,818211,,221
county,54057,44-45,263483,,71
county,54059,44-45,106251,,61
county,54061,44-45,1718070,,376
county,54063,44-45,29902,,25
county,54065,44-45,114071,,43
county,54067,44-45,403054,,100
county,54069,44-45,876950,,193
county,54071,44-45,38605,,26
county,54073,44-45,34152,,15
county,54075,44-45,75824,,30
county,54077,44-45,253570,,89
county,54079,44-45,752407,,160
county,54081,44-45,1503366,,332
county,54083,44-45,379538,,122
county,54085,44-45,94653,,37
county,54087,44-45,136433,,42
county,54089,44-45,66852,,28
county,54091,44-45,121998,,32
county,54093,44-45,64044,,26
county,54095,44-45,44681,,20
county,54097,44-45,270113,,80
county,54099,44-45,354893,,101
county,54101,44-45,43747,,25
county,54103,44-45,223123,,72
county,54105,44-45,14178,,10
county,54107,44-45,1545322,,350
county,54109,44-45,133192,,61
county,55001,44-45,121078,,48
county,55003,44-45,237220,,87
county,55005,44-45,840642,,224
county,55007,44-45,85883,,68
county,55009,44-45,4385374,,854
county,55011,44-45,84091,,41
county,55013,44-45,111901,,65
county,55015,44-45,454269,,105
county,55017,44-45,1322052,,208
county,55019,44-45,290580,,113
county,55021,44-45,885434,,204
county,55023,44-45,246309,,70
county,55025,44-45,10139216,,1671
county,55027,44-45,860556,,233
county,55029,44-45,511367,,251
county,55031,44-45,630202,,148
county,55033,44-45,526564,,117
county,55035,44-45,1979236,,376
county,55037,44-45,31051,,15
county,55039,44-45,1719907,,332
county,55041,44-45,63752,,29
county,55043,44-45,658641,,186
county,55045,44-45,1168659,,149
county,55047,44-45,285793,,67
county,55049,44-45,1513927,,75
county,55051,44-45,45151,,27
county,55053,44-45,249954,,62
county,55055,44-45,1283037,,270
county,55057,44-45,301247,,88
county,55059,44-45,5498594,,509
county,55061,44-45,138983,,59
county,55063,44-45,2341782,,420
county,55065,44-45,139857,,41
county,55067,44-45,575988,,90
county,55069,44-45,340997,,111
county,55071,44-45,909343,,252
county,55073,44-45,3159278,,449
county,55075,44-45,596609,,180
county,55077,44-45,68209,,40
county,55078,44-45,8461,,5
county,55079,44-45,10997651,,2629
county,55081,44-45,599682,,134
county,55083,44-45,300237,,99
county,55085,44-45,884165,,228
county,55087,44-45,3661623,,728
county,55089,44-45,1418889,,314
county,55091,44-45,62702,,31
county,55093,44-45,260099,,95
county,55095,44-45,516091,,156
county,55097,44-45,1099887,,225
county,55099,44-45,128672,,68
county,55101,44-45,2409478,,559
county,55103,44-45,228475,,64
county,55105,44-45,2631513,,510
county,55107,44-45,152178,,50
county,55109,44-45,1668956,,260
county,55111,44-45,1173510,,309
county,55113,44-45,264767,,96
county,55115,44-45,424799,,115
county,55117,44-45,1729423,,379
county,55119,44-45,245697,,69
county,55121,44-45,319902,,100
county,55123,44-45,317180,,92
county,55125,44-45,309047,,143
county,55127,44-45,1511761,,370
county,55129,44-45,189397,,81
county,55131,44-45,2074229,,365
county,55133,44-45,7073678,,1296
county,55135,44-45,585242,,173
county,55137,44-45,263797,,71
county,55139,44-45,2335153,,487
county,55141,44-45,1114691,,273
county,56001,44-45,458617,,125
county,56003,44-45,76041,,41
county,56005,44-45,790347,,174
county,56007,44-45,270258,,79
county,56009,44-45,106749,,53
county,56011,44-45,47840,,25
county,56013,44-45,618001,,152
county,56015,44-45,94741,,42
county,56017,44-45,31690,,25
county,56019,44-45,87281,,59
county,56021,44-45,1707891,,372
county,56023,44-45,213461,,90
county,56025,44-45,1386045,,344
county,56027,44-45,25552,,11
county,56029,44-45,459337,,169
county,56031,44-45,113212,,41
county,56033,44-45,545560,,152
county,56035,44-45,100334,,43
county,56037,44-45,835433,,172
county,56039,44-45,641125,,254
county,56041,44-45,347159,,86
county,56043,44-45,89316,,43
county,56045,44-45,78384,,31
county,01001,441,,D,
county,01003,441,938784,,121
county,01005,441,25986,,12
county,01007,441,4888,,7
county,01009,441,74466,,24
county,01013,441,20671,,12
county,01015,441,436824,,69
county,01017,441,62693,,21
county,01019,441,12938,,12
county,01021,441,149226,,21
county,01023,441,10339,,7
county,01025,441,78219,,24
county,01027,441,9939,,5
county,01029,441,66193,,8
county,01031,441,302036,,32
county,01033,441,175087,,30
county,01035,441,,D,
county,01039,441,73976,,28
county,01041,441,1704,,3
county,01043,441,355120,,51
county,01045,441,80125,,19
county,01047,441,82212,,25
county,01049,441,163148,,34
county,01051,441,,D,
county,01053,441,101962,,28
county,01055,441,413399,,57
county,01057,441,25493,,10
county,01059,441,10578,,12
county,01061,441,8675,,12
county,01065,441,5083,,4
county,01067,441,22826,,8
county,01069,441,653900,,70
county,01071,441,97623,,19
county,01073,441,2928342,,282
county,01075,441,14367,,11
county,01077,441,255283,,57
county,01079,441,13530,,11
county,01081,441,483477,,63
county,01083,441,169253,,36
county,01089,441,1521953,,140
county,01091,441,28406,,11
county,01093,441,54750,,20
county,01095,441,629125,,75
county,01097,441,1421148,,203
county,01099,441,50650,,15
county,01101,441,998083,,110
county,01103,441,560660,,61
county,01105,441,1306,,3
county,01107,441,7208,,9
county,01109,441,99260,,19
county,01111,441,21271,,12
county,01113,441,69324,,27
county,01115,441,80057,,34
county,01117,441,1218305,,98
county,01119,441,1672,,5
county,01121,441,157869,,42
county,01123,441,86302,,26
county,01125,441,693829,,89
county,01127,441,265718,,44
county,01129,441,21407,,5
county,01133,441,,D,
county,02020,441,1203457,,107
county,02050,441,,D,
county,02090,441,380249,,49
county,02100,441,1616,,3
county,02110,441,50744,,11
county,02122,441,134667,,40
county,02130,441,16779,,7
county,02150,441,13219,,9
county,02170,441,255097,,35
county,02180,441,6543,,3
county,02195,441,5130,,3
county,02198,441,5726,,3
county,02220,441,,D,
county,02240,441,11056,,4
county,02275,441,4973,,4
county,04001,441,,D,
county,04003,441,282091,,47
county,04005,441,381728,,46
county,04007,441,107151,,22
county,04009,441,121852,,14
county,04012,441,44515,,19
county,04013,441,19476540,,1187
county,04015,441,743031,,110
county,04017,441,224448,,41
county,04019,441,2844183,,303
county,04021,441,381445,,73
county,04023,441,66759,,20
county,04025,441,609068,,89
county,04027,441,520759,,83
county,05001,441,48172,,11
county,05003,441,21680,,10
county,05005,441,124098,,33
county,05007,441,1233393,,104
county,05009,441,188481,,33
county,05011,441,3084,,4
county,05015,441,38532,,14
county,05017,441,2049,,6
county,05019,441,33788,,15
county,05021,441,39395,,8
county,05023,441,197060,,20
county,05027,441,26377,,11
county,05029,441,48864,,11
county,05031,441,458492,,67
county,05033,441,59952,,24
county,05035,441,86262,,19
county,05037,441,77224,,10
county,05039,441,21332,,8
county,05041,441,20351,,11
county,05043,441,45189,,9
county,05045,441,551185,,59
county,05047,441,52218,,6
county,05049,441,12448,,4
county,05051,441,494800,,65
county,05053,441,,D,
county,05055,441,162235,,31
county,05057,441,38705,,9
county,05059,441,69013,,15
county,05061,441,37384,,8
county,05063,441,127274,,19
county,05065,441,37982,,8
county,05067,441,90531,,11
county,05069,441,,D,
county,05071,441,60477,,12
county,05075,441,55352,,11
county,05077,441,,D,
county,05081,441,33113,,9
county,05083,441,39060,,11
county,05085,441,74004,,29
county,05087,441,,D,
county,05089,441,8480,,7
county,05091,441,20291,,18
county,05093,441,57697,,24
county,05095,441,13007,,4
county,05097,441,1777,,3
county,05103,441,,D,
county,05107,441,,D,
county,05111,441,13177,,10
county,05113,441,18763,,14
county,05115,441,195381,,50
county,05117,441,7663,,6
county,05119,441,2676145,,214
county,05121,441,7368,,6
county,05123,441,27737,,13
county,05125,441,309728,,40
county,05131,441,644166,,79
county,05133,441,63515,,14
county,05135,441,25703,,12
county,05137,441,29318,,10
county,05139,441,123219,,26
county,05141,441,,D,
county,05143,441,1194408,,120
county,05145,441,253264,,53
county,05147,441,2792,,3
county,05149,441,11230,,4
county,06001,441,9699136,,365
county,06005,441,,D,
county,06007,441,471610,,83
county,06009,441,10977,,8
county,06011,441,56943,,10
county,06013,441,3394827,,263
county,06015,441,16435,,8
county,06017,441,334108,,46
county,06019,441,2853243,,333
county,06021,441,49228,,12
county,06023,441,346354,,60
county,06025,441,284847,,59
county,06027,441,38722,,11
county,06029,441,2206250,,261
county,06031,441,345713,,46
county,06033,441,43283,,20
county,06035,441,51930,,9
county,06037,441,32733353,,2223
county,06039,441,158047,,43
county,06041,441,992029,,62
county,06043,441,,D,
county,06045,441,235132,,38
county,06047,441,426611,,80
county,06049,441,9215,,4
county,06053,441,1300848,,137
county,06055,441,269429,,32
county,06057,441,52779,,25
county,06059,441,13946065,,857
county,06061,441,2728345,,151
county,06063,441,,D,
county,06065,441,7549282,,598
county,06067,441,5082130,,463
county,06069,441,100145,,17
county,06071,441,7261792,,609
county,06073,441,11363059,,914
county,06075,441,1295745,,63
county,06077,441,1935314,,233
county,06079,441,799637,,103
county,06081,441,2782411,,155
county,06083,441,1219196,,130
county,06085,441,6903734,,369
county,06087,441,1816072,,68
county,06089,441,696913,,84
county,06093,441,41405,,22
county,06095,441,1874298,,141
county,06097,441,1868767,,151
county,06099,441,1699691,,202
county,06101,441,261417,,39
county,06103,441,230139,,20
county,06105,441,4621,,4
county,06107,441,821813,,142
county,06109,441,102257,,19
county,06111,441,4156363,,238
county,06113,441,733201,,72
county,06115,441,106468,,11
county,08001,441,2051192,,188
county,08003,441,58561,,14
county,08005,441,4548010,,233
county,08007,441,,D,
county,08009,441,2136,,4
county,08013,441,1209342,,92
county,08014,441,191014,,22
county,08015,441,92913,,15
county,08029,441,63284,,18
county,08031,441,1270896,,187
county,08035,441,1165512,,64
county,08037,441,21974,,13
county,08039,441,27845,,5
county,08041,441,2676152,,244
county,08043,441,83354,,21
county,08045,441,,D,
county,08049,441,20084,,7
county,08051,441,24933,,9
county,08059,441,2178397,,189
county,08063,441,16988,,8
county,08067,441,248250,,26
county,08069,441,1760685,,127
county,08071,441,,D,
county,08075,441,77126,,17
county,08077,441,623649,,86
county,08081,441,46184,,10
county,08083,441,78201,,15
county,08085,441,109625,,21
county,08087,441,56653,,20
county,08089,441,22783,,11
county,08093,441,,D,
county,08095,441,6315,,6
county,08099,441,,D,
county,08101,441,404666,,70
county,08103,441,9119,,5
county,08105,441,13477,,7
county,08107,441,51887,,10
county,08117,441,94114,,12
county,08119,441,11367,,9
county,08121,441,7523,,3
county,08123,441,1451530,,115
county,08125,441,39426,,10
county,09001,441,3851816,,243
county,09003,441,3115280,,311
county,09005,441,826679,,78
county,09007,441,535248,,61
county,09009,441,2880078,,279
county,09011,441,960803,,106
county,09013,441,472105,,51
county,09015,441,337624,,44
county,10001,441,1057972,,86
county,10003,441,2257347,,182
county,10005,441,655609,,109
county,11001,441,31364,,28
county,12001,441,,D,
county,12003,441,48552,,9
county,12005,441,789849,,92
county,12007,441,123064,,14
county,12009,441,2038522,,261
county,12011,441,11265147,,879
county,12013,441,12225,,7
county,12015,441,756225,,88
county,12017,441,707097,,78
county,12019,441,456084,,77
county,12021,441,2304895,,127
county,12023,441,228078,,38
county,12027,441,72954,,17
county,12029,441,3697,,3
county,12031,441,5030116,,462
county,12033,441,1368015,,152
county,12035,441,177571,,29
county,12037,441,6247,,3
county,12039,441,97864,,21
county,12041,441,,D,
county,12045,441,4208,,4
county,12047,441,10141,,6
county,12049,441,29589,,16
county,12051,441,33454,,11
county,12053,441,317289,,51
county,12055,441,390111,,55
county,12057,441,6157388,,562
county,12059,441,,D,
county,12061,441,462341,,58
county,12063,441,120121,,28
county,12065,441,4195,,6
county,12069,441,1358218,,151
county,12071,441,3193647,,300
county,12073,441,1102448,,126
county,12075,441,81070,,19
county,12079,441,,D,
county,12081,441,1320087,,142
county,12083,441,1330901,,155
county,12085,441,1007118,,111
county,12086,441,12002312,,1078
county,12087,441,431814,,55
county,12089,441,112485,,24
county,12091,441,1153537,,108
county,12093,441,133811,,23
county,12095,441,6571947,,562
county,12097,441,420915,,121
county,12099,441,6560464,,456
county,12101,441,2395977,,203
county,12103,441,4041783,,413
county,12105,441,2389487,,249
county,12107,441,188498,,34
county,12109,441,836800,,71
county,12111,441,1040347,,111
county,12113,441,195086,,45
county,12115,441,2537104,,177
county,12117,441,1878542,,197
county,12119,441,115348,,26
county,12121,441,97968,,24
county,12123,441,50339,,14
county,12125,441,3456,,4
county,12127,441,2346283,,268
county,12129,441,23648,,10
county,12131,441,48763,,15
county,12133,441,11779,,8
county,13001,441,417609,,12
county,13003,441,4387,,4
county,13005,441,5669,,10
county,13009,441,,D,
county,13013,441,,D,
county,13015,441,240320,,49
county,13017,441,40865,,6
county,13019,441,21563,,7
county,13021,441,740801,,89
county,13023,441,12050,,3
county,13025,441,,D,
county,13027,441,40750,,5
county,13029,441,15574,,6
county,13031,441,230021,,33
county,13033,441,75228,,9
county,13035,441,,D,
county,13037,441,2471,,3
county,13039,441,129720,,19
county,13043,441,53496,,6
county,13045,441,339840,,50
county,13047,441,129768,,20
county,13049,441,4713,,6
county,13051,441,1374886,,118
county,13055,441,8195,,10
county,13057,441,576708,,79
county,13059,441,608156,,53
county,13063,441,1319201,,110
county,13065,441,1873,,3
county,13067,441,3891441,,300
county,13069,441,148565,,33
county,13071,441,107505,,32
county,13073,441,759126,,56
county,13075,441,41351,,10
county,13077,441,532249,,50
county,13081,441,24699,,11
county,13083,441,,D,
county,13085,441,105233,,10
county,13087,441,78380,,19
county,13089,441,2580419,,212
county,13091,441,,D,
county,13093,441,56558,,5
county,13095,441,405474,,54
county,13097,441,650729,,61
county,13099,441,12769,,6
county,13103,441,67326,,12
county,13105,441,10922,,9
county,13107,441,69548,,11
county,13109,441,81859,,10
county,13111,441,91649,,13
county,13113,441,195434,,41
county,13115,441,305632,,47
county,13117,441,678936,,92
county,13119,441,93934,,18
county,13121,441,4012620,,235
county,13123,441,41355,,14
county,13127,441,373054,,43
county,13129,441,42325,,25
county,13131,441,55635,,10
county,13133,441,68037,,6
county,13135,441,4826609,,330
county,13137,441,106272,,24
county,13139,441,967698,,103
county,13143,441,115199,,14
county,13145,441,,D,
county,13147,441,9241,,11
county,13151,441,658597,,64
county,13153,441,563988,,51
county,13155,441,1533,,3
county,13157,441,113144,,27
county,13161,441,22017,,10
county,13163,441,15672,,10
county,13167,441,700,,3
county,13169,441,,D,
county,13171,441,23302,,4
county,13173,441,2133,,4
county,13175,441,164826,,24
county,13177,441,85264,,9
county,13179,441,,D,
county,13185,441,464155,,76
county,13187,441,44860,,8
county,13189,441,86544,,11
county,13191,441,,D,
county,13193,441,3901,,3
county,13195,441,,D,
county,13197,441,,D,
county,13199,441,,D,
county,13201,441,,D,
county,13205,441,8758,,10
county,13207,441,48074,,11
county,13209,441,6398,,4
county,13211,441,,D,
county,13213,441,29301,,15
county,13215,441,822579,,89
county,13217,441,181580,,29
county,13219,441,9431,,8
county,13223,441,339782,,41
county,13225,441,178444,,22
county,13227,441,106143,,15
county,13229,441,20676,,7
county,13233,441,49126,,21
county,13235,441,30994,,6
county,13237,441,11418,,7
county,13241,441,43308,,7
county,13245,441,580956,,83
county,13247,441,358915,,49
county,13251,441,13435,,7
county,13253,441,4608,,6
county,13255,441,199389,,30
county,13257,441,35392,,15
county,13259,441,1458,,3
county,13261,441,,D,
county,13267,441,3755,,5
county,13269,441,5481,,5
county,13271,441,,D,
county,13273,441,41714,,5
county,13275,441,181744,,21
county,13277,441,235353,,29
county,13279,441,153725,,28
county,13281,441,4145,,5
county,13283,441,1878,,3
county,13285,441,242395,,36
county,13287,441,50674,,6
county,13291,441,27982,,10
county,13293,441,18024,,9
county,13295,441,46210,,15
county,13297,441,198628,,27
county,13299,441,193738,,29
county,13303,441,13368,,8
county,13305,441,56372,,18
county,13311,441,110267,,17
county,13313,441,277923,,51
county,13317,441,3193,,5
county,13321,441,47284,,7
county,15001,441,516465,,67
county,15003,441,2713094,,207
county,15007,441,163787,,13
county,15009,441,449691,,46
county,16001,441,1983559,,197
county,16005,441,351108,,50
county,16007,441,16885,,6
county,16009,441,10183,,4
county,16011,441,77997,,20
county,16013,441,,D,
county,16017,441,93126,,26
county,16019,441,621394,,77
county,16021,441,14338,,5
county,16027,441,932447,,97
county,16029,441,42011,,7
county,16031,441,132473,,21
county,16035,441,,D,
county,16039,441,50537,,13
county,16041,441,66809,,11
county,16043,441,31074,,10
county,16045,441,13032,,8
county,16047,441,10227,,10
county,16049,441,21004,,8
county,16051,441,95058,,15
county,16053,441,56111,,19
county,16055,441,896446,,95
county,16057,441,27220,,11
county,16059,441,34702,,8
county,16061,441,13485,,4
county,16065,441,197699,,19
county,16067,441,26366,,12
county,16069,441,286292,,40
county,16071,441,,D,
county,16073,441,,D,
county,16075,441,45982,,10
county,16077,441,8621,,4
county,16079,441,,D,
county,16081,441,5428,,7
county,16083,441,399936,,54
county,16085,441,19115,,6
county,16087,441,,D,
county,17001,441,,D,
county,17005,441,,D,
county,17007,441,80092,,13
county,17009,441,,D,
county,17011,441,,D,
county,17013,441,,D,
county,17015,441,24062,,9
county,17017,441,31375,,8
county,17019,441,414558,,62
county,17021,441,149246,,20
county,17023,441,40497,,7
county,17025,441,25487,,11
county,17027,441,151841,,21
county,17029,441,,D,
county,17031,441,13829888,,1103
county,17033,441,45478,,8
county,17037,441,242541,,28
county,17039,441,120209,,12
county,17041,441,17988,,6
county,17043,441,5425033,,289
county,17045,441,26571,,10
county,17047,441,8592,,4
county,17049,441,177219,,31
county,17051,441,43208,,14
county,17053,441,,D,
county,17055,441,85670,,23
county,17057,441,53361,,18
county,17061,441,41924,,7
county,17063,441,119306,,20
county,17065,441,10512,,5
county,17067,441,,D,
county,17073,441,97433,,23
county,17075,441,80584,,14
county,17077,441,118284,,27
county,17079,441,,D,
county,17081,441,62996,,18
county,17083,441,48987,,10
county,17085,441,157936,,12
county,17087,441,8714,,5
county,17089,441,1469191,,148
county,17091,441,410828,,55
county,17093,441,219199,,26
county,17095,441,143848,,20
county,17097,441,3379238,,213
county,17099,441,447163,,63
county,17101,441,3338,,6
county,17103,441,142070,,20
county,17105,441,149906,,21
county,17107,441,77620,,9
county,17109,441,66484,,14
county,17111,441,892521,,97
county,17113,441,469533,,63
county,17115,441,363011,,54
county,17117,441,148056,,26
county,17119,441,1030651,,104
county,17121,441,92923,,19
county,17123,441,4883,,6
county,17125,441,8474,,5
county,17127,441,,D,
county,17129,441,23001,,7
county,17131,441,13010,,4
county,17133,441,176829,,12
county,17135,441,103523,,19
county,17137,441,,D,
county,17139,441,19940,,6
county,17141,441,69360,,18
county,17143,441,617510,,66
county,17145,441,54222,,8
county,17147,441,,D,
county,17149,441,,D,
county,17151,441,394,,3
county,17153,441,12798,,3
county,17155,441,,D,
county,17157,441,101011,,22
county,17159,441,28430,,8
county,17161,441,583465,,56
county,17163,441,804890,,102
county,17165,441,59354,,12
county,17167,441,707532,,84
county,17173,441,32109,,10
county,17175,441,5059,,3
county,17177,441,162250,,25
county,17179,441,692496,,58
county,17181,441,45982,,12
county,17183,441,202313,,37
county,17185,441,29302,,7
county,17187,441,27739,,10
county,17189,441,180597,,7
county,17191,441,36637,,9
county,17193,441,26455,,9
county,17195,441,153123,,20
county,17197,441,1795437,,203
county,17199,441,374945,,41
county,17201,441,774117,,119
county,17203,441,238310,,17
county,18001,441,133508,,25
county,18003,441,1590074,,167
county,18005,441,216415,,29
county,18007,441,9924,,5
county,18009,441,20643,,10
county,18011,441,74499,,20
county,18013,441,1335,,3
county,18015,441,35007,,9
county,18017,441,,D,
county,18019,441,536835,,64
county,18021,441,48895,,21
county,18023,441,,D,
county,18027,441,46450,,17
county,18029,441,229646,,18
county,18031,441,77733,,22
county,18033,441,129556,,18
county,18035,441,475765,,51
county,18037,441,410189,,30
county,18039,441,842629,,139
county,18041,441,,D,
county,18043,441,41215,,19
county,18045,441,34187,,10
county,18047,441,25869,,10
county,18049,441,47740,,13
county,18051,441,53797,,14
county,18053,441,144445,,29
county,18055,441,31616,,16
county,18057,441,2124245,,116
county,18059,441,210078,,26
county,18061,441,258462,,15
county,18063,441,943795,,51
county,18065,441,64161,,15
county,18067,441,355858,,36
county,18069,441,36400,,13
county,18071,441,164913,,25
county,18073,441,,D,
county,18075,441,20071,,12
county,18077,441,81363,,18
county,18079,441,54022,,10
county,18081,441,642969,,54
county,18083,441,123836,,21
county,18085,441,299749,,45
county,18087,441,53540,,13
county,18089,441,1685821,,177
county,18091,441,259022,,48
county,18093,441,122050,,19
county,18095,441,415027,,45
county,18097,441,2956504,,327
county,18099,441,173048,,24
county,18101,441,21676,,7
county,18103,441,64621,,15
county,18105,441,397822,,42
county,18107,441,117433,,23
county,18109,441,190723,,29
county,18111,441,,D,
county,18113,441,132484,,28
county,18117,441,19936,,12
county,18119,441,33375,,13
county,18121,441,17443,,7
county,18123,441,7227,,11
county,18125,441,,D,
county,18127,441,482498,,58
county,18129,441,204241,,12
county,18131,441,45014,,10
county,18133,441,47115,,10
county,18135,441,6149,,7
county,18137,441,59529,,14
county,18139,441,34289,,10
county,18141,441,1660093,,106
county,18143,441,43963,,17
county,18145,441,147456,,22
county,18147,441,10500,,7
county,18149,441,27988,,9
county,18151,441,71618,,23
county,18153,441,71398,,9
county,18157,441,745528,,63
county,18159,441,77129,,9
county,18161,441,,D,
county,18163,441,980085,,88
county,18165,441,61923,,9
county,18167,441,317743,,54
county,18169,441,82545,,19
county,18173,441,47125,,19
county,18175,441,109337,,12
county,18177,441,194004,,42
county,18179,441,61001,,19
county,18181,441,67460,,14
county,18183,441,94580,,17
county,19001,441,5533,,5
county,19003,441,1087,,3
county,19005,441,33727,,9
county,19007,441,13572,,8
county,19011,441,52364,,18
county,19013,441,687491,,73
county,19015,441,61327,,10
county,19017,441,44598,,11
county,19019,441,53006,,16
county,19021,441,,D,
county,19023,441,39224,,7
county,19025,441,66529,,11
county,19027,441,89060,,17
county,19029,441,50798,,12
county,19031,441,46704,,9
county,19033,441,190196,,35
county,19035,441,29547,,8
county,19037,441,37823,,7
county,19039,441,5141,,7
county,19041,441,,D,
county,19043,441,84350,,16
county,19045,441,111169,,30
county,19047,441,38289,,9
county,19049,441,340676,,21
county,19051,441,9114,,6
county,19055,441,56091,,11
county,19057,441,,D,
county,19059,441,118515,,17
county,19061,441,462138,,54
county,19063,441,13907,,7
county,19065,441,44837,,20
county,19067,441,77767,,11
county,19069,441,5602,,5
county,19071,441,10385,,6
county,19073,441,17066,,7
county,19075,441,10410,,8
county,19077,441,33111,,10
county,19079,441,28283,,7
county,19081,441,173304,,11
county,19083,441,56134,,15
county,19085,441,,D,
county,19087,441,60438,,12
county,19089,441,33664,,9
county,19091,441,16682,,7
county,19093,441,9114,,4
county,19095,441,29113,,5
county,19097,441,111922,,20
county,19099,441,71118,,15
county,19101,441,,D,
county,19103,441,579649,,51
county,19105,441,26456,,13
county,19107,441,10546,,4
county,19109,441,83680,,18
county,19111,441,123857,,21
county,19113,441,984349,,87
county,19115,441,,D,
county,19117,441,22469,,6
county,19119,441,13341,,6
county,19121,441,20636,,10
county,19123,441,28086,,12
county,19125,441,75180,,16
county,19127,441,,D,
county,19129,441,,D,
county,19131,441,9983,,6
county,19133,441,16104,,5
county,19135,441,6239,,5
county,19137,441,25110,,8
county,19139,441,138492,,19
county,19141,441,31302,,13
county,19143,441,4860,,4
county,19145,441,32927,,15
county,19147,441,17665,,7
county,19149,441,96760,,16
county,19151,441,9798,,4
county,19153,441,3038449,,205
county,19155,441,383242,,49
county,19157,441,,D,
county,19159,441,3522,,5
county,19161,441,43407,,11
county,19163,441,920920,,80
county,19165,441,28537,,6
county,19167,441,105416,,16
county,19169,441,322357,,36
county,19171,441,18927,,10
county,19175,441,43871,,13
county,19179,441,163444,,24
county,19181,441,100344,,15
county,19183,441,28580,,14
county,19187,441,137661,,22
county,19189,441,92037,,12
county,19191,441,87063,,22
county,19193,441,575229,,63
county,19195,441,5517,,4
county,19197,441,14797,,8
county,20001,441,20745,,6
county,20003,441,31176,,5
county,20005,441,29924,,6
county,20007,441,13216,,6
county,20009,441,103412,,20
county,20011,441,29614,,4
county,20013,441,10568,,9
county,20015,441,161689,,34
county,20021,441,45150,,6
county,20023,441,,D,
county,20027,441,24828,,5
county,20029,441,16763,,8
county,20031,441,20236,,8
county,20035,441,38224,,12
county,20037,441,91080,,22
county,20039,441,,D,
county,20041,441,83306,,16
county,20045,441,394508,,40
county,20051,441,136468,,21
county,20053,441,1538,,4
county,20055,441,154764,,32
county,20057,441,154671,,25
county,20059,441,36449,,13
county,20061,441,83234,,20
county,20063,441,6165,,3
county,20065,441,,D,
county,20067,441,10718,,9
county,20069,441,3082,,3
county,20073,441,1443,,4
county,20077,441,10709,,6
county,20079,441,65708,,13
county,20083,441,,D,
county,20085,441,20619,,10
county,20087,441,,D,
county,20091,441,2980319,,158
county,20093,441,3857,,3
county,20095,441,12973,,4
county,20099,441,27778,,13
county,20103,441,219821,,22
county,20107,441,,D,
county,20109,441,14674,,3
county,20111,441,,D,
county,20113,441,103676,,11
county,20115,441,18349,,4
county,20117,441,18440,,16
county,20121,441,113916,,11
county,20123,441,50006,,7
county,20125,441,51773,,13
county,20127,441,9860,,4
county,20131,441,28400,,11
county,20133,441,61926,,12
county,20135,441,1428,,3
county,20137,441,7380,,4
county,20139,441,17537,,6
county,20141,441,6363,,3
county,20145,441,10619,,5
county,20147,441,4485,,3
county,20149,441,28435,,9
county,20151,441,32654,,6
county,20153,441,2633,,3
county,20155,441,178533,,36
county,20157,441,7905,,5
county,20159,441,1874,,3
county,20161,441,222694,,26
county,20163,441,4010,,4
county,20167,441,,D,
county,20169,441,272323,,32
county,20171,441,8174,,6
county,20173,441,2335426,,230
county,20175,441,69780,,24
county,20177,441,404740,,98
county,20181,441,29460,,6
county,20183,441,,D,
county,20185,441,,D,
county,20189,441,14256,,4
county,20191,441,17376,,10
county,20193,441,43404,,14
county,20195,441,2004,,3
county,20199,441,2609,,3
county,20201,441,1450,,4
county,20203,441,3673,,4
county,20205,441,6173,,6
county,20209,441,428634,,76
county,21001,441,77419,,10
county,21003,441,24424,,9
county,21005,441,43195,,11
county,21009,441,246544,,30
county,21011,441,,D,
county,21013,441,73838,,25
county,21015,441,854217,,52
county,21017,441,291661,,12
county,21019,441,176107,,27
county,21021,441,131378,,14
county,21025,441,14224,,6
county,21027,441,36940,,9
county,21029,441,61987,,31
county,21031,441,,D,
county,21033,441,26047,,9
county,21035,441,169510,,23
county,21037,441,241536,,25
county,21041,441,43104,,11
county,21043,441,52756,,21
county,21045,441,14927,,9
county,21047,441,252310,,32
county,21049,441,77552,,14
county,21051,441,,D,
county,21053,441,5681,,6
county,21057,441,17797,,5
county,21059,441,277541,,44
county,21065,441,5231,,6
county,21067,441,1231509,,113
county,21069,441,50613,,13
county,21071,441,137891,,21
county,21073,441,267823,,26
county,21079,441,,D,
county,21081,441,135425,,14
county,21083,441,207566,,25
county,21085,441,24137,,10
county,21087,441,2798,,4
county,21089,441,7674,,10
county,21091,441,5688,,3
county,21093,441,341869,,59
county,21095,441,19718,,16
county,21097,441,5953,,7
county,21099,441,5174,,9
county,21101,441,168300,,22
county,21107,441,195125,,20
county,21111,441,3063459,,274
county,21113,441,419595,,28
county,21115,441,87372,,18
county,21117,441,192996,,26
county,21119,441,2378,,3
county,21121,441,16598,,13
county,21125,441,256543,,40
county,21127,441,14584,,7
county,21129,441,3949,,4
county,21131,441,4332,,4
county,21133,441,,D,
county,21137,441,8883,,10
county,21141,441,39789,,18
county,21143,441,6823,,3
county,21145,441,437977,,57
county,21147,441,2962,,7
county,21149,441,27686,,8
county,21151,441,322512,,48
county,21153,441,4373,,4
county,21155,441,9196,,10
county,21157,441,167521,,24
county,21159,441,,D,
county,21161,441,49595,,11
county,21163,441,,D,
county,21167,441,34507,,7
county,21169,441,5533,,4
county,21171,441,16621,,8
county,21173,441,88806,,22
county,21175,441,26718,,6
county,21177,441,65025,,20
county,21179,441,103403,,20
county,21183,441,15322,,12
county,21185,441,138380,,13
county,21187,441,26728,,5
county,21193,441,101241,,14
county,21195,441,196645,,41
county,21197,441,14350,,5
county,21199,441,429049,,49
county,21203,441,3447,,5
county,21205,441,80089,,19
county,21207,441,55401,,17
county,21209,441,,D,
county,21211,441,105541,,18
county,21213,441,63369,,13
county,21215,441,,D,
county,21217,441,114736,,27
county,21219,441,7720,,6
county,21221,441,22611,,8
county,21227,441,466747,,59
county,21229,441,3608,,7
county,21231,441,18978,,10
county,21233,441,862,,3
county,21235,441,67321,,20
county,21239,441,,D,
county,22001,441,41815,,20
county,22003,441,40734,,10
county,22005,441,676590,,44
county,22007,441,20004,,5
county,22009,441,47876,,20
county,22011,441,52661,,16
county,22013,441,,D,
county,22015,441,724538,,65
county,22017,441,945614,,107
county,22019,441,,D,
county,22021,441,4935,,4
county,22025,441,4048,,5
county,22027,441,18105,,6
county,22029,441,73602,,11
county,22031,441,105204,,12
county,22033,441,2406428,,208
county,22037,441,,D,
county,22039,441,35233,,15
county,22041,441,93593,,15
county,22045,441,423609,,39
county,22047,441,40267,,8
county,22049,441,13782,,4
county,22051,441,2403481,,201
county,22053,441,88572,,17
county,22055,441,1245152,,126
county,22057,441,118140,,30
county,22059,441,24486,,7
county,22061,441,174362,,18
county,22063,441,196297,,31
county,22065,441,3150,,3
county,22067,441,6324,,9
county,22069,441,46317,,14
county,22071,441,374098,,58
county,22073,441,569769,,95
county,22075,441,9211,,6
county,22077,441,45753,,7
county,22079,441,,D,
county,22081,441,12645,,5
county,22083,441,,D,
county,22085,441,33960,,11
county,22087,441,27337,,13
county,22089,441,28406,,14
county,22093,441,19940,,6
county,22095,441,59631,,13
county,22097,441,330980,,37
county,22099,441,178516,,17
county,22101,441,86153,,28
county,22103,441,1033807,,97
county,22105,441,611757,,56
county,22109,441,618862,,60
county,22111,441,46303,,9
county,22113,441,137098,,24
county,22115,441,124465,,23
county,22117,441,32225,,17
county,22119,441,89675,,19
county,22121,441,14267,,11
county,22123,441,3462,,4
county,22125,441,,D,
county,22127,441,18702,,6
county,23001,441,410821,,76
county,23003,441,217840,,58
county,23005,441,1320902,,151
county,23007,441,69018,,26
county,23009,441,171350,,38
county,23011,441,802652,,91
county,23013,441,89003,,23
county,23015,441,112601,,22
county,23017,441,91128,,27
county,23019,441,892911,,109
county,23021,441,19011,,11
county,23023,441,146018,,27
county,23025,441,99339,,33
county,23027,441,66433,,23
county,23029,441,35934,,19
county,23031,441,575121,,99
county,24001,441,197227,,38
county,24003,441,2423103,,200
county,24005,441,3728955,,256
county,24009,441,193619,,18
county,24011,441,111099,,13
county,24013,441,540929,,65
county,24015,441,204819,,38
county,24017,441,637118,,61
county,24019,441,245945,,15
county,24021,441,982641,,77
county,24023,441,134260,,23
county,24025,441,1074871,,78
county,24027,441,1301022,,64
county,24029,441,17957,,9
county,24031,441,4723410,,147
county,24033,441,2622223,,245
county,24035,441,113028,,32
county,24037,441,270159,,44
county,24039,441,11059,,6
county,24041,441,215812,,23
county,24043,441,664343,,63
county,24045,441,524056,,42
county,24047,441,86033,,24
county,24510,441,286131,,99
county,25001,441,1062827,,113
county,25003,441,402720,,64
county,25005,441,2333284,,279
county,25007,441,,D,
county,25009,441,3192674,,241
county,25011,441,151560,,27
county,25013,441,1449093,,173
county,25015,441,363390,,48
county,25017,441,5191757,,386
county,25019,441,,D,
county,25021,441,4266535,,194
county,25023,441,1969086,,217
county,25025,441,973450,,89
county,25027,441,3260646,,308
county,26001,441,17175,,6
county,26003,441,6867,,4
county,26005,441,550912,,70
county,26007,441,116242,,17
county,26009,441,9274,,15
county,26011,441,71097,,11
county,26013,441,4803,,3
county,26015,441,29435,,17
county,26017,441,481593,,60
county,26019,441,,D,
county,26021,441,311379,,67
county,26023,441,142319,,27
county,26025,441,442771,,56
county,26027,441,69443,,20
county,26029,441,82914,,16
county,26031,441,108279,,17
county,26033,441,84507,,15
county,26035,441,53767,,16
county,26037,441,211608,,17
county,26039,441,55040,,9
county,26041,441,78253,,24
county,26043,441,112656,,26
county,26045,441,505168,,38
county,26047,441,153926,,23
county,26049,441,1804044,,147
county,26051,441,40852,,16
county,26053,441,21117,,9
county,26055,441,556488,,60
county,26057,441,93507,,26
county,26059,441,128666,,16
county,26061,441,90341,,22
county,26063,441,85631,,27
county,26065,441,923598,,92
county,26067,441,85393,,18
county,26069,441,65013,,15
county,26071,441,16101,,6
county,26073,441,186409,,25
county,26075,441,503268,,67
county,26077,441,869212,,97
county,26079,441,53606,,9
county,26081,441,2626879,,239
county,26087,441,326642,,45
county,26089,441,,D,
county,26091,441,306824,,43
county,26093,441,712680,,58
county,26097,441,15332,,5
county,26099,441,4471207,,328
county,26101,441,66241,,18
county,26103,441,252105,,34
county,26105,441,71049,,17
county,26107,441,85478,,19
county,26109,441,17019,,9
county,26111,441,288520,,35
county,26113,441,44005,,6
county,26115,441,506166,,49
county,26117,441,211389,,39
county,26119,441,3315,,4
county,26121,441,558740,,74
county,26123,441,96831,,29
county,26125,441,7622130,,393
county,26127,441,28650,,11
county,26129,441,103642,,13
county,26131,441,23459,,6
county,26133,441,18678,,6
county,26137,441,141414,,19
county,26139,441,878357,,119
county,26141,441,40746,,11
county,26143,441,143915,,22
county,26145,441,973033,,87
county,26147,441,436027,,56
county,26149,441,169937,,33
county,26151,441,125384,,22
county,26153,441,17856,,5
county,26155,441,338017,,25
county,26157,441,135838,,21
county,26159,441,141596,,37
county,26161,441,1410998,,94
county,26163,441,5509713,,594
county,26165,441,182195,,26
county,27001,441,30199,,11
county,27003,441,1105026,,132
county,27005,441,150976,,16
county,27007,441,133687,,24
county,27009,441,108759,,23
county,27011,441,4620,,5
county,27013,441,403542,,40
county,27015,441,123618,,17
county,27017,441,31052,,11
county,27019,441,113515,,20
county,27021,441,62247,,21
county,27023,441,59906,,11
county,27025,441,70343,,17
county,27027,441,141408,,20
county,27029,441,,D,
county,27031,441,1759,,3
county,27033,441,12894,,7
county,27035,441,346803,,61
county,27037,441,2149261,,126
county,27039,441,6733,,9
county,27041,441,192123,,31
county,27043,441,16899,,9
county,27045,441,39975,,14
county,27047,441,161243,,21
county,27049,441,207005,,32
county,27053,441,5699194,,298
county,27055,441,18536,,7
county,27057,441,50589,,15
county,27059,441,141179,,27
county,27061,441,135515,,27
county,27063,441,27163,,5
county,27065,441,33095,,10
county,27067,441,345002,,41
county,27071,441,20240,,6
county,27073,441,11744,,7
county,27075,441,,D,
county,27077,441,,D,
county,27079,441,26494,,13
county,27081,441,5483,,5
county,27083,441,103271,,14
county,27085,441,76077,,18
county,27087,441,2044,,3
county,27091,441,73475,,13
county,27093,441,104665,,17
county,27095,441,30441,,16
county,27097,441,51364,,16
county,27099,441,64044,,20
county,27101,441,,D,
county,27103,441,50967,,11
county,27105,441,94105,,14
county,27107,441,17424,,5
county,27109,441,745865,,74
county,27111,441,273504,,33
county,27113,441,51632,,11
county,27115,441,52948,,14
county,27117,441,39378,,7
county,27119,441,61013,,15
county,27121,441,105055,,8
county,27123,441,2116839,,140
county,27125,441,,D,
county,27127,441,,D,
county,27129,441,43071,,12
county,27131,441,215552,,26
county,27133,441,56826,,7
county,27135,441,25088,,8
county,27137,441,807478,,106
county,27139,441,522394,,60
county,27141,441,242581,,44
county,27143,441,8826,,7
county,27145,441,1109797,,85
county,27147,441,95452,,25
county,27149,441,99329,,12
county,27151,441,8663,,5
county,27153,441,48592,,17
county,27155,441,4577,,7
county,27157,441,16866,,12
county,27159,441,37678,,9
county,27161,441,47012,,11
county,27163,441,573431,,67
county,27165,441,16848,,8
county,27167,441,1956,,5
county,27169,441,186148,,21
county,27171,441,573949,,69
county,27173,441,12169,,7
county,28001,441,154887,,20
county,28003,441,115650,,23
county,28005,441,1949,,4
county,28007,441,44443,,12
county,28011,441,100622,,17
county,28013,441,14942,,10
county,28017,441,39108,,18
county,28023,441,,D,
county,28025,441,46622,,11
county,28027,441,22016,,10
county,28029,441,22595,,10
county,28031,441,124847,,15
county,28033,441,680372,,81
county,28035,441,378232,,50
county,28039,441,65833,,13
county,28043,441,175467,,17
county,28045,441,35053,,16
county,28047,441,863024,,118
county,28049,441,1226473,,107
county,28051,441,8578,,7
county,28057,441,34753,,14
county,28059,441,272420,,51
county,28061,441,10166,,5
county,28065,441,3338,,5
county,28067,441,197230,,32
county,28071,441,220248,,21
county,28073,441,265019,,35
county,28075,441,243411,,56
county,28079,441,37230,,19
county,28081,441,439585,,59
county,28083,441,116923,,23
county,28085,441,158745,,25
county,28087,441,251580,,34
county,28089,441,292586,,45
county,28091,441,49870,,16
county,28093,441,19327,,13
county,28095,441,75583,,23
county,28097,441,2163,,3
county,28099,441,42385,,19
county,28101,441,36418,,10
county,28103,441,5847,,6
county,28105,441,47407,,17
county,28107,441,52203,,17
county,28109,441,205642,,28
county,28111,441,644,,3
county,28113,441,152433,,24
county,28115,441,37334,,16
county,28117,441,26288,,20
county,28119,441,3692,,5
county,28121,441,718454,,73
county,28123,441,30793,,26
county,28127,441,7123,,8
county,28129,441,1143,,3
county,28131,441,43457,,11
county,28133,441,17248,,14
county,28137,441,29491,,12
county,28139,441,25918,,17
county,28141,441,14061,,18
county,28143,441,,D,
county,28145,441,18733,,11
county,28147,441,6628,,6
county,28149,441,,D,
county,28151,441,115154,,32
county,28153,441,7106,,10
county,28155,441,1358,,3
county,28159,441,48510,,11
county,28163,441,11402,,13
county,29001,441,,D,
county,29003,441,75165,,6
county,29005,441,529,,3
county,29007,441,38458,,12
county,29009,441,43321,,23
county,29011,441,3981,,5
county,29013,441,63209,,13
county,29015,441,45758,,10
county,29017,441,,D,
county,29019,441,976352,,67
county,29021,441,276575,,42
county,29023,441,216020,,37
county,29027,441,10614,,19
county,29029,441,208530,,55
county,29031,441,440181,,67
county,29033,441,2994,,5
county,29035,441,6809,,5
county,29037,441,276224,,47
county,29039,441,24995,,11
county,29041,441,3670,,6
county,29043,441,108649,,40
county,29045,441,,D,
county,29047,441,1123232,,105
county,29049,441,,D,
county,29051,441,431071,,34
county,29053,441,43233,,9
county,29055,441,62353,,17
county,29057,441,1860,,5
county,29059,441,15309,,7
county,29061,441,13384,,5
county,29063,441,,D,
county,29065,441,8983,,13
county,29067,441,,D,
county,29069,441,123637,,25
county,29071,441,260062,,59
county,29073,441,32782,,14
county,29075,441,2611,,6
county,29077,441,1414273,,183
county,29079,441,16341,,6
county,29081,441,,D,
county,29083,441,135722,,20
county,29085,441,10941,,4
county,29087,441,,D,
county,29089,441,,D,
county,29091,441,150923,,41
county,29093,441,6551,,7
county,29095,441,3203134,,294
county,29097,441,631283,,79
county,29099,441,401011,,84
county,29101,441,105893,,22
county,29105,441,,D,
county,29107,441,54954,,16
county,29109,441,169064,,15
county,29111,441,,D,
county,29113,441,183142,,23
county,29115,441,23184,,10
county,29117,441,85728,,9
county,29119,441,,D,
county,29121,441,7531,,9
county,29123,441,39162,,14
county,29125,441,12597,,4
county,29127,441,106500,,21
county,29131,441,85034,,19
county,29133,441,6933,,6
county,29135,441,61514,,12
county,29137,441,1897,,3
county,29139,441,10002,,10
county,29141,441,28707,,19
county,29143,441,47123,,11
county,29145,441,124815,,27
county,29147,441,65626,,7
county,29149,441,9046,,7
county,29151,441,52574,,9
county,29153,441,1588,,4
county,29155,441,10925,,7
county,29157,441,56913,,14
county,29159,441,254388,,34
county,29161,441,228930,,34
county,29163,441,25214,,10
county,29165,441,569803,,30
county,29167,441,59593,,14
county,29169,441,139516,,19
county,29171,441,1170,,3
county,29173,441,3674,,6
county,29175,441,52120,,21
county,29177,441,17231,,9
county,29179,441,2016,,5
county,29181,441,30098,,6
county,29183,441,1416107,,137
county,29185,441,,D,
county,29186,441,20457,,8
county,29187,441,154163,,43
county,29189,441,5424798,,322
county,29195,441,52855,,11
county,29199,441,8361,,6
county,29201,441,86403,,21
county,29203,441,753,,3
county,29205,441,4148,,4
county,29207,441,91970,,22
county,29209,441,56497,,19
county,29211,441,2630,,3
county,29213,441,149844,,22
county,29215,441,18758,,14
county,29217,441,22994,,13
county,29219,441,33930,,11
county,29221,441,6180,,9
county,29223,441,3808,,5
county,29225,441,224404,,22
county,29229,441,29856,,15
county,29510,441,475852,,98
county,30001,441,28714,,7
county,30005,441,5494,,5
county,30007,441,25829,,5
county,30013,441,404743,,59
county,30017,441,75162,,11
county,30019,441,4447,,4
county,30021,441,39486,,10
county,30023,441,,D,
county,30025,441,2704,,3
county,30027,441,52565,,11
county,30029,441,493142,,58
county,30031,441,581842,,51
county,30035,441,33187,,8
county,30041,441,91779,,12
county,30043,441,2815,,4
county,30047,441,78102,,18
county,30049,441,280939,,43
county,30053,441,35329,,15
county,30057,441,2402,,5
county,30063,441,712414,,80
county,30065,441,7896,,3
county,30067,441,33693,,11
county,30071,441,2560,,3
county,30073,441,21413,,8
county,30081,441,57579,,21
county,30083,441,49888,,10
county,30085,441,,D,
county,30087,441,11059,,5
county,30089,441,11600,,3
county,30091,441,7021,,4
county,30093,441,140372,,19
county,30095,441,,D,
county,30099,441,4958,,4
county,30105,441,16651,,12
county,30111,441,,D,
county,31001,441,117328,,28
county,31003,441,12119,,7
county,31011,441,5104,,5
county,31013,441,16337,,5
county,31017,441,15615,,6
county,31019,441,164723,,26
county,31021,441,8130,,4
county,31023,441,3562,,4
county,31025,441,185826,,14
county,31027,441,8749,,6
county,31029,441,72976,,7
county,31031,441,12152,,4
county,31033,441,37175,,10
county,31037,441,10497,,9
county,31039,441,11994,,10
county,31041,441,27061,,11
county,31043,441,,D,
county,31045,441,72178,,14
county,31047,441,114396,,20
county,31049,441,974,,3
county,31053,441,311948,,22
county,31055,441,2082247,,187
county,31059,441,14604,,5
county,31065,441,,D,
county,31067,441,87167,,18
county,31079,441,304410,,56
county,31081,441,30479,,9
county,31083,441,17513,,4
county,31089,441,52979,,13
county,31093,441,10358,,3
county,31095,441,16207,,7
county,31097,441,11459,,4
county,31099,441,8272,,3
county,31101,441,29035,,11
county,31105,441,12787,,6
county,31107,441,21123,,6
county,31109,441,1134676,,127
county,31111,441,146197,,29
county,31119,441,205762,,33
county,31121,441,3396,,4
county,31123,441,2713,,3
county,31127,441,19161,,5
county,31129,441,,D,
county,31131,441,,D,
county,31133,441,,D,
county,31135,441,6708,,7
county,31137,441,60246,,12
county,31139,441,6124,,5
county,31141,441,120648,,22
county,31145,441,71841,,14
county,31147,441,26160,,5
county,31151,441,63582,,9
county,31153,441,686442,,51
county,31155,441,87762,,10
county,31157,441,148412,,31
county,31159,441,26542,,8
county,31161,441,5941,,6
county,31163,441,9218,,3
county,31167,441,3846,,3
county,31169,441,2100,,4
county,31173,441,2451,,3
county,31175,441,,D,
county,31177,441,,D,
county,31179,441,15320,,5
county,31185,441,34744,,10
county,32001,441,58594,,11
county,32003,441,7087669,,510
county,32005,441,12962,,7
county,32007,441,,D,
county,32013,441,61334,,12
county,32015,441,,D,
county,32019,441,70468,,17
county,32023,441,91335,,14
county,32031,441,2069363,,180
county,32033,441,23403,,4
county,32510,441,487709,,37
county,33001,441,461023,,52
county,33003,441,128755,,35
county,33005,441,427491,,53
county,33007,441,208199,,28
county,33009,441,277906,,65
county,33011,441,2796301,,179
county,33013,441,951085,,89
county,33015,441,1782397,,217
county,33017,441,505859,,60
county,33019,441,123677,,24
county,34001,441,971968,,81
county,34003,441,5791341,,239
county,34005,441,2350704,,157
county,34007,441,1650734,,139
county,34009,441,315293,,37
county,34011,441,501239,,85
county,34013,441,1103485,,179
county,34015,441,1389612,,114
county,34017,441,838423,,87
county,34019,441,888961,,37
county,34021,441,1476802,,92
county,34023,441,2789619,,202
county,34025,441,3609925,,179
county,34027,441,3645032,,158
county,34029,441,1985787,,191
county,34031,441,1547969,,158
county,34033,441,87268,,22
county,34035,441,1906484,,87
county,34037,441,585745,,54
county,34039,441,2193874,,174
county,34041,441,249103,,65
county,35001,441,3002049,,279
county,35005,441,201615,,27
county,35006,441,25116,,7
county,35007,441,24315,,8
county,35009,441,208626,,33
county,35013,441,481011,,66
county,35015,441,210837,,24
county,35017,441,57892,,15
county,35023,441,,D,
county,35025,441,312282,,33
county,35027,441,56415,,10
county,35029,441,53267,,11
county,35031,441,145387,,37
county,35035,441,136010,,26
county,35037,441,,D,
county,35039,441,43055,,8
county,35041,441,34540,,8
county,35043,441,233804,,25
county,35045,441,555728,,77
county,35047,441,,D,
county,35049,441,565517,,52
county,35051,441,12503,,10
county,35055,441,23196,,11
county,35057,441,,D,
county,35061,441,,D,
county,36001,441,2355408,,117
county,36003,441,48124,,26
county,36005,441,883221,,162
county,36007,441,577617,,92
county,36009,441,213563,,36
county,36011,441,199596,,33
county,36013,441,370563,,62
county,36015,441,384869,,31
county,36017,441,98026,,24
county,36019,441,395528,,43
county,36021,441,106183,,26
county,36023,441,190972,,38
county,36025,441,79584,,30
county,36027,441,923267,,95
county,36029,441,3300935,,335
county,36031,441,114652,,15
county,36033,441,121992,,24
county,36035,441,283352,,43
county,36037,441,155872,,30
county,36039,441,216952,,19
county,36041,441,2575,,3
county,36043,441,83681,,31
county,36045,441,609023,,70
county,36047,441,1860946,,209
county,36049,441,99012,,13
county,36051,441,165793,,29
county,36053,441,331872,,32
county,36055,441,3200976,,241
county,36057,441,109668,,21
county,36059,441,6994208,,360
county,36061,441,1362934,,59
county,36063,441,637015,,97
county,36065,441,828886,,115
county,36067,441,2148577,,184
county,36069,441,699485,,60
county,36071,441,1513229,,129
county,36073,441,111454,,14
county,36075,441,491782,,69
county,36077,441,236514,,33
county,36079,441,234032,,30
county,36081,441,3142196,,290
county,36083,441,281167,,50
county,36085,441,771439,,81
county,36087,441,1260604,,64
county,36089,441,335607,,61
county,36091,441,785750,,64
county,36093,441,492555,,46
county,36095,441,38840,,15
county,36097,441,28279,,11
county,36099,441,94022,,18
county,36101,441,356843,,43
county,36103,441,7502568,,534
county,36105,441,219992,,29
county,36107,441,106930,,16
county,36109,441,228727,,31
county,36111,441,638378,,75
county,36113,441,487143,,39
county,36115,441,184209,,33
county,36117,441,312329,,57
county,36119,441,4325481,,212
county,36121,441,125782,,21
county,36123,441,50713,,7
county,37001,441,470257,,81
county,37003,441,10886,,11
county,37005,441,5207,,5
county,37007,441,18407,,10
county,37009,441,50190,,10
county,37013,441,151752,,32
county,37015,441,14599,,8
county,37017,441,17228,,13
county,37019,441,152140,,38
county,37021,441,874072,,126
county,37023,441,204835,,36
county,37025,441,988730,,92
county,37027,441,143768,,46
county,37029,441,,D,
county,37031,441,219273,,37
county,37033,441,3537,,5
county,37035,441,1173771,,111
county,37037,441,35618,,19
county,37039,441,149518,,13
county,37041,441,6972,,9
county,37043,441,34733,,8
county,37045,441,211042,,65
county,37047,441,90503,,32
county,37049,441,434372,,52
county,37051,441,1502339,,143
county,37053,441,31808,,10
county,37055,441,,D,
county,37057,441,270175,,87
county,37059,441,67424,,17
county,37061,441,59158,,25
county,37063,441,1051525,,93
county,37065,441,58724,,14
county,37067,441,2115365,,150
county,37069,441,39086,,23
county,37071,441,638380,,90
county,37073,441,5424,,3
county,37075,441,2924,,6
county,37077,441,102765,,20
county,37079,441,3304,,3
county,37081,441,2120333,,214
county,37083,441,114942,,28
county,37085,441,236425,,46
county,37087,441,246093,,31
county,37089,441,569544,,63
county,37091,441,33770,,15
county,37093,441,5345,,8
county,37097,441,888647,,111
county,37099,441,,D,
county,37101,441,477137,,102
county,37103,441,,D,
county,37105,441,291833,,41
county,37107,441,155608,,33
county,37109,441,140413,,44
county,37111,441,106751,,22
county,37113,441,69456,,21
county,37115,441,5330,,6
county,37117,441,22689,,13
county,37119,441,5303644,,345
county,37121,441,28586,,11
county,37123,441,25734,,11
county,37125,441,329253,,29
county,37127,441,293819,,64
county,37129,441,1584384,,113
county,37131,441,1930,,4
county,37133,441,703169,,88
county,37135,441,366372,,29
county,37137,441,,D,
county,37139,441,,D,
county,37141,441,51827,,20
county,37143,441,,D,
county,37145,441,52117,,18
county,37147,441,678644,,93
county,37149,441,15005,,4
county,37151,441,275615,,57
county,37153,441,107328,,28
county,37155,441,349869,,60
county,37157,441,196736,,44
county,37159,441,373101,,64
county,37161,441,135791,,44
county,37163,441,185173,,33
county,37165,441,40772,,14
county,37167,441,131837,,45
county,37169,441,12653,,11
county,37171,441,242793,,61
county,37173,441,11420,,7
county,37175,441,36641,,13
county,37177,441,,D,
county,37179,441,970683,,89
county,37181,441,155743,,24
county,37183,441,5755638,,393
county,37185,441,9258,,6
county,37187,441,7181,,8
county,37189,441,252435,,29
county,37191,441,462322,,72
county,37193,441,175721,,42
county,37195,441,246915,,57
county,37197,441,40226,,20
county,37199,441,19148,,10
county,38003,441,28008,,9
county,38009,441,,D,
county,38011,441,,D,
county,38015,441,576599,,40
county,38017,441,1066032,,77
county,38019,441,,D,
county,38021,441,7498,,5
county,38029,441,,D,
county,38031,441,21374,,7
county,38035,441,387795,,45
county,38039,441,,D,
county,38045,441,4629,,3
county,38051,441,16477,,3
county,38053,441,13501,,5
county,38055,441,4186,,4
county,38057,441,16245,,6
county,38059,441,360533,,26
county,38061,441,16902,,7
county,38067,441,16494,,7
county,38069,441,34454,,4
county,38071,441,124565,,18
county,38073,441,11589,,4
county,38077,441,91900,,16
county,38079,441,,D,
county,38089,441,257556,,34
county,38093,441,,D,
county,38097,441,12239,,5
county,38099,441,8044,,8
county,38101,441,461638,,43
county,38105,441,202188,,24
county,39001,441,33253,,11
county,39003,441,480897,,48
county,39005,441,92225,,21
county,39007,441,177271,,54
county,39009,441,112242,,19
county,39011,441,124692,,31
county,39013,441,239051,,50
county,39015,441,21503,,16
county,39017,441,978290,,143
county,39019,441,80481,,14
county,39021,441,115972,,13
county,39023,441,317225,,56
county,39025,441,900465,,67
county,39027,441,91775,,26
county,39029,441,426530,,56
county,39031,441,50337,,18
county,39033,441,69138,,19
county,39035,441,4764226,,415
county,39037,441,109817,,26
county,39039,441,287942,,23
county,39041,441,587220,,51
county,39043,441,261510,,39
county,39045,441,351104,,48
county,39047,441,85135,,16
county,39049,441,6749029,,423
county,39051,441,138366,,19
county,39053,441,76030,,19
county,39055,441,408040,,41
county,39057,441,630246,,55
county,39059,441,134545,,28
county,39061,441,3687940,,278
county,39063,441,352051,,40
county,39065,441,42583,,13
county,39067,441,9745,,6
county,39069,441,42172,,12
county,39071,441,61660,,25
county,39073,441,,D,
county,39075,441,75066,,10
county,39077,441,216993,,30
county,39079,441,60609,,20
county,39081,441,184305,,32
county,39083,441,183603,,28
county,39085,441,1183183,,90
county,39087,441,111399,,23
county,39089,441,765154,,77
county,39091,441,156776,,22
county,39093,441,1011366,,99
county,39095,441,1813763,,187
county,39097,441,187962,,20
county,39099,441,1185780,,109
county,39101,441,168588,,28
county,39103,441,1068640,,71
county,39105,441,87221,,13
county,39107,441,129283,,38
county,39109,441,383430,,46
county,39111,441,7858,,6
county,39113,441,1694260,,193
county,39115,441,4135,,5
county,39117,441,,D,
county,39119,441,233139,,40
county,39121,441,5535,,5
county,39123,441,132466,,25
county,39125,441,53461,,9
county,39127,441,30012,,11
county,39129,441,75396,,14
county,39131,441,61096,,11
county,39133,441,862353,,59
county,39135,441,63948,,17
county,39137,441,67437,,18
county,39139,441,270337,,51
county,39141,441,228204,,33
county,39143,441,167944,,36
county,39145,441,225914,,47
county,39147,441,125652,,24
county,39149,441,89865,,20
county,39151,441,1146312,,164
county,39153,441,2372445,,210
county,39155,441,416287,,76
county,39157,441,250932,,55
county,39159,441,317243,,21
county,39161,441,118022,,16
county,39163,441,1125,,3
county,39165,441,589100,,48
county,39167,441,200863,,43
county,39169,441,431810,,51
county,39171,441,88598,,20
county,39173,441,405500,,54
county,39175,441,60684,,13
county,40001,441,11295,,8
county,40005,441,14177,,6
county,40009,441,169804,,21
county,40011,441,5648,,5
county,40013,441,149106,,19
county,40015,441,62463,,8
county,40017,441,354746,,35
county,40019,441,265404,,30
county,40021,441,81005,,16
county,40023,441,20202,,8
county,40027,441,1014294,,91
county,40031,441,313421,,49
county,40035,441,48553,,8
county,40037,441,121434,,26
county,40039,441,168764,,21
county,40041,441,73994,,25
county,40043,441,4264,,3
county,40045,441,,D,
county,40047,441,203103,,33
county,40049,441,227080,,15
county,40051,441,120353,,22
county,40061,441,44668,,4
county,40063,441,8711,,8
county,40065,441,158810,,17
county,40069,441,22715,,4
county,40071,441,125670,,28
county,40073,441,213934,,10
county,40077,441,2481,,3
county,40079,441,97731,,24
county,40081,441,72228,,13
county,40083,441,150787,,17
county,40087,441,181158,,21
county,40089,441,71636,,18
county,40091,441,67696,,11
county,40093,441,30559,,8
county,40095,441,59410,,7
county,40097,441,17812,,15
county,40099,441,47798,,4
county,40101,441,247701,,34
county,40103,441,,D,
county,40105,441,2093,,3
county,40109,441,3808564,,350
county,40111,441,94949,,22
county,40113,441,,D,
county,40115,441,53702,,16
county,40119,441,199979,,34
county,40121,441,226600,,29
county,40123,441,127158,,20
county,40125,441,201066,,26
county,40127,441,,D,
county,40131,441,184773,,35
county,40133,441,57483,,7
county,40135,441,60313,,18
county,40137,441,117585,,21
county,40139,441,21300,,17
county,40143,441,3474594,,297
county,40145,441,35654,,15
county,40147,441,,D,
county,40149,441,13352,,4
county,40151,441,21500,,6
county,40153,441,62770,,15
county,41001,441,42944,,14
county,41003,441,240380,,24
county,41005,441,1540546,,148
county,41007,441,168651,,18
county,41009,441,,D,
county,41011,441,192686,,29
county,41013,441,28975,,10
county,41015,441,30971,,13
county,41017,441,890686,,89
county,41019,441,206160,,43
county,41023,441,8310,,3
county,41025,441,,D,
county,41027,441,20962,,9
county,41029,441,813132,,100
county,41031,441,50275,,9
county,41033,441,281976,,39
county,41035,441,186637,,31
county,41037,441,19130,,6
county,41039,441,1493694,,170
county,41041,441,79498,,18
county,41043,441,220135,,45
county,41045,441,132123,,21
county,41047,441,1346633,,139
county,41051,441,2279058,,286
county,41053,441,36314,,11
county,41057,441,25130,,9
county,41059,441,,D,
county,41061,441,118086,,15
county,41063,441,16296,,6
county,41065,441,,D,
county,41067,441,3064132,,162
county,41071,441,313618,,37
county,42001,441,287353,,54
county,42003,441,4829805,,409
county,42005,441,131183,,28
county,42007,441,219470,,71
county,42009,441,117801,,23
county,42011,441,1466403,,149
county,42013,441,881105,,85
county,42015,441,204166,,45
county,42017,441,3500534,,222
county,42019,441,750812,,88
county,42021,441,436960,,77
county,42025,441,158173,,25
county,42027,441,530115,,50
county,42029,441,2672996,,145
county,42031,441,125036,,25
county,42033,441,284046,,49
county,42035,441,89667,,19
county,42037,441,182730,,31
county,42039,441,259459,,46
county,42041,441,1381642,,119
county,42043,441,970915,,95
county,42045,441,1970249,,121
county,42047,441,82226,,19
county,42049,441,975298,,129
county,42051,441,456038,,81
county,42055,441,603083,,83
county,42057,441,,D,
county,42059,441,310421,,23
county,42061,441,65607,,17
county,42063,441,442845,,46
county,42065,441,89018,,22
county,42067,441,75170,,11
county,42069,441,905847,,118
county,42071,441,2101179,,236
county,42073,441,330288,,42
county,42075,441,441597,,61
county,42077,441,1423524,,129
county,42079,441,1288311,,139
county,42081,441,563864,,65
county,42083,441,148074,,24
county,42085,441,303252,,62
county,42087,441,141919,,24
county,42089,441,538306,,69
county,42091,441,4745896,,250
county,42093,441,61562,,11
county,42095,441,1087927,,111
county,42097,441,280516,,41
county,42099,441,72146,,17
county,42101,441,1433577,,242
county,42103,441,50066,,15
county,42105,441,53850,,10
county,42107,441,246803,,57
county,42109,441,200210,,30
county,42111,441,222347,,36
county,42115,441,87624,,18
county,42117,441,134921,,33
county,42119,441,132682,,20
county,42121,441,159749,,37
county,42123,441,115457,,19
county,42125,441,930515,,82
county,42127,441,,D,
county,42129,441,1718121,,177
county,42131,441,119333,,18
county,42133,441,1246868,,163
county,44001,441,23035,,13
county,44003,441,1137796,,86
county,44005,441,307537,,41
county,44007,441,1092925,,223
county,44009,441,450547,,48
county,45001,441,13511,,12
county,45003,441,380525,,62
county,45005,441,3493,,3
county,45007,441,514058,,109
county,45009,441,21105,,9
county,45011,441,20303,,11
county,45013,441,517434,,56
county,45015,441,442500,,59
county,45017,441,,D,
county,45019,441,2686993,,188
county,45021,441,99943,,16
county,45023,441,7052,,9
county,45025,441,43459,,26
county,45027,441,97031,,15
county,45029,441,48027,,15
county,45031,441,73053,,26
county,45033,441,13362,,16
county,45035,441,148678,,39
county,45037,441,,D,
county,45039,441,62146,,7
county,45041,441,673887,,82
county,45043,441,159210,,27
county,45045,441,1862988,,210
county,45047,441,196193,,33
county,45049,441,16149,,10
county,45051,441,1624255,,165
county,45053,441,537445,,22
county,45055,441,217275,,36
county,45057,441,85692,,36
county,45059,441,97855,,22
county,45061,441,,D,
county,45063,441,1141037,,142
county,45065,441,,D,
county,45067,441,16965,,16
county,45069,441,30580,,12
county,45071,441,74059,,16
county,45073,441,211129,,34
county,45075,441,167758,,50
county,45077,441,379504,,42
county,45079,441,1532406,,135
county,45081,441,,D,
county,45083,441,1318262,,158
county,45085,441,228384,,48
county,45087,441,19571,,15
county,45089,441,51688,,19
county,45091,441,705888,,96
county,46005,441,71646,,12
county,46009,441,18452,,5
county,46011,441,80705,,15
county,46013,441,,D,
county,46015,441,19743,,6
county,46019,441,,D,
county,46023,441,4928,,4
county,46027,441,44726,,6
county,46029,441,184509,,30
county,46033,441,1708,,3
county,46035,441,192221,,21
county,46037,441,37655,,9
county,46039,441,10625,,5
county,46047,441,,D,
county,46051,441,64403,,8
county,46053,441,6199,,4
county,46059,441,6200,,5
county,46065,441,122600,,14
county,46075,441,3242,,3
county,46079,441,78780,,9
county,46081,441,200588,,21
county,46083,441,501112,,30
county,46087,441,11880,,5
county,46091,441,567,,3
county,46093,441,108120,,19
county,46099,441,1061769,,91
county,46103,441,939146,,80
county,46105,441,3359,,4
county,46109,441,3210,,4
county,46115,441,11477,,7
county,46117,441,,D,
county,46121,441,691,,3
county,46123,441,40521,,6
county,46125,441,8879,,5
county,46127,441,,D,
county,46129,441,26343,,10
county,46135,441,111082,,20
county,47001,441,314613,,32
county,47003,441,136930,,26
county,47005,441,14347,,9
county,47009,441,580697,,57
county,47011,441,363528,,57
county,47013,441,54419,,20
county,47015,441,,D,
county,47017,441,10851,,11
county,47019,441,47821,,19
county,47021,441,15299,,8
county,47023,441,51094,,13
county,47025,441,11029,,12
county,47027,441,1344,,4
county,47029,441,58335,,14
county,47031,441,232839,,34
county,47033,441,2572,,4
county,47035,441,225219,,32
county,47037,441,2958843,,353
county,47039,441,14562,,6
county,47041,441,17831,,9
county,47043,441,156247,,20
county,47045,441,142415,,26
county,47047,441,,D,
county,47049,441,7388,,9
county,47051,441,,D,
county,47053,441,117582,,34
county,47055,441,62829,,15
county,47057,441,20638,,9
county,47059,441,117255,,24
county,47063,441,425791,,44
county,47065,441,1500598,,141
county,47067,441,4245,,3
county,47069,441,6208,,5
county,47071,441,175575,,15
county,47073,441,29861,,15
county,47075,441,57018,,8
county,47077,441,43838,,14
county,47079,441,125235,,24
county,47081,441,5966,,8
county,47085,441,29389,,9
county,47089,441,74379,,16
county,47091,441,3871,,4
county,47093,441,2273827,,205
county,47097,441,7268,,8
county,47099,441,69032,,36
county,47101,441,,D,
county,47103,441,112464,,20
county,47105,441,129887,,25
county,47107,441,66518,,21
county,47109,441,,D,
county,47111,441,8271,,6
county,47113,441,511525,,57
county,47115,441,50750,,11
county,47117,441,92671,,9
county,47119,441,383359,,38
county,47121,441,1907,,3
county,47123,441,72774,,17
county,47125,441,608191,,69
county,47129,441,,D,
county,47131,441,,D,
county,47133,441,,D,
county,47139,441,1704,,5
county,47141,441,416497,,49
county,47143,441,29757,,16
county,47145,441,56946,,18
county,47147,441,135301,,22
county,47149,441,1059711,,136
county,47151,441,11092,,11
county,47153,441,,D,
county,47155,441,229846,,44
county,47157,441,3581213,,303
county,47159,441,,D,
county,47161,441,1746,,5
county,47163,441,789266,,76
county,47165,441,367162,,59
county,47167,441,62923,,20
county,47169,441,6649,,3
county,47171,441,5065,,8
county,47173,441,,D,
county,47177,441,57373,,19
county,47179,441,659488,,67
county,47181,441,2482,,5
county,47183,441,47360,,12
county,47185,441,114143,,13
county,47187,441,1648943,,55
county,47189,441,488956,,55
county,48001,441,155164,,30
county,48003,441,339457,,7
county,48005,441,441467,,54
county,48007,441,77948,,14
county,48013,441,143342,,20
county,48015,441,,D,
county,48017,441,4923,,4
county,48019,441,8780,,9
county,48021,441,402262,,24
county,48025,441,119255,,12
county,48027,441,1295911,,128
county,48029,441,7585975,,599
county,48031,441,2035,,3
county,48035,441,12222,,9
county,48037,441,492641,,56
county,48039,441,1105166,,98
county,48041,441,708090,,71
county,48043,441,5500,,3
county,48049,441,131887,,25
county,48051,441,,D,
county,48053,441,205171,,25
county,48055,441,54325,,11
county,48057,441,,D,
county,48059,441,,D,
county,48061,441,1195909,,180
county,48063,441,27009,,7
county,48065,441,,D,
county,48067,441,26942,,16
county,48069,441,10277,,7
county,48071,441,,D,
county,48073,441,74316,,21
county,48075,441,3585,,3
county,48077,441,,D,
county,48083,441,7015,,6
county,48085,441,5617532,,240
county,48087,441,,D,
county,48089,441,84118,,19
county,48091,441,841761,,57
county,48093,441,81885,,13
county,48097,441,176424,,21
county,48099,441,86189,,18
county,48111,441,45060,,8
county,48113,441,11206924,,913
county,48115,441,254904,,10
county,48117,441,80770,,9
county,48121,441,2322879,,203
county,48123,441,65901,,11
county,48131,441,17514,,4
county,48133,441,70373,,11
county,48135,441,948491,,73
county,48139,441,257371,,48
county,48141,441,,D,
county,48143,441,137748,,20
county,48145,441,55615,,8
county,48147,441,113137,,12
county,48149,441,120108,,15
county,48153,441,1064,,3
county,48157,441,2652576,,139
county,48159,441,2594,,5
county,48161,441,63714,,12
county,48163,441,,D,
county,48165,441,12937,,8
county,48167,441,1285846,,118
county,48171,441,50719,,13
county,48177,441,,D,
county,48179,441,82795,,18
county,48181,441,486933,,65
county,48183,441,945265,,106
county,48185,441,72031,,9
county,48187,441,538282,,38
county,48189,441,215678,,17
county,48195,441,18811,,5
county,48199,441,463859,,28
county,48201,441,21728449,,1588
county,48203,441,182533,,31
county,48207,441,,D,
county,48209,441,714110,,65
county,48213,441,93969,,29
county,48215,441,2725876,,297
county,48217,441,80466,,16
county,48219,441,80106,,11
county,48221,441,,D,
county,48223,441,122918,,15
county,48225,441,30374,,7
county,48227,441,135760,,19
county,48231,441,391856,,36
county,48233,441,55148,,9
county,48237,441,,D,
county,48239,441,16873,,8
county,48241,441,86647,,12
county,48245,441,1166964,,101
county,48247,441,29027,,5
county,48249,441,113261,,21
county,48251,441,957570,,66
county,48253,441,,D,
county,48255,441,11727,,5
county,48257,441,275596,,42
county,48259,441,846563,,28
county,48265,441,196655,,31
county,48273,441,111220,,10
county,48275,441,3744,,4
county,48277,441,324018,,36
county,48279,441,21714,,6
county,48281,441,108707,,7
county,48285,441,25788,,10
county,48287,441,25927,,6
county,48289,441,4651,,10
county,48291,441,228885,,26
county,48293,441,47917,,9
county,48297,441,14719,,5
county,48299,441,13961,,9
county,48303,441,,D,
county,48307,441,40281,,5
county,48309,441,861397,,117
county,48313,441,147332,,10
county,48315,441,,D,
county,48317,441,,D,
county,48321,441,56365,,17
county,48323,441,95443,,28
county,48325,441,224753,,16
county,48329,441,856380,,62
county,48331,441,55065,,10
county,48333,441,30898,,3
county,48335,441,1485,,3
county,48337,441,58826,,10
county,48339,441,1598488,,144
county,48341,441,42762,,10
county,48343,441,4462,,4
county,48347,441,239895,,34
county,48349,441,219917,,24
county,48353,441,40904,,12
county,48355,441,1458549,,138
county,48357,441,27653,,10
county,48361,441,151265,,32
county,48363,441,47452,,14
county,48365,441,61371,,10
county,48367,441,1080898,,53
county,48369,441,5357,,4
county,48371,441,31503,,10
county,48373,441,161982,,21
county,48375,441,,D,
county,48379,441,11293,,7
county,48381,441,652569,,67
county,48383,441,7591,,3
county,48387,441,11098,,4
county,48389,441,33736,,4
county,48395,441,,D,
county,48397,441,520499,,37
county,48399,441,,D,
county,48401,441,82167,,15
county,48403,441,1626,,4
county,48405,441,25050,,6
county,48409,441,170553,,20
county,48411,441,,D,
county,48415,441,77007,,10
county,48419,441,38153,,12
county,48421,441,12816,,3
county,48423,441,1259870,,129
county,48427,441,119077,,18
county,48429,441,10658,,6
county,48437,441,,D,
county,48439,441,10474788,,730
county,48441,441,658997,,76
county,48445,441,29720,,6
county,48449,441,129862,,18
county,48451,441,618068,,54
county,48453,441,4906619,,310
county,48455,441,1715,,3
county,48457,441,4474,,4
county,48459,441,49155,,13
county,48463,441,51594,,10
county,48465,441,,D,
county,48467,441,89268,,27
county,48469,441,518929,,62
county,48471,441,272054,,24
county,48473,441,217051,,12
county,48475,441,30238,,3
county,48477,441,137815,,16
county,48479,441,687496,,120
county,48481,441,178658,,28
county,48483,441,9056,,5
county,48485,441,519263,,63
county,48487,441,,D,
county,48489,441,12466,,4
county,48491,441,2618964,,162
county,48493,441,139293,,13
county,48495,441,12034,,3
county,48497,441,388715,,25
county,48499,441,168530,,18
county,48501,441,22052,,6
county,48503,441,37107,,12
county,48505,441,3407,,5
county,49001,441,4813,,5
county,49003,441,150159,,23
county,49005,441,328832,,44
county,49007,441,107008,,14
county,49011,441,1340082,,135
county,49013,441,59893,,12
county,49015,441,10568,,5
county,49019,441,,D,
county,49021,441,103692,,25
county,49023,441,11264,,7
county,49027,441,31677,,8
county,49029,441,21709,,5
county,49035,441,6310183,,421
county,49037,441,2085,,3
county,49039,441,41944,,9
county,49041,441,105775,,18
county,49043,441,62921,,9
county,49045,441,92768,,17
county,49047,441,108154,,22
county,49049,441,1762879,,189
county,49051,441,93629,,12
county,49053,441,702547,,71
county,49057,441,960700,,107
county,50001,441,143705,,22
county,50003,441,139173,,20
county,50005,441,235695,,24
county,50007,441,895690,,72
county,50011,441,,D,
county,50015,441,,D,
county,50017,441,28919,,11
county,50019,441,94425,,20
county,50021,441,320427,,54
county,50023,441,363938,,47
county,50025,441,94257,,21
county,50027,441,322066,,29
county,51001,441,19639,,14
county,51003,441,440024,,25
county,51005,441,,D,
county,51007,441,,D,
county,51009,441,51725,,19
county,51011,441,21146,,10
county,51013,441,588730,,37
county,51015,441,295044,,26
county,51019,441,200594,,36
county,51021,441,1577,,4
county,51023,441,22227,,9
county,51025,441,,D,
county,51027,441,12273,,10
county,51029,441,14145,,9
county,51031,441,114771,,35
county,51033,441,3550,,8
county,51035,441,13706,,8
county,51041,441,1632589,,148
county,51047,441,187964,,27
county,51049,441,8782,,4
county,51051,441,,D,
county,51053,441,9052,,7
county,51057,441,50012,,14
county,51059,441,4278831,,167
county,51061,441,368430,,34
county,51063,441,,D,
county,51067,441,80010,,30
county,51069,441,260433,,40
county,51071,441,16209,,8
county,51073,441,118087,,26
county,51075,441,32350,,10
county,51077,441,,D,
county,51079,441,20290,,13
county,51083,441,31191,,16
county,51085,441,624727,,55
county,51087,441,1527801,,136
county,51089,441,152537,,30
county,51093,441,19458,,13
county,51095,441,,D,
county,51099,441,99469,,11
county,51101,441,25495,,13
county,51103,441,9510,,7
county,51105,441,,D,
county,51107,441,1561330,,108
county,51109,441,19012,,9
county,51111,441,5221,,8
county,51113,441,23061,,3
county,51117,441,76145,,25
county,51119,441,11617,,7
county,51121,441,198422,,30
county,51125,441,,D,
county,51127,441,13384,,9
county,51131,441,4618,,7
county,51133,441,6944,,6
county,51135,441,14418,,11
county,51137,441,84111,,19
county,51139,441,25426,,15
county,51141,441,4064,,3
county,51143,441,69670,,24
county,51145,441,67329,,11
county,51147,441,,D,
county,51149,441,98832,,8
county,51153,441,1558248,,130
county,51155,441,26255,,12
county,51157,441,,D,
county,51159,441,11483,,5
county,51161,441,288021,,26
county,51163,441,4143,,5
county,51165,441,72223,,41
county,51167,441,73938,,18
county,51169,441,6476,,6
county,51171,441,62210,,18
county,51173,441,34638,,14
county,51175,441,1686,,3
county,51177,441,942209,,92
county,51179,441,265358,,62
county,51183,441,19909,,7
county,51185,441,116423,,27
county,51187,441,104203,,20
county,51191,441,55446,,20
county,51193,441,23042,,6
county,51195,441,135005,,35
county,51197,441,87681,,20
county,51199,441,167640,,25
county,51510,441,1046098,,37
county,51520,441,51091,,18
county,51530,441,1759,,3
county,51540,441,,D,
county,51550,441,1321619,,91
county,51570,441,20497,,13
county,51580,441,30285,,10
county,51590,441,347902,,50
county,51595,441,6091,,6
county,51600,441,975604,,29
county,51610,441,197378,,13
county,51620,441,49016,,10
county,51630,441,211357,,25
county,51640,441,25114,,12
county,51650,441,478610,,53
county,51660,441,370111,,54
county,51670,441,19167,,12
county,51680,441,259895,,35
county,51683,441,530086,,37
county,51685,441,,D,
county,51690,441,34438,,9
county,51700,441,841071,,82
county,51710,441,665869,,104
county,51720,441,,D,
county,51730,441,73217,,23
county,51735,441,7313,,5
county,51740,441,79850,,43
county,51760,441,480316,,76
county,51770,441,531091,,67
county,51775,441,99129,,23
county,51790,441,75745,,19
county,51800,441,199223,,34
county,51810,441,1668195,,164
county,51820,441,53350,,13
county,51830,441,57097,,7
county,51840,441,298858,,39
county,53001,441,16470,,10
county,53003,441,24156,,7
county,53005,441,648159,,79
county,53007,441,287450,,46
county,53009,441,169562,,36
county,53011,441,1078930,,98
county,53015,441,420931,,51
county,53017,441,70924,,7
county,53019,441,2637,,3
county,53021,441,648237,,48
county,53025,441,177371,,60
county,53027,441,152618,,37
county,53029,441,37326,,18
county,53031,441,13338,,11
county,53033,441,7348071,,570
county,53035,441,826907,,80
county,53037,441,119366,,21
county,53039,441,8176,,7
county,53041,441,230292,,52
county,53043,441,,D,
county,53045,441,54258,,19
county,53047,441,81021,,27
county,53049,441,15380,,7
county,53053,441,3902795,,327
county,53055,441,19202,,7
county,53057,441,719379,,78
county,53061,441,3048498,,289
county,53063,441,1904602,,235
county,53065,441,,D,
county,53067,441,854765,,79
county,53071,441,,D,
county,53073,441,554403,,73
county,53075,441,142671,,12
county,53077,441,747359,,132
county,54001,441,6476,,6
county,54003,441,178554,,38
county,54005,441,,D,
county,54007,441,20284,,10
county,54009,441,31075,,9
county,54011,441,370211,,53
county,54013,441,1488,,3
county,54019,441,26534,,11
county,54021,441,2938,,4
county,54023,441,8890,,5
county,54025,441,128103,,24
county,54027,441,25300,,5
county,54029,441,7990,,7
county,54031,441,48744,,9
county,54033,441,376021,,55
county,54035,441,89662,,12
county,54037,441,29294,,11
county,54039,441,912371,,97
county,54041,441,29724,,9
county,54043,441,2160,,4
county,54045,441,152281,,17
county,54049,441,262387,,34
county,54051,441,83761,,13
county,54053,441,5224,,7
county,54055,441,266317,,34
county,54057,441,56124,,9
county,54059,441,27174,,9
county,54061,441,377474,,43
county,54065,441,32427,,8
county,54067,441,115801,,14
county,54069,441,219581,,22
county,54073,441,5876,,5
county,54075,441,,D,
county,54077,441,57726,,17
county,54079,441,164879,,22
county,54081,441,449534,,49
county,54083,441,88317,,17
county,54085,441,6456,,6
county,54087,441,16311,,4
county,54091,441,,D,
county,54093,441,,D,
county,54095,441,,D,
county,54097,441,105000,,14
county,54099,441,44693,,14
county,54103,441,24638,,14
county,54107,441,,D,
county,54109,441,4518,,8
county,55001,441,23461,,9
county,55003,441,55421,,10
county,55005,441,190903,,37
county,55007,441,,D,
county,55009,441,1136553,,107
county,55011,441,3950,,6
county,55013,441,21233,,10
county,55015,441,103652,,20
county,55017,441,478458,,53
county,55019,441,75399,,22
county,55021,441,158474,,26
county,55023,441,30976,,9
county,55025,441,2146830,,149
county,55027,441,176604,,37
county,55029,441,127018,,23
county,55031,441,167701,,24
county,55033,441,175648,,20
county,55035,441,314138,,38
county,55037,441,8309,,3
county,55039,441,630453,,40
county,55041,441,1719,,3
county,55043,441,191316,,26
county,55045,441,153886,,24
county,55047,441,60791,,9
county,55049,441,96864,,9
county,55053,441,35449,,9
county,55055,441,207082,,42
county,55057,441,60625,,12
county,55059,441,441961,,62
county,55061,441,35137,,8
county,55063,441,533078,,57
county,55065,441,22810,,5
county,55067,441,143086,,21
county,55069,441,104549,,21
county,55071,441,171488,,40
county,55073,441,663231,,70
county,55075,441,137052,,27
county,55077,441,7337,,7
county,55079,441,2641162,,253
county,55081,441,144851,,23
county,55083,441,124611,,14
county,55085,441,231126,,30
county,55087,441,1158399,,92
county,55089,441,444468,,27
county,55091,441,16317,,6
county,55093,441,69924,,8
county,55095,441,92939,,31
county,55097,441,279138,,31
county,55099,441,24236,,9
county,55101,441,668761,,82
county,55103,441,61919,,11
county,55105,441,644528,,68
county,55107,441,19087,,9
county,55109,441,444954,,40
county,55111,441,296893,,35
county,55113,441,58192,,11
county,55115,441,97665,,22
county,55117,441,560580,,49
county,55119,441,62016,,15
county,55121,441,85792,,12
county,55123,441,108856,,12
county,55125,441,93823,,21
county,55127,441,477003,,55
county,55129,441,55136,,15
county,55131,441,569150,,51
county,55133,441,1861157,,135
county,55135,441,145852,,32
county,55137,441,43833,,13
county,55139,441,567045,,73
county,55141,441,225216,,48
county,56001,441,97535,,17
county,56003,441,10823,,5
county,56005,441,234131,,36
county,56007,441,31654,,8
county,56009,441,,D,
county,56013,441,209934,,25
county,56015,441,15834,,7
county,56019,441,13668,,7
county,56021,441,381222,,56
county,56023,441,54089,,13
county,56025,441,343432,,56
county,56029,441,140758,,28
county,56031,441,43068,,8
county,56033,441,175549,,24
county,56035,441,20434,,7
county,56037,441,219895,,29
county,56039,441,93212,,8
county,56041,441,55568,,13
county,56043,441,9535,,6
county,56045,441,27341,,5
county,01001,442,,D,
county,01003,442,103842,,74
county,01005,442,1375,,3
county,01013,442,5343,,5
county,01015,442,33469,,23
county,01017,442,4479,,7
county,01019,442,,D,
county,01021,442,3718,,7
county,01025,442,1815,,3
county,01031,442,,D,
county,01033,442,7260,,7
county,01039,442,,D,
county,01043,442,12775,,17
county,01045,442,11720,,6
county,01047,442,4549,,7
county,01049,442,19644,,9
county,01051,442,,D,
county,01053,442,5980,,12
county,01055,442,18125,,14
county,01057,442,,D,
county,01059,442,,D,
county,01065,442,,D,
county,01069,442,,D,
county,01071,442,5880,,9
county,01073,442,286332,,145
county,01077,442,24421,,24
county,01079,442,,D,
county,01081,442,30039,,23
county,01083,442,15583,,18
county,01089,442,158429,,89
county,01091,442,2835,,5
county,01095,442,16770,,18
county,01097,442,140611,,78
county,01101,442,96792,,48
county,01103,442,,D,
county,01107,442,,D,
county,01109,442,5215,,6
county,01113,442,,D,
county,01115,442,,D,
county,01117,442,90229,,39
county,01121,442,,D,
county,01123,442,6401,,7
county,01125,442,52756,,34
county,01127,442,17720,,12
county,01133,442,2677,,6
county,02020,442,110841,,48
county,02090,442,25465,,12
county,02110,442,6569,,6
county,02122,442,13108,,12
county,02130,442,5103,,5
county,02150,442,1932,,3
county,02170,442,24123,,17
county,04003,442,2865,,6
county,04005,442,34518,,31
county,04007,442,,D,
county,04009,442,6530,,6
county,04013,442,1923209,,624
county,04015,442,38726,,33
county,04017,442,10779,,13
county,04019,442,306483,,138
county,04021,442,13714,,16
county,04023,442,4332,,12
county,04025,442,53685,,44
county,04027,442,35022,,25
county,05001,442,,D,
county,05003,442,2941,,4
county,05005,442,11897,,12
county,05007,442,,D,
county,05009,442,5900,,6
county,05015,442,5289,,9
county,05017,442,,D,
county,05019,442,2667,,3
county,05021,442,1775,,3
county,05023,442,,D,
county,05027,442,5680,,4
county,05031,442,45478,,27
county,05033,442,12601,,8
county,05035,442,2037,,3
county,05043,442,3435,,5
county,05045,442,48841,,27
county,05051,442,36058,,24
county,05055,442,8838,,6
county,05057,442,3368,,5
county,05063,442,9983,,10
county,05065,442,,D,
county,05069,442,12590,,14
county,05071,442,600,,3
county,05083,442,3579,,4
county,05085,442,2273,,3
county,05091,442,,D,
county,05093,442,7940,,8
county,05103,442,2415,,4
county,05107,442,3781,,7
county,05113,442,3881,,4
county,05115,442,,D,
county,05119,442,206436,,106
county,05121,442,3816,,4
county,05123,442,4232,,5
county,05125,442,40945,,17
county,05131,442,40820,,24
county,05139,442,6858,,7
county,05143,442,119645,,50
county,05145,442,21121,,17
county,06001,442,711414,,238
county,06005,442,,D,
county,06007,442,64024,,43
county,06009,442,3786,,5
county,06013,442,354111,,144
county,06015,442,974,,3
county,06017,442,19340,,18
county,06019,442,204348,,94
county,06023,442,32861,,24
county,06025,442,16101,,13
county,06027,442,3372,,4
county,06029,442,178749,,70
county,06031,442,10546,,8
county,06033,442,4556,,7
county,06037,442,3477970,,1380
county,06039,442,10129,,8
county,06041,442,194632,,74
county,06045,442,15400,,16
county,06047,442,20472,,19
county,06051,442,,D,
county,06053,442,91774,,60
county,06055,442,32080,,22
county,06057,442,36094,,20
county,06059,442,1391470,,512
county,06061,442,313148,,75
county,06063,442,2234,,4
county,06065,442,585652,,252
county,06067,442,357267,,164
county,06071,442,563636,,205
county,06073,442,1408852,,428
county,06075,442,426316,,190
county,06077,442,87926,,70
county,06079,442,102741,,66
county,06081,442,410813,,118
county,06083,442,111169,,78
county,06085,442,,D,
county,06087,442,62153,,39
county,06089,442,48669,,31
county,06093,442,3210,,5
county,06095,442,96617,,50
county,06097,442,165359,,98
county,06099,442,114105,,64
county,06101,442,,D,
county,06103,442,3142,,3
county,06107,442,90643,,45
county,06109,442,10930,,7
county,06111,442,241509,,113
county,06113,442,131889,,15
county,08001,442,174262,,35
county,08003,442,,D,
county,08005,442,476719,,82
county,08007,442,4990,,7
county,08013,442,161386,,75
county,08014,442,,D,
county,08015,442,3858,,5
county,08029,442,5123,,4
county,08031,442,346032,,129
county,08035,442,176654,,48
county,08037,442,32226,,25
county,08041,442,294810,,109
county,08043,442,2274,,4
county,08045,442,27885,,16
county,08049,442,3311,,8
county,08051,442,8370,,10
county,08059,442,222308,,74
county,08067,442,25956,,23
county,08069,442,178753,,73
county,08075,442,1846,,5
county,08077,442,63887,,26
county,08085,442,8378,,10
county,08087,442,,D,
county,08097,442,15866,,12
county,08101,442,41566,,19
county,08107,442,13192,,15
county,08113,442,,D,
county,08117,442,21888,,17
county,08119,442,3682,,4
county,08123,442,96609,,26
county,09001,442,573840,,234
county,09003,442,388011,,155
county,09005,442,34737,,31
county,09007,442,70442,,26
county,09009,442,373219,,123
county,09011,442,83475,,46
county,09013,442,48130,,14
county,09015,442,11809,,9
county,10001,442,36965,,17
county,10003,442,296749,,112
county,10005,442,162296,,80
county,11001,442,185187,,84
county,12001,442,71835,,50
county,12005,442,,D,
county,12009,442,187204,,97
county,12011,442,1137854,,369
county,12015,442,94590,,46
county,12017,442,12372,,18
county,12019,442,56916,,22
county,12021,442,439810,,150
county,12023,442,8455,,9
county,12031,442,413029,,161
county,12033,442,135754,,53
county,12035,442,9212,,11
county,12037,442,5998,,6
county,12039,442,,D,
county,12053,442,28692,,23
county,12055,442,18524,,19
county,12057,442,766139,,235
county,12061,442,88179,,50
county,12063,442,5013,,7
county,12069,442,116343,,59
county,12071,442,449968,,171
county,12073,442,107591,,43
county,12075,442,2121,,4
county,12081,442,164121,,64
county,12083,442,114269,,59
county,12085,442,156448,,73
county,12086,442,1337743,,544
county,12087,442,17435,,27
county,12089,442,,D,
county,12091,442,86348,,49
county,12093,442,1884,,3
county,12095,442,657820,,206
county,12097,442,95359,,25
county,12099,442,910617,,385
county,12101,442,152661,,66
county,12103,442,424816,,187
county,12105,442,161684,,80
county,12107,442,7745,,7
county,12109,442,65698,,39
county,12111,442,30588,,24
county,12113,442,10572,,17
county,12115,442,287411,,148
county,12117,442,279421,,94
county,12119,442,47024,,16
county,12127,442,174042,,99
county,12129,442,,D,
county,12131,442,52036,,38
county,12133,442,,D,
county,13009,442,3040,,4
county,13011,442,1885,,4
county,13013,442,7806,,6
county,13015,442,52503,,13
county,13017,442,,D,
county,13019,442,2364,,3
county,13021,442,67476,,30
county,13031,442,18020,,11
county,13039,442,7132,,9
county,13045,442,27650,,14
county,13047,442,10577,,10
county,13051,442,134399,,61
county,13057,442,73890,,33
county,13059,442,36253,,22
county,13063,442,55916,,23
county,13067,442,377549,,124
county,13069,442,3610,,6
county,13071,442,3698,,6
county,13073,442,58994,,23
county,13075,442,3383,,4
county,13077,442,39787,,19
county,13081,442,3007,,4
county,13085,442,23912,,14
county,13087,442,1704,,3
county,13089,442,251094,,80
county,13091,442,2679,,3
county,13095,442,24456,,16
county,13097,442,37686,,19
county,13103,442,,D,
county,13105,442,2602,,4
county,13107,442,4443,,4
county,13111,442,10855,,9
county,13113,442,58784,,32
county,13115,442,10180,,9
county,13117,442,105546,,40
county,13119,442,5534,,4
county,13121,442,774770,,247
county,13123,442,,D,
county,13127,442,,D,
county,13129,442,38580,,9
county,13133,442,3992,,5
county,13135,442,533739,,162
county,13137,442,11582,,13
county,13139,442,46337,,22
county,13147,442,3551,,4
county,13151,442,92719,,28
county,13153,442,,D,
county,13157,442,15652,,8
county,13161,442,3924,,5
county,13167,442,869,,3
county,13175,442,6820,,8
county,13177,442,,D,
county,13179,442,4439,,6
county,13185,442,30274,,26
county,13189,442,,D,
county,13199,442,2494,,3
county,13205,442,1825,,4
county,13213,442,,D,
county,13215,442,62236,,34
county,13217,442,6725,,7
county,13219,442,,D,
county,13223,442,27512,,9
county,13225,442,,D,
county,13227,442,3860,,5
county,13229,442,851,,3
county,13233,442,2602,,4
county,13237,442,3765,,6
county,13241,442,3040,,5
county,13245,442,82243,,34
county,13247,442,24581,,17
county,13255,442,9278,,10
county,13257,442,2398,,5
county,13261,442,,D,
county,13267,442,2302,,4
county,13275,442,6165,,8
county,13277,442,22909,,8
county,13279,442,5655,,5
county,13281,442,1109,,4
county,13285,442,10574,,11
county,13291,442,5543,,6
county,13293,442,3908,,4
county,13295,442,3266,,6
county,13297,442,5444,,9
county,13299,442,8946,,4
county,13303,442,3319,,3
county,13305,442,4609,,6
county,13311,442,3331,,8
county,13313,442,,D,
county,15001,442,53062,,28
county,15003,442,262825,,95
county,15007,442,8829,,12
county,15009,442,46077,,34
county,16001,442,287522,,90
county,16005,442,20609,,13
county,16011,442,,D,
county,16013,442,19934,,20
county,16017,442,12138,,8
county,16019,442,,D,
county,16027,442,,D,
county,16055,442,69476,,33
county,16057,442,10813,,6
county,16065,442,,D,
county,16067,442,,D,
county,16069,442,17644,,12
county,16075,442,,D,
county,16083,442,,D,
county,16085,442,3981,,6
county,17001,442,19310,,16
county,17019,442,97577,,38
county,17021,442,5312,,4
county,17027,442,,D,
county,17029,442,7670,,10
county,17031,442,1880177,,710
county,17033,442,1053,,4
county,17037,442,11246,,11
county,17041,442,3678,,7
county,17043,442,682843,,196
county,17049,442,11431,,12
county,17051,442,1949,,4
county,17055,442,3221,,5
county,17063,442,5954,,7
county,17065,442,1827,,3
county,17073,442,,D,
county,17077,442,,D,
county,17081,442,8086,,10
county,17085,442,,D,
county,17089,442,142744,,76
county,17091,442,19323,,15
county,17093,442,9719,,8
county,17095,442,4319,,7
county,17097,442,261181,,137
county,17099,442,20450,,17
county,17101,442,,D,
county,17103,442,5836,,5
county,17105,442,5067,,4
county,17107,442,3701,,5
county,17109,442,3004,,5
county,17111,442,64270,,48
county,17113,442,54658,,27
county,17115,442,23692,,14
county,17117,442,6024,,4
county,17119,442,53270,,35
county,17133,442,2971,,4
county,17135,442,3829,,4
county,17137,442,4392,,4
county,17139,442,4530,,4
county,17143,442,80533,,40
county,17157,442,2423,,4
county,17159,442,1642,,3
county,17161,442,14526,,11
county,17163,442,108542,,39
county,17165,442,,D,
county,17167,442,70096,,35
county,17177,442,,D,
county,17179,442,26266,,18
county,17183,442,7231,,7
county,17187,442,1771,,4
county,17191,442,1598,,3
county,17195,442,7845,,8
county,17197,442,289477,,68
county,17199,442,,D,
county,17201,442,,D,
county,17203,442,,D,
county,18001,442,7266,,7
county,18003,442,184628,,68
county,18005,442,18045,,17
county,18011,442,,D,
county,18013,442,,D,
county,18017,442,4674,,4
county,18019,442,43115,,21
county,18027,442,5216,,10
county,18029,442,4067,,7
county,18033,442,7754,,4
county,18035,442,17275,,17
county,18037,442,14678,,16
county,18039,442,29380,,24
county,18043,442,24142,,11
county,18047,442,2626,,3
county,18049,442,3967,,5
county,18051,442,2681,,3
county,18053,442,8212,,9
county,18055,442,3218,,5
county,18057,442,167195,,60
county,18059,442,1858,,5
county,18061,442,,D,
county,18063,442,69381,,36
county,18067,442,23712,,16
county,18069,442,2469,,6
county,18071,442,13434,,5
county,18077,442,6627,,5
county,18081,442,72883,,28
county,18083,442,7278,,11
county,18085,442,19579,,16
county,18087,442,14476,,13
county,18089,442,129319,,59
county,18091,442,10358,,14
county,18093,442,4858,,5
county,18095,442,19840,,13
county,18097,442,412649,,141
county,18099,442,5573,,7
county,18103,442,7541,,5
county,18105,442,,D,
county,18107,442,2689,,4
county,18109,442,4274,,4
county,18113,442,2767,,6
county,18127,442,43038,,24
county,18133,442,2790,,3
county,18137,442,3114,,3
county,18141,442,,D,
county,18145,442,,D,
county,18151,442,5571,,4
county,18153,442,,D,
county,18157,442,56672,,34
county,18159,442,2139,,3
county,18163,442,106461,,46
county,18167,442,34929,,22
county,18169,442,3058,,4
county,18173,442,,D,
county,18177,442,,D,
county,18179,442,2331,,4
county,18181,442,,D,
county,18183,442,2684,,5
county,19005,442,3661,,4
county,19013,442,43925,,28
county,19017,442,,D,
county,19019,442,2565,,5
county,19021,442,4617,,3
county,19027,442,14959,,8
county,19033,442,17201,,13
county,19041,442,3847,,4
county,19043,442,454,,3
county,19045,442,12402,,13
county,19049,442,22035,,11
county,19055,442,2167,,3
county,19057,442,12617,,11
county,19059,442,8196,,4
county,19061,442,42587,,32
county,19065,442,3382,,4
county,19067,442,2218,,3
county,19083,442,671,,4
county,19095,442,5849,,5
county,19099,442,5100,,3
county,19101,442,4996,,4
county,19103,442,69589,,26
county,19105,442,,D,
county,19109,442,2002,,4
county,19111,442,,D,
county,19113,442,,D,
county,19119,442,1232,,3
county,19121,442,,D,
county,19123,442,4292,,4
county,19125,442,6793,,5
county,19127,442,5640,,7
county,19131,442,1297,,3
county,19139,442,6787,,7
county,19141,442,2170,,4
county,19149,442,,D,
county,19151,442,,D,
county,19153,442,311495,,82
county,19155,442,8307,,4
county,19163,442,96937,,39
county,19167,442,12237,,10
county,19169,442,9976,,15
county,19179,442,7626,,6
county,19183,442,3715,,4
county,19187,442,,D,
county,19191,442,3029,,8
county,19193,442,34301,,19
county,20001,442,1249,,3
county,20009,442,,D,
county,20015,442,,D,
county,20029,442,,D,
county,20035,442,8472,,5
county,20037,442,6250,,5
county,20041,442,1306,,3
county,20045,442,17361,,17
county,20051,442,7332,,11
county,20055,442,14165,,8
county,20057,442,9877,,6
county,20059,442,3469,,4
county,20079,442,6369,,9
county,20091,442,361182,,116
county,20099,442,1965,,5
county,20103,442,,D,
county,20111,442,6773,,9
county,20113,442,,D,
county,20133,442,1805,,4
county,20149,442,,D,
county,20155,442,11285,,11
county,20161,442,19415,,15
county,20169,442,14611,,9
county,20173,442,176639,,85
county,20175,442,7654,,5
county,20177,442,49488,,27
county,20193,442,2171,,6
county,20209,442,,D,
county,21009,442,5381,,7
county,21013,442,3020,,5
county,21015,442,,D,
county,21019,442,15799,,10
county,21021,442,15992,,8
county,21029,442,,D,
county,21033,442,5795,,5
county,21035,442,18239,,10
county,21037,442,14217,,11
county,21043,442,6153,,5
county,21047,442,10362,,9
county,21051,442,3685,,4
county,21059,442,17079,,19
county,21067,442,219433,,75
county,21071,442,2260,,5
county,21073,442,,D,
county,21083,442,6530,,3
county,21085,442,4720,,4
county,21093,442,33774,,19
county,21099,442,3446,,3
county,21101,442,11160,,7
county,21107,442,9392,,6
county,21111,442,325116,,148
county,21113,442,9511,,9
county,21117,442,28418,,13
county,21121,442,,D,
county,21125,442,18980,,12
county,21143,442,1957,,3
county,21145,442,27109,,18
county,21151,442,8052,,10
county,21153,442,2167,,3
county,21157,442,3384,,4
county,21161,442,7535,,5
county,21173,442,3561,,4
county,21179,442,9427,,9
county,21185,442,9749,,4
county,21195,442,12863,,7
county,21199,442,17596,,14
county,21209,442,3338,,4
county,21211,442,4682,,7
county,21217,442,7421,,5
county,21227,442,58065,,30
county,21239,442,,D,
county,22001,442,4723,,6
county,22005,442,24144,,11
county,22009,442,5408,,4
county,22011,442,6066,,3
county,22015,442,43777,,21
county,22017,442,81543,,46
county,22019,442,66380,,37
county,22029,442,,D,
county,22033,442,321495,,102
county,22039,442,,D,
county,22045,442,7524,,7
county,22051,442,281300,,103
county,22053,442,2332,,3
county,22055,442,109289,,52
county,22057,442,8881,,9
county,22061,442,7272,,8
county,22063,442,17579,,11
county,22069,442,6236,,7
county,22071,442,96149,,52
county,22073,442,46050,,31
county,22079,442,43850,,23
county,22089,442,3981,,5
county,22093,442,2801,,3
county,22097,442,17809,,10
county,22099,442,1287,,3
county,22101,442,2625,,3
county,22103,442,119005,,56
county,22105,442,20513,,17
county,22109,442,39050,,26
county,22113,442,3144,,3
county,22115,442,4746,,6
county,22117,442,1024,,3
county,22119,442,,D,
county,23001,442,30816,,19
county,23003,442,10958,,8
county,23005,442,182930,,95
county,23007,442,7060,,6
county,23009,442,17436,,16
county,23011,442,41028,,26
county,23013,442,13417,,14
county,23015,442,9976,,11
county,23017,442,11288,,6
county,23019,442,45486,,29
county,23021,442,,D,
county,23023,442,10730,,9
county,23025,442,2240,,3
county,23027,442,2924,,4
county,23031,442,36606,,39
county,24001,442,,D,
county,24003,442,236129,,115
county,24005,442,383710,,133
county,24009,442,5135,,9
county,24011,442,,D,
county,24013,442,39125,,31
county,24015,442,5239,,5
county,24017,442,78655,,29
county,24021,442,80419,,46
county,24023,442,5234,,9
county,24025,442,79981,,47
county,24027,442,108104,,42
county,24029,442,1210,,5
county,24031,442,376373,,181
county,24033,442,385964,,86
county,24035,442,16936,,14
county,24037,442,,D,
county,24041,442,15898,,16
county,24043,442,58857,,32
county,24045,442,37743,,21
county,24047,442,,D,
county,24510,442,58611,,43
county,25001,442,180290,,115
county,25003,442,56024,,33
county,25005,442,250030,,84
county,25007,442,16321,,12
county,25009,442,235826,,108
county,25011,442,,D,
county,25013,442,143702,,63
county,25015,442,28013,,26
county,25017,442,774125,,265
county,25019,442,,D,
county,25021,442,600060,,131
county,25023,442,156610,,79
county,25025,442,202618,,92
county,25027,442,223545,,98
county,26005,442,5524,,12
county,26007,442,9564,,5
county,26015,442,983,,3
county,26017,442,26422,,13
county,26019,442,3640,,4
county,26021,442,16918,,25
county,26023,442,8668,,8
county,26025,442,24982,,14
county,26031,442,7047,,7
county,26033,442,,D,
county,26035,442,5894,,4
county,26037,442,4913,,5
county,26041,442,10729,,6
county,26043,442,3962,,4
county,26045,442,56139,,25
county,26047,442,32415,,20
county,26049,442,86929,,37
county,26053,442,929,,3
county,26055,442,67725,,34
county,26057,442,1865,,3
county,26059,442,2326,,6
county,26061,442,10452,,4
county,26063,442,5349,,5
county,26065,442,91103,,45
county,26067,442,2807,,3
county,26069,442,6299,,4
county,26073,442,16193,,10
county,26075,442,36110,,18
county,26077,442,89787,,42
county,26079,442,,D,
county,26081,442,256350,,103
county,26087,442,11805,,12
county,26091,442,,D,
county,26093,442,45545,,25
county,26099,442,371482,,107
county,26101,442,3253,,4
county,26103,442,10802,,10
county,26105,442,4158,,5
county,26107,442,6839,,5
county,26111,442,,D,
county,26115,442,,D,
county,26117,442,9038,,7
county,26121,442,46485,,31
county,26123,442,,D,
county,26125,442,653959,,243
county,26129,442,3510,,4
county,26137,442,4952,,7
county,26139,442,116785,,47
county,26143,442,,D,
county,26145,442,93675,,39
county,26147,442,28831,,16
county,26149,442,4407,,6
county,26151,442,1775,,4
county,26155,442,7945,,7
county,26157,442,,D,
county,26159,442,8958,,8
county,26161,442,130057,,54
county,26163,442,501125,,146
county,26165,442,,D,
county,27003,442,215013,,45
county,27007,442,5704,,8
county,27009,442,6286,,4
county,27013,442,33122,,18
county,27015,442,3844,,5
county,27017,442,,D,
county,27019,442,8913,,10
county,27021,442,4431,,4
county,27023,442,1250,,4
county,27025,442,12826,,10
county,27027,442,6341,,4
county,27035,442,11635,,18
county,27037,442,144785,,57
county,27041,442,8244,,9
county,27043,442,810,,3
county,27045,442,5912,,4
county,27047,442,,D,
county,27049,442,6812,,10
county,27053,442,711992,,237
county,27057,442,2024,,9
county,27061,442,,D,
county,27067,442,19009,,8
county,27079,442,,D,
county,27083,442,5551,,5
county,27085,442,10693,,7
county,27091,442,2836,,3
county,27093,442,1489,,3
county,27095,442,3656,,3
county,27097,442,2483,,4
county,27099,442,3025,,4
county,27103,442,9807,,4
county,27105,442,5366,,5
county,27109,442,96549,,33
county,27111,442,7967,,8
county,27113,442,2524,,3
county,27119,442,1940,,3
county,27123,442,173300,,70
county,27127,442,7131,,4
county,27131,442,8685,,8
county,27137,442,54049,,39
county,27139,442,42799,,15
county,27141,442,63252,,12
county,27145,442,98788,,28
county,27147,442,18768,,13
county,27153,442,1091,,3
county,27157,442,,D,
county,27163,442,112202,,42
county,27169,442,3764,,4
county,27171,442,38951,,16
county,27173,442,,D,
county,28001,442,,D,
county,28003,442,6002,,8
county,28011,442,7678,,5
county,28017,442,2960,,5
county,28019,442,739,,3
county,28027,442,3480,,7
county,28033,442,62517,,26
county,28035,442,9470,,7
county,28047,442,74523,,42
county,28049,442,55892,,40
county,28059,442,,D,
county,28067,442,11317,,13
county,28071,442,17095,,12
county,28073,442,38903,,18
county,28075,442,14013,,14
county,28081,442,46580,,27
county,28083,442,3700,,5
county,28085,442,9470,,7
county,28087,442,18035,,14
county,28089,442,61620,,27
county,28091,442,1189,,3
county,28095,442,2694,,4
county,28099,442,,D,
county,28105,442,11143,,10
county,28107,442,,D,
county,28109,442,3578,,6
county,28113,442,11380,,7
county,28115,442,,D,
county,28121,442,91071,,33
county,28123,442,1913,,3
county,28133,442,1715,,3
county,28141,442,4170,,4
county,28145,442,5663,,5
county,28149,442,4363,,7
county,28151,442,6084,,8
county,28153,442,1592,,4
county,29001,442,,D,
county,29007,442,7268,,5
county,29009,442,6299,,6
county,29019,442,60584,,32
county,29021,442,21061,,15
county,29023,442,16882,,7
county,29027,442,,D,
county,29029,442,28325,,22
county,29031,442,30536,,19
county,29037,442,,D,
county,29043,442,24512,,13
county,29047,442,48217,,30
county,29051,442,24018,,16
county,29053,442,,D,
county,29071,442,13280,,13
county,29073,442,1479,,3
county,29077,442,143346,,62
county,29081,442,2189,,3
county,29083,442,3799,,5
county,29091,442,7720,,6
county,29095,442,181763,,99
county,29097,442,38905,,24
county,29099,442,18808,,19
county,29101,442,8120,,7
county,29105,442,6902,,7
county,29113,442,,D,
county,29117,442,3653,,5
county,29127,442,,D,
county,29131,442,12393,,7
county,29141,442,,D,
county,29145,442,14119,,9
county,29157,442,,D,
county,29159,442,9443,,6
county,29161,442,8789,,8
county,29165,442,,D,
county,29167,442,,D,
county,29169,442,,D,
county,29175,442,4348,,3
county,29177,442,,D,
county,29183,442,151238,,69
county,29187,442,,D,
county,29189,442,527055,,202
county,29201,442,12112,,9
county,29209,442,5899,,7
county,29213,442,23534,,23
county,29217,442,2822,,4
county,29510,442,111221,,28
county,30009,442,4749,,3
county,30013,442,48314,,25
county,30017,442,2750,,4
county,30027,442,3162,,3
county,30029,442,38568,,31
county,30031,442,105544,,41
county,30035,442,3039,,3
county,30041,442,4910,,4
county,30047,442,,D,
county,30049,442,26130,,19
county,30053,442,2713,,6
county,30063,442,58632,,34
county,30067,442,2694,,5
county,30081,442,4444,,8
county,30093,442,11946,,10
county,30105,442,2536,,4
county,30111,442,83178,,41
county,31001,442,5986,,4
county,31019,442,,D,
county,31047,442,,D,
county,31055,442,498488,,75
county,31067,442,7683,,7
county,31079,442,,D,
county,31089,442,,D,
county,31109,442,101545,,45
county,31111,442,8329,,6
county,31119,442,19412,,9
county,31141,442,8015,,7
county,31145,442,2322,,3
county,31153,442,26752,,13
county,31157,442,5903,,7
county,31161,442,1131,,3
county,31185,442,2317,,3
county,32003,442,832934,,259
county,32005,442,9383,,8
county,32007,442,4202,,5
county,32013,442,3360,,5
county,32019,442,3040,,3
county,32023,442,1880,,4
county,32031,442,,D,
county,32033,442,6098,,3
county,32510,442,17364,,10
county,33001,442,20978,,14
county,33003,442,,D,
county,33005,442,19948,,17
county,33007,442,,D,
county,33009,442,37449,,28
county,33011,442,307935,,75
county,33013,442,36479,,29
county,33015,442,224085,,103
county,33017,442,23715,,16
county,33019,442,,D,
county,34001,442,100555,,42
county,34003,442,677560,,221
county,34005,442,142534,,62
county,34007,442,189777,,77
county,34009,442,74957,,30
county,34011,442,16961,,14
county,34013,442,219567,,107
county,34015,442,106292,,45
county,34017,442,173695,,75
county,34019,442,25600,,22
county,34021,442,119147,,58
county,34023,442,299711,,103
county,34025,442,355075,,164
county,34027,442,243166,,99
county,34029,442,247471,,113
county,34031,442,211404,,92
county,34033,442,3205,,4
county,34035,442,176370,,71
county,34037,442,19608,,15
county,34039,442,309137,,90
county,34041,442,29243,,12
county,35001,442,228960,,105
county,35005,442,6475,,9
county,35009,442,3487,,6
county,35013,442,35349,,18
county,35015,442,10356,,7
county,35017,442,4886,,5
county,35025,442,12464,,9
county,35027,442,10978,,12
county,35031,442,,D,
county,35035,442,8596,,13
county,35043,442,,D,
county,35045,442,23431,,20
county,35049,442,73602,,61
county,35055,442,9876,,18
county,35061,442,,D,
county,36001,442,215728,,70
county,36005,442,172737,,132
county,36007,442,,D,
county,36009,442,14731,,17
county,36011,442,10049,,10
county,36013,442,11552,,17
county,36015,442,28165,,15
county,36019,442,21485,,9
county,36021,442,7391,,10
county,36023,442,,D,
county,36027,442,109591,,49
county,36029,442,319275,,141
county,36031,442,15793,,8
county,36033,442,6777,,7
county,36035,442,16778,,11
county,36037,442,11012,,11
county,36043,442,4282,,10
county,36045,442,35809,,17
county,36047,442,659682,,414
county,36051,442,11146,,9
county,36053,442,5124,,9
county,36055,442,254678,,109
county,36057,442,2230,,5
county,36059,442,777435,,264
county,36061,442,1668277,,521
county,36063,442,29982,,21
county,36065,442,84667,,39
county,36067,442,190187,,79
county,36069,442,88189,,38
county,36071,442,127278,,66
county,36075,442,12727,,9
county,36077,442,21632,,16
county,36079,442,7125,,8
county,36081,442,336838,,310
county,36083,442,,D,
county,36085,442,134680,,56
county,36087,442,126927,,70
county,36089,442,7393,,10
county,36091,442,81753,,44
county,36093,442,34578,,22
county,36095,442,,D,
county,36099,442,1833,,4
county,36101,442,12658,,15
county,36103,442,744992,,337
county,36105,442,3522,,6
county,36107,442,,D,
county,36109,442,20061,,17
county,36111,442,31493,,31
county,36113,442,,D,
county,36117,442,7051,,11
county,36119,442,514746,,214
county,36121,442,4490,,6
county,36123,442,,D,
county,37001,442,38722,,36
county,37007,442,2783,,3
county,37009,442,,D,
county,37011,442,5869,,5
county,37013,442,,D,
county,37017,442,1107,,3
county,37019,442,24096,,23
county,37021,442,157472,,85
county,37023,442,17919,,11
county,37025,442,73589,,43
county,37027,442,,D,
county,37031,442,32958,,27
county,37035,442,82980,,34
county,37037,442,,D,
county,37039,442,,D,
county,37043,442,4069,,3
county,37045,442,16064,,14
county,37047,442,,D,
county,37049,442,14058,,18
county,37051,442,,D,
county,37053,442,7365,,6
county,37055,442,36138,,25
county,37057,442,17101,,16
county,37059,442,19704,,7
county,37061,442,4852,,6
county,37063,442,,D,
county,37065,442,6096,,7
county,37067,442,123331,,79
county,37071,442,33043,,28
county,37077,442,,D,
county,37081,442,416700,,122
county,37083,442,8910,,10
county,37085,442,37249,,8
county,37087,442,18825,,10
county,37089,442,,D,
county,37097,442,44705,,30
county,37099,442,7935,,14
county,37101,442,,D,
county,37105,442,7498,,10
county,37107,442,10466,,14
county,37109,442,10308,,10
county,37111,442,6367,,4
county,37113,442,18185,,24
county,37117,442,,D,
county,37119,442,706614,,252
county,37125,442,30157,,24
county,37127,442,17533,,17
county,37129,442,152287,,76
county,37133,442,58712,,29
county,37135,442,16577,,20
county,37139,442,8592,,9
county,37141,442,4537,,6
county,37145,442,,D,
county,37147,442,59735,,34
county,37151,442,8019,,11
county,37153,442,3791,,3
county,37155,442,12110,,13
county,37157,442,13247,,16
county,37159,442,16736,,17
county,37161,442,6786,,7
county,37163,442,9841,,10
county,37165,442,5744,,7
county,37167,442,6164,,10
county,37169,442,,D,
county,37171,442,12562,,11
county,37179,442,32384,,27
county,37181,442,5700,,4
county,37183,442,501138,,220
county,37189,442,14932,,25
county,37191,442,26792,,25
county,37193,442,,D,
county,37195,442,29497,,24
county,37197,442,,D,
county,38015,442,61406,,30
county,38017,442,140315,,41
county,38021,442,,D,
county,38035,442,40418,,16
county,38059,442,2052,,5
county,38071,442,9247,,5
county,38089,442,18389,,8
county,38093,442,2984,,4
county,38101,442,25396,,13
county,38105,442,12883,,7
county,39001,442,5805,,5
county,39003,442,32726,,14
county,39005,442,14922,,6
county,39007,442,10605,,9
county,39009,442,5807,,4
county,39011,442,3096,,4
county,39013,442,,D,
county,39017,442,236094,,45
county,39021,442,2202,,3
county,39023,442,16499,,13
county,39025,442,53303,,22
county,39027,442,3623,,3
county,39029,442,,D,
county,39031,442,3821,,5
county,39035,442,436195,,184
county,39037,442,5764,,6
county,39039,442,6499,,6
county,39041,442,132451,,44
county,39043,442,25051,,15
county,39045,442,38560,,19
county,39047,442,8610,,7
county,39049,442,508911,,186
county,39051,442,7596,,9
county,39053,442,,D,
county,39055,442,10537,,13
county,39057,442,53163,,28
county,39059,442,3267,,4
county,39061,442,363591,,132
county,39063,442,21537,,16
county,39065,442,869,,3
county,39069,442,4677,,5
county,39073,442,,D,
county,39075,442,29248,,26
county,39077,442,2981,,5
county,39079,442,,D,
county,39081,442,,D,
county,39083,442,5266,,6
county,39085,442,65596,,34
county,39087,442,,D,
county,39089,442,,D,
county,39091,442,8804,,7
county,39093,442,46038,,32
county,39095,442,164568,,61
county,39099,442,116156,,42
county,39101,442,13582,,5
county,39103,442,73243,,19
county,39107,442,3317,,5
county,39109,442,18325,,14
county,39113,442,188509,,83
county,39119,442,26054,,10
county,39123,442,7687,,4
county,39129,442,,D,
county,39131,442,1127,,3
county,39133,442,16246,,12
county,39135,442,5571,,5
county,39137,442,,D,
county,39139,442,27271,,18
county,39141,442,22389,,10
county,39143,442,5464,,7
county,39145,442,30029,,7
county,39147,442,7245,,7
county,39149,442,6368,,4
county,39151,442,112164,,60
county,39153,442,171892,,69
county,39155,442,23356,,25
county,39157,442,29696,,15
county,39159,442,,D,
county,39161,442,3204,,8
county,39165,442,34321,,18
county,39167,442,7539,,7
county,39169,442,32180,,22
county,39171,442,7049,,6
county,39173,442,25065,,15
county,40009,442,2919,,3
county,40013,442,7058,,4
county,40017,442,7254,,9
county,40019,442,,D,
county,40021,442,1446,,5
county,40027,442,53120,,40
county,40031,442,23068,,22
county,40035,442,2166,,4
county,40037,442,11388,,5
county,40039,442,5544,,7
county,40041,442,,D,
county,40047,442,11501,,10
county,40049,442,,D,
county,40065,442,4953,,5
county,40071,442,8821,,4
county,40079,442,,D,
county,40081,442,1038,,3
county,40087,442,,D,
county,40091,442,2068,,4
county,40097,442,3680,,5
county,40101,442,11695,,9
county,40109,442,481397,,153
county,40111,442,5376,,5
county,40117,442,2036,,3
county,40119,442,15025,,18
county,40121,442,11127,,8
county,40123,442,4227,,5
county,40125,442,9828,,11
county,40131,442,1875,,4
county,40137,442,931,,4
county,40139,442,1687,,3
county,40143,442,347046,,129
county,40145,442,979,,3
county,40147,442,4518,,6
county,40153,442,5336,,7
county,41001,442,1679,,3
county,41003,442,19940,,14
county,41005,442,109808,,61
county,41007,442,7151,,10
county,41009,442,5860,,4
county,41011,442,17547,,15
county,41015,442,4414,,5
county,41017,442,106975,,56
county,41019,442,15833,,12
county,41027,442,,D,
county,41029,442,72421,,37
county,41031,442,468,,3
county,41033,442,12602,,12
county,41035,442,10987,,12
county,41039,442,130182,,73
county,41041,442,18612,,13
county,41043,442,23654,,18
county,41045,442,,D,
county,41047,442,108002,,62
county,41051,442,604243,,194
county,41053,442,3449,,5
county,41057,442,,D,
county,41059,442,5877,,8
county,41061,442,8688,,7
county,41063,442,,D,
county,41065,442,6952,,7
county,41067,442,289856,,106
county,41071,442,21735,,15
county,42001,442,8198,,15
county,42003,442,550687,,191
county,42005,442,5920,,8
county,42007,442,13955,,12
county,42009,442,,D,
county,42011,442,107908,,54
county,42013,442,54385,,24
county,42015,442,5925,,6
county,42017,442,330444,,134
county,42019,442,61324,,37
county,42021,442,23979,,16
county,42025,442,11656,,6
county,42027,442,40042,,24
county,42029,442,177020,,98
county,42031,442,3032,,5
county,42033,442,13501,,12
county,42035,442,5787,,7
county,42037,442,,D,
county,42039,442,12602,,12
county,42041,442,72626,,39
county,42043,442,99582,,48
county,42045,442,162242,,83
county,42047,442,3432,,4
county,42049,442,86506,,32
county,42051,442,19324,,16
county,42055,442,26984,,22
county,42059,442,3234,,3
county,42061,442,,D,
county,42063,442,8774,,15
county,42065,442,,D,
county,42067,442,,D,
county,42069,442,59980,,31
county,42071,442,249843,,133
county,42073,442,7083,,14
county,42075,442,27278,,21
county,42077,442,153151,,61
county,42079,442,130142,,61
county,42081,442,37103,,24
county,42083,442,2871,,8
county,42085,442,15578,,19
county,42087,442,7118,,6
county,42089,442,34648,,19
county,42091,442,517670,,194
county,42095,442,44012,,30
county,42097,442,12818,,11
county,42099,442,2631,,5
county,42101,442,355496,,167
county,42103,442,4533,,4
county,42107,442,3783,,4
county,42109,442,9583,,9
county,42111,442,4866,,7
county,42117,442,,D,
county,42119,442,5202,,5
county,42121,442,10597,,9
county,42123,442,,D,
county,42125,442,31399,,25
county,42127,442,,D,
county,42129,442,63909,,44
county,42131,442,2198,,3
county,42133,442,100676,,56
county,44001,442,2813,,7
county,44003,442,163628,,36
county,44005,442,28461,,23
county,44007,442,104918,,71
county,44009,442,41689,,27
county,45003,442,25893,,26
county,45007,442,53567,,32
county,45013,442,116569,,68
county,45015,442,29369,,19
county,45019,442,314980,,131
county,45021,442,12914,,6
county,45023,442,2902,,4
county,45025,442,2605,,8
county,45029,442,3355,,4
county,45031,442,7094,,8
county,45033,442,,D,
county,45035,442,8585,,13
county,45041,442,51880,,36
county,45043,442,25562,,21
county,45045,442,256763,,109
county,45047,442,,D,
county,45049,442,,D,
county,45051,442,234847,,102
county,45053,442,3727,,5
county,45055,442,6881,,8
county,45057,442,9569,,12
county,45059,442,4936,,4
county,45063,442,102623,,51
county,45067,442,3784,,4
county,45069,442,3300,,6
county,45071,442,6138,,4
county,45073,442,14427,,12
county,45075,442,7260,,12
county,45077,442,16535,,17
county,45079,442,114372,,70
county,45083,442,59474,,32
county,45085,442,16543,,14
county,45087,442,3213,,3
county,45089,442,8489,,5
county,45091,442,26267,,28
county,46005,442,,D,
county,46011,442,12967,,6
county,46013,442,12477,,7
county,46029,442,11359,,6
county,46035,442,6575,,7
county,46065,442,9485,,3
county,46081,442,4715,,7
county,46083,442,35767,,8
county,46099,442,115658,,41
county,46103,442,63046,,32
county,46115,442,1027,,3
county,46123,442,1019,,3
county,46135,442,8088,,8
county,47001,442,4528,,7
county,47003,442,6427,,8
county,47005,442,3116,,3
county,47009,442,11820,,9
county,47011,442,27280,,13
county,47013,442,6551,,7
county,47017,442,,D,
county,47019,442,,D,
county,47029,442,2060,,4
county,47031,442,5457,,5
county,47035,442,12430,,10
county,47037,442,352905,,134
county,47039,442,2313,,3
county,47043,442,6720,,6
county,47045,442,6838,,6
county,47051,442,7113,,6
county,47053,442,2175,,4
county,47055,442,5167,,6
county,47059,442,5511,,5
county,47063,442,13815,,3
county,47065,442,147746,,62
county,47071,442,5021,,6
county,47075,442,1681,,4
county,47077,442,4056,,4
county,47079,442,,D,
county,47089,442,5198,,7
county,47093,442,311498,,111
county,47097,442,2852,,3
county,47099,442,19313,,6
county,47103,442,3766,,4
county,47105,442,4842,,4
county,47107,442,2628,,3
county,47111,442,,D,
county,47113,442,45412,,30
county,47115,442,,D,
county,47117,442,4450,,4
county,47119,442,11568,,9
county,47123,442,5105,,6
county,47125,442,53959,,29
county,47133,442,,D,
county,47141,442,38327,,15
county,47143,442,2536,,5
county,47147,442,,D,
county,47149,442,113082,,38
county,47155,442,54193,,45
county,47157,442,340611,,143
county,47159,442,,D,
county,47163,442,22338,,15
county,47165,442,26549,,19
county,47167,442,,D,
county,47177,442,3868,,6
county,47179,442,,D,
county,47183,442,2700,,5
county,47185,442,1732,,3
county,47187,442,195634,,53
county,47189,442,36671,,22
county,48001,442,7234,,7
county,48005,442,26653,,12
county,48007,442,,D,
county,48021,442,,D,
county,48027,442,98481,,49
county,48029,442,682565,,258
county,48037,442,28916,,20
county,48039,442,60894,,34
county,48041,442,87953,,37
county,48049,442,3471,,8
county,48053,442,14065,,10
county,48057,442,,D,
county,48061,442,69454,,46
county,48067,442,2760,,3
county,48069,442,989,,3
county,48073,442,2077,,3
county,48085,442,590869,,169
county,48089,442,1006,,4
county,48091,442,26871,,24
county,48097,442,5722,,6
county,48099,442,,D,
county,48113,442,1077459,,418
county,48121,442,754881,,88
county,48135,442,,D,
county,48139,442,15217,,12
county,48141,442,218441,,97
county,48143,442,6201,,7
county,48149,442,1352,,3
county,48157,442,269625,,84
county,48161,442,3125,,3
county,48167,442,38560,,26
county,48171,442,15305,,16
county,48179,442,2799,,6
county,48181,442,36780,,25
county,48183,442,54715,,31
county,48187,442,9760,,10
county,48189,442,5798,,8
county,48201,442,2311472,,661
county,48203,442,4813,,7
county,48209,442,49682,,27
county,48213,442,6052,,8
county,48215,442,185418,,68
county,48217,442,2102,,4
county,48221,442,15252,,11
county,48223,442,6824,,6
county,48227,442,1758,,4
county,48231,442,6823,,6
county,48233,442,1670,,3
county,48245,442,113636,,38
county,48249,442,5877,,3
county,48251,442,19179,,13
county,48257,442,6660,,8
county,48259,442,5886,,8
county,48265,442,20820,,12
county,48277,442,16972,,13
county,48281,442,,D,
county,48285,442,2548,,4
county,48287,442,3098,,4
county,48291,442,,D,
county,48293,442,1233,,3
county,48299,442,1238,,3
county,48303,442,165910,,53
county,48307,442,3736,,4
county,48309,442,145028,,49
county,48321,442,3671,,3
county,48323,442,7845,,4
county,48329,442,113582,,38
county,48331,442,3653,,5
county,48339,442,226276,,83
county,48347,442,11500,,7
county,48349,442,,D,
county,48355,442,108546,,49
county,48361,442,,D,
county,48365,442,2858,,3
county,48367,442,31069,,16
county,48373,442,10221,,6
county,48375,442,38414,,25
county,48381,442,74485,,28
county,48397,442,40914,,19
county,48401,442,,D,
county,48415,442,1811,,3
county,48419,442,3857,,3
county,48423,442,106361,,42
county,48427,442,6438,,3
county,48439,442,818804,,320
county,48441,442,,D,
county,48449,442,7737,,6
county,48451,442,39748,,26
county,48453,442,652262,,248
county,48459,442,,D,
county,48463,442,,D,
county,48465,442,8208,,5
county,48467,442,,D,
county,48469,442,39688,,24
county,48471,442,4684,,3
county,48473,442,,D,
county,48477,442,7152,,7
county,48479,442,55821,,30
county,48481,442,6918,,6
county,48485,442,50648,,25
county,48489,442,1163,,3
county,48491,442,280154,,74
county,48493,442,,D,
county,48497,442,8547,,3
county,48499,442,3051,,4
county,49003,442,2542,,6
county,49005,442,,D,
county,49007,442,3550,,5
county,49011,442,108640,,32
county,49013,442,2237,,3
county,49021,442,16055,,12
county,49035,442,775147,,209
county,49039,442,3518,,6
county,49043,442,36391,,23
county,49045,442,9786,,4
county,49047,442,7006,,7
county,49049,442,188176,,67
county,49051,442,6658,,8
county,49053,442,115882,,52
county,49057,442,101896,,31
county,50001,442,7648,,8
county,50003,442,17003,,20
county,50005,442,5949,,9
county,50007,442,,D,
county,50015,442,3792,,6
county,50019,442,,D,
county,50021,442,17826,,14
county,50023,442,15451,,13
county,50025,442,4890,,9
county,50027,442,8731,,7
county,51001,442,,D,
county,51003,442,53711,,29
county,51009,442,1756,,3
county,51013,442,66328,,26
county,51015,442,6539,,7
county,51019,442,,D,
county,51027,442,5429,,5
county,51031,442,,D,
county,51041,442,85875,,46
county,51047,442,5123,,7
county,51057,442,3674,,4
county,51059,442,497404,,227
county,51061,442,10384,,11
county,51067,442,,D,
county,51069,442,,D,
county,51071,442,648,,4
county,51073,442,5834,,8
county,51083,442,3846,,4
county,51085,442,,D,
county,51087,442,223944,,79
county,51089,442,,D,
county,51095,442,29780,,28
county,51103,442,3489,,5
county,51105,442,1508,,4
county,51107,442,218541,,73
county,51113,442,3382,,5
county,51117,442,6345,,7
county,51121,442,30030,,19
county,51135,442,4175,,3
county,51137,442,4419,,7
county,51145,442,,D,
county,51147,442,,D,
county,51153,442,336652,,63
county,51161,442,14367,,12
county,51165,442,3774,,9
county,51167,442,4823,,3
county,51171,442,,D,
county,51173,442,3191,,7
county,51177,442,98606,,35
county,51179,442,19749,,15
county,51185,442,4041,,5
county,51187,442,2884,,4
county,51191,442,14058,,9
county,51195,442,,D,
county,51197,442,2938,,6
county,51199,442,11090,,11
county,51510,442,78026,,43
county,51520,442,8717,,9
county,51540,442,,D,
county,51550,442,105755,,38
county,51570,442,,D,
county,51580,442,3662,,3
county,51590,442,,D,
county,51600,442,83929,,19
county,51610,442,4208,,7
county,51630,442,42382,,19
county,51640,442,4887,,4
county,51650,442,20616,,18
county,51660,442,42682,,21
county,51678,442,4381,,6
county,51680,442,76936,,29
county,51683,442,5342,,8
county,51700,442,84592,,35
county,51710,442,37738,,29
county,51730,442,,D,
county,51740,442,13344,,8
county,51760,442,52206,,36
county,51770,442,67631,,25
county,51775,442,15258,,10
county,51790,442,3257,,5
county,51800,442,13207,,10
county,51810,442,192526,,77
county,51820,442,17426,,11
county,51830,442,,D,
county,51840,442,33312,,14
county,53005,442,79607,,32
county,53007,442,25512,,21
county,53009,442,20585,,12
county,53011,442,79043,,46
county,53015,442,20557,,13
county,53017,442,11585,,5
county,53021,442,10000,,6
county,53025,442,14830,,9
county,53027,442,10015,,9
county,53029,442,,D,
county,53031,442,5957,,9
county,53033,442,1166875,,356
county,53035,442,100139,,44
county,53037,442,9455,,9
county,53041,442,15692,,12
county,53045,442,,D,
county,53047,442,,D,
county,53049,442,,D,
county,53053,442,218383,,91
county,53055,442,2608,,3
county,53057,442,67604,,32
county,53061,442,258305,,112
county,53063,442,203961,,88
county,53065,442,,D,
county,53067,442,86791,,37
county,53071,442,,D,
county,53073,442,110381,,48
county,53077,442,62202,,34
county,54003,442,14823,,8
county,54007,442,2493,,3
county,54011,442,22418,,17
county,54019,442,2197,,6
county,54025,442,7280,,7
county,54033,442,17477,,11
county,54035,442,2419,,4
county,54037,442,,D,
county,54039,442,,D,
county,54041,442,689,,3
county,54045,442,,D,
county,54049,442,10185,,4
county,54055,442,13825,,12
county,54059,442,651,,3
county,54061,442,,D,
county,54069,442,19159,,13
county,54079,442,18051,,6
county,54081,442,14452,,10
county,54083,442,9886,,9
county,54097,442,1418,,3
county,54099,442,4016,,5
county,54107,442,39159,,18
county,55003,442,1690,,4
county,55005,442,12648,,11
county,55009,442,,D,
county,55013,442,2436,,4
county,55015,442,3035,,3
county,55017,442,,D,
county,55019,442,984,,3
county,55021,442,,D,
county,55023,442,2080,,3
county,55025,442,262015,,97
county,55027,442,9036,,7
county,55029,442,12613,,23
county,55033,442,2859,,5
county,55035,442,,D,
county,55039,442,27208,,23
county,55043,442,7292,,7
county,55045,442,9773,,7
county,55047,442,1595,,3
county,55055,442,12145,,12
county,55059,442,60883,,26
county,55063,442,46220,,22
county,55069,442,3954,,7
county,55071,442,9048,,7
county,55073,442,51754,,22
county,55075,442,,D,
county,55079,442,305394,,138
county,55081,442,10694,,7
county,55085,442,29555,,19
county,55087,442,120175,,49
county,55089,442,27179,,21
county,55095,442,9268,,6
county,55097,442,37881,,17
county,55099,442,3081,,4
county,55101,442,37418,,23
county,55105,442,32399,,26
county,55109,442,5697,,9
county,55111,442,18678,,11
county,55113,442,16113,,11
county,55115,442,8839,,3
county,55117,442,28878,,22
county,55119,442,,D,
county,55123,442,,D,
county,55125,442,10464,,9
county,55127,442,25724,,17
county,55131,442,27826,,19
county,55133,442,197486,,80
county,55135,442,12503,,15
county,55139,442,30744,,19
county,55141,442,28643,,17
county,56001,442,5927,,6
county,56005,442,13293,,10
county,56007,442,2299,,3
county,56013,442,4234,,5
county,56019,442,1149,,4
county,56021,442,29464,,18
county,56023,442,2404,,3
county,56025,442,29731,,19
county,56029,442,8490,,11
county,56033,442,9035,,9
county,56037,442,,D,
county,56039,442,20837,,21
county,56043,442,2529,,4
county,01001,443,,D,
county,01003,443,28222,,14
county,01009,443,,D,
county,01013,443,,D,
county,01015,443,17742,,9
county,01021,443,1604,,3
county,01025,443,2633,,6
county,01031,443,5633,,7
county,01033,443,18266,,6
county,01043,443,4910,,7
county,01045,443,1185,,4
county,01047,443,1676,,4
county,01049,443,2335,,4
county,01051,443,,D,
county,01055,443,5746,,9
county,01069,443,,D,
county,01073,443,220511,,61
county,01077,443,11127,,10
county,01081,443,28795,,11
county,01083,443,,D,
county,01089,443,,D,
county,01095,443,4723,,5
county,01097,443,108628,,56
county,01099,443,2155,,3
county,01101,443,70823,,25
county,01103,443,4390,,10
county,01111,443,1124,,4
county,01113,443,,D,
county,01115,443,,D,
county,01117,443,49694,,19
county,01121,443,3986,,9
county,01123,443,1471,,4
county,01125,443,,D,
county,01127,443,4224,,8
county,02020,443,121322,,31
county,02090,443,8724,,8
county,02110,443,2413,,5
county,02122,443,,D,
county,02170,443,7906,,7
county,04003,443,16690,,9
county,04005,443,23878,,11
county,04009,443,,D,
county,04013,443,1392086,,330
county,04015,443,13819,,17
county,04017,443,2035,,4
county,04019,443,282726,,100
county,04021,443,4606,,11
county,04023,443,2511,,6
county,04025,443,26258,,14
county,04027,443,30802,,13
county,05001,443,,D,
county,05005,443,6568,,8
county,05007,443,,D,
county,05009,443,1339,,3
county,05015,443,,D,
county,05019,443,952,,3
county,05027,443,1347,,3
county,05031,443,45962,,19
county,05045,443,22544,,8
county,05051,443,20036,,15
county,05055,443,3432,,6
county,05057,443,1165,,3
county,05059,443,2170,,5
county,05063,443,5096,,7
county,05069,443,1920,,3
county,05085,443,,D,
county,05093,443,1985,,5
county,05103,443,657,,3
county,05113,443,3647,,3
county,05115,443,4747,,9
county,05119,443,146262,,36
county,05125,443,23580,,6
county,05131,443,38515,,17
county,05135,443,,D,
county,05137,443,1104,,3
county,05139,443,1325,,3
county,05143,443,69422,,25
county,05145,443,,D,
county,06001,443,541053,,137
county,06005,443,2910,,4
county,06007,443,62444,,20
county,06009,443,5966,,4
county,06013,443,418975,,83
county,06017,443,12771,,13
county,06019,443,227909,,62
county,06023,443,22159,,22
county,06025,443,38850,,15
county,06029,443,132520,,48
county,06031,443,8879,,8
county,06033,443,3686,,10
county,06037,443,3551646,,982
county,06039,443,6193,,7
county,06041,443,133787,,33
county,06045,443,14902,,13
county,06047,443,35654,,16
county,06053,443,113101,,33
county,06055,443,8550,,10
county,06057,443,10386,,9
county,06059,443,1295712,,324
county,06061,443,180081,,38
county,06065,443,554474,,178
county,06067,443,513104,,116
county,06071,443,538150,,143
county,06073,443,1070916,,299
county,06075,443,431496,,88
county,06077,443,114610,,58
county,06079,443,74835,,29
county,06081,443,284589,,76
county,06083,443,123861,,48
county,06085,443,,D,
county,06087,443,51193,,20
county,06089,443,56850,,19
county,06093,443,2887,,6
county,06095,443,108325,,32
county,06097,443,203424,,45
county,06099,443,166342,,52
county,06101,443,8201,,11
county,06103,443,1388,,3
county,06107,443,52040,,23
county,06109,443,2098,,3
county,06111,443,269087,,71
county,06113,443,28883,,10
county,06115,443,4783,,3
county,08001,443,,D,
county,08003,443,3748,,3
county,08005,443,335324,,92
county,08013,443,160132,,40
county,08014,443,,D,
county,08029,443,,D,
county,08031,443,388228,,62
county,08035,443,181001,,19
county,08037,443,6073,,8
county,08041,443,,D,
county,08043,443,2697,,4
county,08045,443,6778,,8
county,08051,443,2501,,4
county,08059,443,214425,,55
county,08067,443,14548,,11
county,08069,443,109222,,39
county,08075,443,2863,,5
county,08077,443,51109,,26
county,08081,443,2872,,3
county,08101,443,,D,
county,08107,443,1107,,3
county,08117,443,3536,,5
county,08123,443,49138,,17
county,08125,443,946,,3
county,09001,443,446027,,109
county,09003,443,370624,,92
county,09005,443,8874,,11
county,09007,443,22889,,12
county,09009,443,214104,,83
county,09011,443,66541,,30
county,09013,443,4360,,6
county,09015,443,11625,,10
county,10001,443,40885,,17
county,10003,443,,D,
county,10005,443,,D,
county,11001,443,221355,,25
county,12001,443,,D,
county,12005,443,51771,,19
county,12009,443,124347,,54
county,12011,443,874430,,224
county,12015,443,43288,,17
county,12017,443,767,,4
county,12019,443,12336,,14
county,12021,443,200063,,46
county,12023,443,4456,,4
county,12027,443,1960,,3
county,12031,443,356387,,112
county,12033,443,87437,,28
county,12035,443,6236,,7
county,12051,443,2912,,6
county,12053,443,37176,,14
county,12055,443,6193,,6
county,12057,443,559753,,125
county,12061,443,45003,,22
county,12069,443,59257,,28
county,12071,443,308481,,75
county,12073,443,,D,
county,12081,443,71292,,25
county,12083,443,64860,,34
county,12085,443,60839,,18
county,12086,443,2187102,,369
county,12087,443,15015,,12
county,12089,443,,D,
county,12091,443,52971,,23
county,12093,443,8391,,7
county,12095,443,936003,,164
county,12097,443,98203,,36
county,12099,443,754225,,166
county,12101,443,73536,,36
county,12103,443,228083,,99
county,12105,443,134902,,60
county,12107,443,2069,,4
county,12109,443,10974,,17
county,12111,443,40068,,20
county,12113,443,5128,,9
county,12115,443,167423,,48
county,12117,443,196669,,52
county,12127,443,103720,,47
county,12131,443,11481,,7
county,13009,443,2789,,5
county,13013,443,,D,
county,13015,443,3544,,5
county,13021,443,39329,,19
county,13031,443,6965,,8
county,13039,443,4960,,4
county,13045,443,12052,,9
county,13047,443,,D,
county,13051,443,89614,,30
county,13057,443,33102,,16
county,13059,443,41646,,18
county,13063,443,77217,,40
county,13067,443,239536,,67
county,13071,443,2249,,4
county,13073,443,25352,,13
county,13077,443,27257,,12
county,13085,443,3557,,4
county,13087,443,2775,,5
county,13089,443,371297,,80
county,13095,443,8442,,9
county,13097,443,40071,,15
county,13103,443,2030,,3
county,13113,443,38411,,9
county,13115,443,4652,,5
county,13117,443,47307,,14
county,13121,443,495426,,108
county,13127,443,7570,,8
county,13131,443,1534,,3
county,13135,443,379023,,146
county,13139,443,35977,,16
county,13151,443,94037,,21
county,13153,443,29613,,10
county,13157,443,,D,
county,13175,443,3915,,8
county,13179,443,,D,
county,13185,443,22987,,10
county,13215,443,50372,,18
county,13217,443,3194,,3
county,13219,443,20156,,6
county,13223,443,,D,
county,13233,443,,D,
county,13245,443,121293,,28
county,13247,443,5976,,5
county,13255,443,3108,,7
county,13257,443,1813,,5
county,13275,443,2864,,5
county,13277,443,7179,,4
county,13279,443,2458,,3
county,13285,443,3558,,4
county,13291,443,,D,
county,13293,443,,D,
county,13297,443,3087,,5
county,13299,443,3251,,5
county,13305,443,2349,,3
county,13313,443,,D,
county,15001,443,8788,,14
county,15003,443,337926,,78
county,15007,443,2613,,4
county,15009,443,19305,,12
county,16001,443,145579,,45
county,16005,443,19838,,13
county,16013,443,5996,,5
county,16017,443,4779,,6
county,16019,443,44290,,13
county,16027,443,,D,
county,16031,443,7371,,8
county,16039,443,1179,,3
county,16055,443,39520,,14
county,16057,443,8256,,6
county,16065,443,2610,,5
county,16069,443,12207,,12
county,16083,443,25110,,8
county,17001,443,17019,,10
county,17019,443,61695,,22
county,17021,443,6467,,5
county,17025,443,618,,4
county,17029,443,5417,,5
county,17031,443,2129784,,516
county,17037,443,17419,,7
county,17043,443,449620,,94
county,17049,443,5175,,7
county,17057,443,2166,,4
county,17063,443,3358,,4
county,17077,443,17142,,6
county,17081,443,6065,,7
county,17089,443,112615,,38
county,17091,443,33511,,16
county,17093,443,23830,,7
county,17095,443,5156,,6
county,17097,443,193146,,56
county,17099,443,21409,,12
county,17103,443,6095,,3
county,17107,443,1491,,6
county,17109,443,,D,
county,17111,443,67976,,20
county,17113,443,49262,,17
county,17115,443,36860,,12
county,17119,443,54322,,20
county,17121,443,2407,,6
county,17135,443,2639,,4
county,17137,443,5276,,9
county,17143,443,71173,,22
county,17149,443,4122,,3
county,17161,443,37400,,21
county,17163,443,53128,,23
county,17165,443,5167,,5
county,17167,443,67807,,24
county,17177,443,2084,,4
county,17179,443,,D,
county,17183,443,3179,,6
county,17191,443,1531,,3
county,17195,443,11957,,10
county,17197,443,172689,,55
county,17199,443,3771,,9
county,17201,443,,D,
county,18003,443,128500,,49
county,18005,443,22386,,9
county,18019,443,,D,
county,18029,443,,D,
county,18031,443,1642,,4
county,18033,443,3196,,3
county,18035,443,38935,,13
county,18037,443,,D,
county,18039,443,16995,,18
county,18043,443,4453,,3
county,18045,443,4489,,3
county,18053,443,5737,,6
county,18055,443,,D,
county,18057,443,120982,,16
county,18059,443,1978,,4
county,18063,443,58938,,17
county,18065,443,2963,,4
county,18067,443,34999,,14
county,18069,443,2892,,3
county,18071,443,5155,,7
county,18077,443,3572,,5
county,18081,443,58917,,14
county,18083,443,10027,,6
county,18085,443,8652,,11
county,18087,443,,D,
county,18089,443,134700,,60
county,18091,443,10260,,10
county,18093,443,2253,,6
county,18095,443,,D,
county,18097,443,324738,,92
county,18099,443,3850,,4
county,18105,443,35511,,14
county,18107,443,,D,
county,18109,443,1622,,3
county,18127,443,,D,
county,18141,443,,D,
county,18145,443,4520,,3
county,18147,443,2325,,5
county,18151,443,1006,,3
county,18157,443,55097,,20
county,18163,443,78239,,25
county,18167,443,,D,
county,18169,443,2124,,3
county,18177,443,20452,,6
county,18179,443,,D,
county,18181,443,1226,,3
county,18183,443,,D,
county,19005,443,5135,,3
county,19011,443,,D,
county,19013,443,39397,,13
county,19017,443,2010,,3
county,19019,443,1563,,3
county,19021,443,4445,,5
county,19027,443,6584,,6
county,19029,443,1772,,4
county,19033,443,16429,,7
county,19041,443,8596,,6
county,19045,443,5999,,5
county,19047,443,818,,4
county,19049,443,77116,,13
county,19057,443,4091,,6
county,19059,443,2778,,5
county,19061,443,34920,,18
county,19083,443,2410,,3
county,19087,443,2549,,3
county,19089,443,1968,,3
county,19101,443,,D,
county,19103,443,51147,,14
county,19105,443,,D,
county,19107,443,1678,,3
county,19109,443,4593,,4
county,19111,443,,D,
county,19113,443,,D,
county,19123,443,1564,,5
county,19125,443,3555,,4
county,19127,443,5868,,7
county,19139,443,7455,,8
county,19141,443,2358,,5
county,19153,443,192469,,38
county,19155,443,8332,,7
county,19163,443,63036,,27
county,19167,443,3841,,5
county,19169,443,28090,,9
county,19179,443,,D,
county,19183,443,9689,,3
county,19187,443,7749,,5
county,19191,443,,D,
county,19193,443,35219,,15
county,19197,443,,D,
county,20009,443,4731,,6
county,20035,443,1096,,3
county,20037,443,,D,
county,20045,443,26179,,11
county,20051,443,6552,,8
county,20055,443,,D,
county,20079,443,,D,
county,20091,443,271855,,51
county,20103,443,,D,
county,20111,443,1000,,5
county,20125,443,1390,,3
county,20133,443,1887,,4
county,20147,443,501,,3
county,20151,443,,D,
county,20155,443,3759,,10
county,20161,443,35137,,14
county,20169,443,6952,,7
county,20171,443,450,,3
county,20173,443,166268,,71
county,20175,443,,D,
county,20177,443,43721,,14
county,20181,443,665,,3
county,20209,443,,D,
county,21015,443,60423,,20
county,21021,443,2330,,3
county,21029,443,,D,
county,21035,443,1786,,5
county,21037,443,5078,,6
county,21047,443,9513,,7
county,21049,443,,D,
county,21059,443,24650,,10
county,21067,443,,D,
county,21073,443,3328,,6
county,21093,443,23513,,12
county,21095,443,1616,,4
county,21107,443,,D,
county,21111,443,272777,,96
county,21115,443,2456,,5
county,21117,443,17904,,16
county,21141,443,,D,
county,21145,443,28471,,13
county,21151,443,7293,,6
county,21157,443,,D,
county,21163,443,685,,3
county,21179,443,5642,,5
county,21195,443,2975,,4
county,21199,443,5223,,8
county,21205,443,,D,
county,21211,443,3333,,4
county,21217,443,,D,
county,21227,443,34390,,11
county,21235,443,5253,,5
county,22001,443,3060,,4
county,22005,443,8347,,5
county,22011,443,1282,,3
county,22015,443,,D,
county,22017,443,,D,
county,22019,443,48562,,16
county,22033,443,204049,,53
county,22045,443,,D,
county,22051,443,256110,,77
county,22055,443,96520,,36
county,22057,443,4913,,10
county,22061,443,7568,,10
county,22063,443,,D,
county,22071,443,25484,,33
county,22073,443,39900,,17
county,22079,443,,D,
county,22087,443,5330,,5
county,22095,443,1345,,3
county,22097,443,3271,,7
county,22101,443,1673,,4
county,22103,443,64716,,19
county,22105,443,21987,,6
county,22109,443,29852,,14
county,22115,443,3364,,4
county,23001,443,20149,,8
county,23003,443,3642,,4
county,23005,443,143244,,47
county,23007,443,,D,
county,23009,443,,D,
county,23011,443,34745,,13
county,23013,443,10990,,6
county,23017,443,,D,
county,23019,443,46286,,20
county,23023,443,16834,,3
county,23025,443,,D,
county,23027,443,2711,,3
county,23031,443,20368,,8
county,24001,443,,D,
county,24003,443,201310,,58
county,24005,443,283057,,91
county,24009,443,6403,,7
county,24013,443,,D,
county,24015,443,,D,
county,24017,443,46328,,11
county,24019,443,5472,,3
county,24021,443,62939,,26
county,24025,443,51293,,16
county,24027,443,139243,,29
county,24031,443,425530,,91
county,24033,443,178934,,76
county,24037,443,19497,,5
county,24041,443,2793,,5
county,24043,443,55167,,17
county,24045,443,,D,
county,24047,443,,D,
county,24510,443,54273,,66
county,25001,443,65225,,24
county,25003,443,10473,,14
county,25005,443,209155,,71
county,25007,443,,D,
county,25009,443,176564,,69
county,25011,443,,D,
county,25013,443,124266,,43
county,25015,443,29392,,14
county,25017,443,656298,,147
county,25021,443,242129,,62
county,25023,443,91689,,38
county,25025,443,363196,,67
county,25027,443,209242,,66
county,26005,443,,D,
county,26007,443,,D,
county,26015,443,,D,
county,26017,443,12776,,12
county,26021,443,24265,,16
county,26023,443,3137,,3
county,26025,443,28579,,11
county,26033,443,1725,,5
county,26037,443,5129,,6
county,26041,443,,D,
county,26043,443,2259,,3
county,26045,443,38160,,9
county,26047,443,6312,,7
county,26049,443,72155,,42
county,26053,443,2095,,3
county,26055,443,55739,,16
county,26057,443,1438,,3
county,26059,443,1774,,5
county,26061,443,415,,4
county,26063,443,,D,
county,26065,443,69992,,32
county,26067,443,2602,,6
county,26073,443,12845,,6
county,26075,443,32896,,14
county,26077,443,73740,,24
county,26081,443,277847,,73
county,26087,443,3194,,4
county,26091,443,,D,
county,26093,443,42014,,14
county,26099,443,246640,,108
county,26103,443,22247,,7
county,26105,443,2090,,3
county,26107,443,,D,
county,26109,443,6304,,4
county,26111,443,9072,,7
county,26115,443,11472,,6
county,26121,443,43055,,18
county,26125,443,878877,,202
county,26137,443,7006,,5
county,26139,443,63253,,21
county,26145,443,51696,,20
county,26147,443,34983,,20
county,26149,443,4790,,7
county,26151,443,766,,3
county,26155,443,8178,,7
county,26157,443,345,,3
county,26159,443,1491,,3
county,26161,443,130859,,44
county,26163,443,320907,,223
county,26165,443,5809,,4
county,27003,443,94670,,23
county,27005,443,3811,,7
county,27007,443,10617,,11
county,27013,443,,D,
county,27015,443,2909,,4
county,27019,443,2494,,3
county,27025,443,2263,,3
county,27027,443,46998,,6
county,27035,443,,D,
county,27037,443,133509,,41
county,27041,443,14689,,8
county,27047,443,8304,,5
county,27049,443,821,,3
county,27053,443,667327,,136
county,27059,443,2275,,4
county,27061,443,5710,,4
county,27067,443,5375,,6
county,27083,443,7859,,8
county,27085,443,13302,,8
county,27091,443,4016,,4
county,27097,443,2404,,5
county,27099,443,2642,,4
county,27103,443,,D,
county,27105,443,3814,,4
county,27109,443,95252,,15
county,27111,443,5886,,8
county,27117,443,3622,,4
county,27123,443,184733,,38
county,27129,443,652,,3
county,27131,443,5330,,6
county,27135,443,3753,,3
county,27137,443,54630,,28
county,27139,443,28814,,8
county,27141,443,,D,
county,27145,443,,D,
county,27149,443,5385,,3
county,27163,443,108426,,15
county,27169,443,4948,,4
county,27171,443,5987,,9
county,28001,443,2066,,4
county,28003,443,2468,,6
county,28025,443,,D,
county,28027,443,476,,3
county,28031,443,2857,,3
county,28033,443,47473,,12
county,28035,443,3201,,5
county,28043,443,1981,,5
county,28047,443,54815,,20
county,28049,443,46922,,18
county,28059,443,,D,
county,28067,443,3842,,4
county,28073,443,37668,,14
county,28075,443,21894,,15
county,28081,443,,D,
county,28083,443,4742,,6
county,28087,443,7476,,8
county,28089,443,62046,,16
county,28099,443,1726,,3
county,28105,443,2387,,4
county,28113,443,1765,,3
county,28117,443,,D,
county,28121,443,35252,,17
county,28141,443,,D,
county,28145,443,3845,,4
county,28149,443,,D,
county,28151,443,4005,,5
county,29001,443,1426,,4
county,29019,443,42518,,22
county,29021,443,19918,,9
county,29023,443,6402,,6
county,29027,443,,D,
county,29029,443,,D,
county,29031,443,,D,
county,29037,443,,D,
county,29047,443,58525,,22
county,29051,443,24111,,9
county,29069,443,1129,,5
county,29071,443,4561,,12
county,29077,443,97295,,32
county,29083,443,1172,,3
county,29091,443,2035,,4
county,29095,443,128508,,65
county,29097,443,36912,,15
county,29099,443,6525,,6
county,29101,443,1467,,4
county,29105,443,5168,,5
county,29109,443,,D,
county,29113,443,,D,
county,29127,443,,D,
county,29131,443,,D,
county,29145,443,4039,,4
county,29147,443,1560,,3
county,29157,443,791,,3
county,29159,443,1736,,4
county,29161,443,2195,,5
county,29165,443,,D,
county,29167,443,1141,,3
county,29169,443,6903,,5
county,29175,443,2152,,5
county,29183,443,73291,,27
county,29187,443,3039,,6
county,29189,443,525919,,122
county,29201,443,9363,,5
county,29213,443,,D,
county,29217,443,814,,3
county,29510,443,77147,,23
county,30013,443,15667,,12
county,30017,443,2077,,3
county,30029,443,34278,,17
county,30031,443,24636,,20
county,30041,443,4286,,6
county,30049,443,7421,,10
county,30063,443,43363,,15
county,30067,443,,D,
county,30081,443,3853,,7
county,30093,443,8356,,5
county,30111,443,60275,,26
county,31001,443,6006,,6
county,31019,443,9973,,12
county,31039,443,1126,,3
county,31041,443,1249,,3
county,31053,443,2862,,3
county,31055,443,359792,,55
county,31079,443,29831,,11
county,31109,443,80477,,22
county,31111,443,6356,,8
county,31119,443,6931,,4
county,31141,443,2593,,5
county,31145,443,,D,
county,31153,443,33084,,12
county,31157,443,,D,
county,31185,443,,D,
county,32003,443,768182,,167
county,32005,443,23729,,5
county,32007,443,3058,,7
county,32023,443,,D,
county,32031,443,160375,,40
county,32510,443,,D,
county,33001,443,16770,,9
county,33003,443,4858,,6
county,33005,443,11330,,8
county,33007,443,4843,,6
county,33009,443,30347,,9
county,33011,443,217316,,43
county,33013,443,43930,,19
county,33015,443,286662,,45
county,33017,443,3697,,4
county,33019,443,5758,,6
county,34001,443,73106,,23
county,34003,443,335246,,111
county,34005,443,102311,,35
county,34007,443,113919,,38
county,34009,443,10914,,10
county,34011,443,43983,,20
county,34013,443,368139,,83
county,34015,443,77022,,24
county,34017,443,168378,,77
county,34019,443,13864,,14
county,34021,443,96782,,25
county,34023,443,275336,,85
county,34025,443,236376,,73
county,34027,443,182879,,57
county,34029,443,117276,,37
county,34031,443,302015,,66
county,34035,443,155514,,40
county,34037,443,,D,
county,34039,443,158854,,62
county,34041,443,21228,,9
county,35001,443,,D,
county,35005,443,4028,,5
county,35013,443,38425,,15
county,35015,443,1923,,5
county,35017,443,514,,3
county,35025,443,4019,,6
county,35027,443,860,,4
county,35031,443,4670,,5
county,35035,443,5135,,5
county,35043,443,,D,
county,35045,443,25750,,10
county,35047,443,,D,
county,35049,443,42855,,16
county,35055,443,1107,,3
county,35061,443,,D,
county,36001,443,156370,,33
county,36005,443,183886,,177
county,36007,443,46894,,21
county,36009,443,4355,,7
county,36011,443,3041,,3
county,36013,443,14957,,14
county,36015,443,20041,,8
county,36017,443,10894,,5
county,36019,443,19791,,8
county,36021,443,3272,,6
county,36025,443,,D,
county,36027,443,61867,,22
county,36029,443,292809,,92
county,36035,443,3697,,5
county,36037,443,5455,,8
county,36043,443,,D,
county,36045,443,28177,,17
county,36047,443,849640,,375
county,36053,443,,D,
county,36055,443,174792,,78
county,36059,443,725119,,226
county,36061,443,2595639,,328
county,36063,443,8649,,12
county,36065,443,,D,
county,36067,443,148780,,63
county,36069,443,59143,,12
county,36071,443,105733,,44
county,36075,443,,D,
county,36077,443,3380,,6
county,36079,443,9084,,8
county,36081,443,466297,,288
county,36083,443,,D,
county,36085,443,110649,,40
county,36087,443,112153,,40
county,36089,443,3550,,7
county,36091,443,67119,,10
county,36093,443,27533,,16
county,36095,443,,D,
county,36101,443,5549,,6
county,36103,443,571744,,180
county,36105,443,1826,,3
county,36109,443,25023,,11
county,36111,443,32691,,14
county,36113,443,,D,
county,36117,443,3090,,4
county,36119,443,377529,,114
county,36121,443,5392,,4
county,37001,443,35639,,19
county,37011,443,,D,
county,37013,443,3215,,5
county,37021,443,123756,,31
county,37023,443,3176,,6
county,37025,443,74994,,20
county,37027,443,7489,,6
county,37031,443,17654,,7
county,37035,443,62141,,13
county,37037,443,5064,,4
county,37039,443,,D,
county,37041,443,1052,,4
county,37045,443,8137,,8
county,37047,443,1032,,3
county,37049,443,7102,,10
county,37051,443,,D,
county,37055,443,1582,,5
county,37057,443,9143,,6
county,37059,443,,D,
county,37061,443,2260,,4
county,37063,443,,D,
county,37065,443,,D,
county,37067,443,85537,,33
county,37071,443,37325,,13
county,37079,443,1346,,3
county,37081,443,176003,,42
county,37083,443,1779,,3
county,37085,443,4999,,6
county,37087,443,29058,,5
county,37089,443,4940,,11
county,37097,443,40377,,18
county,37099,443,3261,,6
county,37101,443,,D,
county,37105,443,4021,,7
county,37107,443,3633,,6
county,37109,443,1252,,4
county,37113,443,3750,,5
county,37117,443,3523,,3
county,37119,443,593439,,110
county,37125,443,24291,,7
county,37127,443,,D,
county,37129,443,,D,
county,37133,443,39401,,16
county,37135,443,,D,
county,37139,443,2254,,6
county,37145,443,6589,,4
county,37147,443,41306,,13
county,37151,443,,D,
county,37153,443,5290,,3
county,37155,443,,D,
county,37159,443,14212,,5
county,37161,443,1803,,3
county,37167,443,3180,,6
county,37171,443,2379,,6
county,37179,443,17761,,14
county,37181,443,,D,
county,37183,443,421072,,108
county,37189,443,3012,,6
county,37191,443,8043,,13
county,37195,443,22458,,7
county,38003,443,,D,
county,38015,443,46159,,16
county,38017,443,119203,,30
county,38035,443,41458,,11
county,38071,443,,D,
county,38077,443,4246,,5
county,38089,443,,D,
county,38093,443,6423,,5
county,38101,443,33761,,19
county,38105,443,7360,,6
county,39003,443,16926,,13
county,39005,443,6531,,6
county,39007,443,3951,,6
county,39009,443,,D,
county,39011,443,6131,,6
county,39013,443,4328,,5
county,39017,443,73687,,29
county,39023,443,26922,,15
county,39025,443,55628,,18
county,39027,443,,D,
county,39029,443,9235,,7
county,39035,443,388054,,139
county,39037,443,6972,,9
county,39039,443,3498,,5
county,39041,443,90893,,18
county,39043,443,22414,,10
county,39045,443,65590,,20
county,39049,443,383777,,107
county,39051,443,1738,,4
county,39055,443,11431,,7
county,39057,443,70497,,17
county,39059,443,1562,,3
county,39061,443,415714,,97
county,39063,443,24463,,9
county,39069,443,2927,,3
county,39071,443,3402,,4
county,39077,443,4143,,6
county,39079,443,3223,,6
county,39081,443,2406,,3
county,39083,443,,D,
county,39085,443,51380,,25
county,39087,443,,D,
county,39089,443,26168,,12
county,39093,443,70489,,30
county,39095,443,137026,,61
county,39099,443,74920,,23
county,39103,443,13470,,12
county,39107,443,1623,,4
county,39109,443,5065,,7
county,39113,443,107187,,54
county,39119,443,5935,,9
county,39123,443,2023,,3
county,39133,443,11136,,14
county,39135,443,1989,,5
county,39139,443,23444,,8
county,39141,443,6410,,7
county,39143,443,3562,,6
county,39145,443,3363,,5
county,39147,443,5814,,7
county,39149,443,2444,,4
county,39151,443,,D,
county,39153,443,190070,,53
county,39155,443,39376,,16
county,39157,443,3985,,5
county,39159,443,,D,
county,39165,443,38066,,14
county,39167,443,1672,,3
county,39169,443,19907,,8
county,39171,443,,D,
county,39173,443,19982,,14
county,40017,443,,D,
county,40019,443,4196,,5
county,40027,443,56142,,14
county,40031,443,18867,,19
county,40039,443,6968,,6
county,40041,443,1341,,4
county,40047,443,4927,,7
county,40049,443,1593,,5
county,40065,443,,D,
county,40071,443,3662,,6
county,40101,443,17234,,10
county,40109,443,434382,,109
county,40115,443,,D,
county,40119,443,18271,,8
county,40123,443,4262,,5
county,40125,443,2681,,3
county,40137,443,5910,,8
county,40143,443,294233,,75
county,40147,443,,D,
county,40153,443,3696,,5
county,41001,443,,D,
county,41003,443,11865,,8
county,41005,443,117052,,26
county,41007,443,4656,,7
county,41009,443,1308,,6
county,41011,443,5077,,6
county,41015,443,1588,,4
county,41017,443,74035,,27
county,41019,443,13023,,12
county,41027,443,1288,,4
county,41029,443,69282,,23
county,41033,443,12476,,13
county,41035,443,5588,,9
county,41039,443,106049,,41
county,41041,443,,D,
county,41043,443,9770,,7
county,41045,443,2638,,4
county,41047,443,,D,
county,41051,443,569001,,94
county,41053,443,,D,
county,41057,443,,D,
county,41059,443,3572,,7
county,41061,443,,D,
county,41067,443,468914,,55
county,41071,443,12526,,9
county,42001,443,2666,,4
county,42003,443,394653,,130
county,42005,443,2887,,7
county,42007,443,13316,,11
county,42009,443,1933,,4
county,42011,443,88153,,34
county,42013,443,28975,,16
county,42015,443,1297,,3
county,42017,443,168349,,77
county,42019,443,55996,,22
county,42021,443,23975,,20
county,42025,443,3687,,7
county,42027,443,35527,,10
county,42029,443,83320,,40
county,42031,443,,D,
county,42033,443,5167,,11
county,42037,443,4795,,5
county,42039,443,6464,,9
county,42041,443,65963,,28
county,42043,443,65512,,20
county,42045,443,122203,,36
county,42047,443,3008,,6
county,42049,443,61118,,29
county,42051,443,10902,,10
county,42055,443,24790,,19
county,42061,443,472,,4
county,42063,443,9780,,9
county,42065,443,,D,
county,42069,443,,D,
county,42071,443,132065,,51
county,42073,443,,D,
county,42075,443,35571,,17
county,42077,443,117018,,40
county,42079,443,56719,,30
county,42081,443,26074,,20
county,42083,443,1471,,3
county,42085,443,9564,,12
county,42087,443,3279,,7
county,42089,443,31840,,19
county,42091,443,438065,,95
county,42095,443,44270,,22
county,42097,443,2181,,3
county,42099,443,2660,,3
county,42101,443,238788,,139
county,42107,443,4708,,6
county,42109,443,16368,,4
county,42111,443,1795,,4
county,42119,443,5710,,4
county,42121,443,4615,,3
county,42125,443,29361,,13
county,42127,443,,D,
county,42129,443,47283,,26
county,42133,443,61945,,32
county,44001,443,8914,,5
county,44003,443,90040,,20
county,44005,443,14223,,9
county,44007,443,144158,,68
county,44009,443,21312,,16
county,45003,443,13202,,10
county,45007,443,37207,,14
county,45013,443,,D,
county,45015,443,41011,,17
county,45019,443,215452,,51
county,45021,443,2732,,4
county,45029,443,,D,
county,45031,443,2860,,6
county,45035,443,7830,,8
county,45041,443,41608,,17
county,45043,443,4038,,6
county,45045,443,167361,,53
county,45047,443,,D,
county,45051,443,,D,
county,45055,443,1975,,3
county,45057,443,3553,,5
county,45059,443,,D,
county,45063,443,50446,,30
county,45073,443,2407,,6
county,45077,443,,D,
county,45079,443,115302,,38
county,45083,443,68012,,28
county,45085,443,,D,
county,45087,443,345,,3
county,45091,443,40625,,16
county,46005,443,2959,,5
county,46011,443,4252,,6
county,46013,443,12491,,12
county,46029,443,6825,,9
county,46035,443,11040,,10
county,46051,443,1381,,4
county,46065,443,,D,
county,46079,443,1931,,3
county,46099,443,,D,
county,46103,443,49093,,15
county,46123,443,,D,
county,46135,443,3701,,4
county,47001,443,5330,,7
county,47003,443,,D,
county,47009,443,6088,,7
county,47013,443,,D,
county,47031,443,,D,
county,47035,443,3272,,4
county,47037,443,430536,,68
county,47043,443,7467,,5
county,47053,443,2796,,3
county,47059,443,,D,
county,47063,443,5355,,6
county,47065,443,108384,,41
county,47079,443,2031,,5
county,47089,443,2836,,6
county,47093,443,189812,,64
county,47099,443,,D,
county,47103,443,2385,,4
county,47109,443,1730,,3
county,47113,443,38973,,15
county,47119,443,6532,,6
county,47125,443,15072,,17
county,47131,443,2402,,4
county,47141,443,8076,,7
county,47143,443,,D,
county,47145,443,4300,,5
county,47149,443,65198,,27
county,47155,443,5840,,9
county,47157,443,217957,,81
county,47163,443,,D,
county,47167,443,,D,
county,47177,443,3744,,4
county,47179,443,,D,
county,47187,443,98061,,22
county,47189,443,37087,,10
county,48001,443,4085,,5
county,48005,443,,D,
county,48013,443,1244,,3
county,48021,443,,D,
county,48027,443,,D,
county,48029,443,697461,,209
county,48037,443,,D,
county,48039,443,83216,,22
county,48041,443,62677,,23
county,48049,443,3989,,4
county,48057,443,,D,
county,48061,443,80319,,28
county,48085,443,354411,,94
county,48089,443,1908,,3
county,48091,443,,D,
county,48097,443,,D,
county,48099,443,,D,
county,48113,443,1025236,,297
county,48121,443,250737,,77
county,48135,443,68262,,17
county,48139,443,31392,,13
county,48141,443,284273,,74
county,48143,443,,D,
county,48149,443,,D,
county,48157,443,196942,,70
county,48167,443,38616,,14
county,48171,443,887,,4
county,48181,443,28167,,8
county,48183,443,38280,,16
county,48187,443,3844,,7
county,48199,443,,D,
county,48201,443,1690881,,453
county,48203,443,2712,,6
county,48209,443,,D,
county,48213,443,4979,,7
county,48215,443,233081,,77
county,48221,443,,D,
county,48223,443,,D,
county,48231,443,7216,,9
county,48245,443,112764,,32
county,48251,443,,D,
county,48257,443,14997,,7
county,48259,443,2565,,4
county,48265,443,2350,,4
county,48273,443,,D,
county,48277,443,2002,,3
county,48291,443,8863,,8
county,48303,443,91123,,28
county,48309,443,,D,
county,48321,443,1877,,4
county,48323,443,2499,,4
county,48325,443,,D,
county,48329,443,71368,,13
county,48339,443,217772,,33
county,48347,443,2254,,4
county,48349,443,3217,,5
county,48355,443,135162,,38
county,48361,443,,D,
county,48367,443,,D,
county,48375,443,65602,,14
county,48381,443,11362,,11
county,48397,443,43897,,14
county,48423,443,67281,,21
county,48439,443,712415,,201
county,48441,443,35408,,18
county,48449,443,1485,,4
county,48451,443,21450,,8
county,48453,443,520445,,123
county,48465,443,2839,,3
county,48467,443,2054,,3
county,48469,443,27593,,13
county,48471,443,5034,,5
county,48477,443,4241,,4
county,48479,443,100202,,33
county,48481,443,1984,,5
county,48485,443,37928,,20
county,48491,443,124789,,39
county,48497,443,,D,
county,48499,443,,D,
county,49003,443,5819,,6
county,49005,443,,D,
county,49011,443,40945,,32
county,49021,443,,D,
county,49035,443,428449,,129
county,49043,443,17695,,4
county,49045,443,2700,,5
county,49047,443,5462,,4
county,49049,443,92692,,35
county,49051,443,,D,
county,49053,443,37195,,23
county,49057,443,68769,,25
county,50003,443,,D,
county,50005,443,,D,
county,50007,443,,D,
county,50015,443,,D,
county,50019,443,,D,
county,50021,443,7783,,8
county,50023,443,13608,,10
county,50025,443,5494,,5
county,51003,443,17303,,14
county,51013,443,88627,,16
county,51031,443,1679,,4
county,51041,443,75978,,26
county,51059,443,482571,,96
county,51061,443,3624,,6
county,51073,443,,D,
county,51083,443,1752,,4
county,51085,443,25223,,11
county,51087,443,142788,,43
county,51095,443,4111,,4
county,51107,443,138168,,37
county,51117,443,,D,
county,51121,443,30497,,11
county,51149,443,5358,,7
county,51153,443,161042,,49
county,51161,443,,D,
county,51165,443,1450,,4
county,51177,443,28887,,17
county,51179,443,22405,,6
county,51185,443,2962,,6
county,51187,443,,D,
county,51191,443,,D,
county,51195,443,,D,
county,51199,443,24992,,12
county,51510,443,39535,,8
county,51520,443,,D,
county,51540,443,38753,,10
county,51550,443,106855,,36
county,51570,443,29291,,9
county,51590,443,,D,
county,51600,443,56179,,11
county,51610,443,4530,,7
county,51630,443,44493,,9
county,51650,443,5394,,7
county,51660,443,24778,,8
county,51680,443,,D,
county,51683,443,4023,,6
county,51690,443,,D,
county,51700,443,73791,,28
county,51710,443,49020,,33
county,51740,443,6334,,9
county,51760,443,21023,,18
county,51770,443,67630,,16
county,51775,443,3770,,4
county,51790,443,2839,,7
county,51800,443,5882,,7
county,51810,443,153832,,51
county,51820,443,,D,
county,51830,443,2201,,3
county,51840,443,35273,,13
county,53005,443,60139,,17
county,53007,443,19921,,9
county,53009,443,7515,,13
county,53011,443,29415,,29
county,53015,443,7132,,12
county,53021,443,5125,,4
county,53025,443,1858,,4
county,53029,443,6782,,7
county,53031,443,432,,4
county,53033,443,1124661,,189
county,53035,443,61226,,25
county,53037,443,937,,4
county,53041,443,4677,,8
county,53045,443,2690,,3
county,53053,443,275043,,62
county,53055,443,,D,
county,53057,443,43326,,15
county,53061,443,276482,,51
county,53063,443,212075,,58
county,53067,443,76110,,26
county,53071,443,2118,,3
county,53073,443,67265,,23
county,53077,443,35542,,19
county,54003,443,22586,,5
county,54011,443,31376,,7
county,54023,443,1095,,3
county,54025,443,2276,,3
county,54033,443,7345,,6
county,54039,443,37039,,20
county,54045,443,1521,,3
county,54049,443,,D,
county,54051,443,3140,,3
county,54055,443,3094,,5
county,54061,443,31947,,9
county,54067,443,979,,4
county,54069,443,19318,,7
county,54081,443,,D,
county,54107,443,5310,,6
county,55005,443,,D,
county,55009,443,100834,,33
county,55017,443,,D,
county,55019,443,3204,,4
county,55021,443,,D,
county,55023,443,,D,
county,55025,443,182263,,43
county,55027,443,3729,,8
county,55029,443,3354,,4
county,55031,443,3841,,6
county,55033,443,7271,,6
county,55035,443,,D,
county,55039,443,20332,,16
county,55043,443,,D,
county,55045,443,4319,,4
county,55049,443,,D,
county,55055,443,5775,,7
county,55059,443,32566,,12
county,55063,443,52706,,13
county,55067,443,590,,3
county,55069,443,1457,,4
county,55071,443,4996,,9
county,55073,443,36736,,10
county,55075,443,6729,,4
county,55079,443,375853,,90
county,55081,443,,D,
county,55083,443,,D,
county,55085,443,5335,,4
county,55087,443,,D,
county,55089,443,19034,,7
county,55097,443,24939,,11
county,55101,443,46362,,15
county,55103,443,2200,,5
county,55105,443,39388,,17
county,55111,443,13144,,13
county,55115,443,1077,,4
county,55117,443,33567,,11
county,55119,443,2936,,5
county,55125,443,,D,
county,55127,443,19389,,8
county,55131,443,20995,,12
county,55133,443,155089,,38
county,55135,443,4609,,8
county,55139,443,30088,,16
county,55141,443,10332,,9
county,56005,443,4872,,7
county,56013,443,9093,,9
county,56021,443,14570,,14
county,56025,443,26464,,16
county,56029,443,,D,
county,56033,443,2775,,7
county,56037,443,5898,,7
county,56039,443,,D,
county,56043,443,2343,,4
county,01001,444,,D,
county,01003,444,348440,,79
county,01005,444,,D,
county,01007,444,5034,,4
county,01009,444,37398,,12
county,01013,444,16891,,9
county,01015,444,130829,,36
county,01017,444,6899,,4
county,01019,444,22969,,9
county,01021,444,28604,,19
county,01025,444,19267,,11
county,01027,444,1675,,4
county,01029,444,12891,,3
county,01031,444,78798,,15
county,01033,444,105310,,25
county,01037,444,,D,
county,01039,444,57063,,20
county,01041,444,3794,,4
county,01043,444,112875,,30
county,01045,444,15053,,15
county,01047,444,29083,,16
county,01049,444,85888,,26
county,01051,444,93147,,15
county,01053,444,46218,,19
county,01055,444,82920,,23
county,01057,444,,D,
county,01059,444,30191,,11
county,01061,444,14506,,10
county,01065,444,,D,
county,01067,444,,D,
county,01069,444,,D,
county,01071,444,75499,,19
county,01073,444,737864,,135
county,01075,444,2289,,3
county,01077,444,152733,,30
county,01079,444,5296,,6
county,01081,444,132260,,30
county,01083,444,136262,,22
county,01087,444,7452,,3
county,01089,444,511829,,74
county,01091,444,20960,,13
county,01093,444,14602,,9
county,01095,444,140067,,37
county,01097,444,404388,,85
county,01099,444,32212,,15
county,01101,444,195703,,49
county,01103,444,183053,,37
county,01107,444,,D,
county,01109,444,46048,,16
county,01111,444,26372,,11
county,01113,444,45154,,12
county,01115,444,47064,,16
county,01117,444,323813,,63
county,01119,444,4586,,3
county,01121,444,,D,
county,01123,444,44093,,16
county,01125,444,250004,,51
county,01127,444,72216,,28
county,01129,444,,D,
county,01133,444,16110,,9
county,02020,444,415253,,66
county,02090,444,182077,,28
county,02110,444,49987,,13
county,02122,444,107799,,20
county,02130,444,15934,,7
county,02170,444,171264,,27
county,02220,444,,D,
county,02240,444,4251,,4
county,02261,444,6736,,6
county,04001,444,13981,,5
county,04003,444,108294,,29
county,04005,444,143709,,28
county,04007,444,52258,,14
county,04009,444,35566,,6
county,04012,444,,D,
county,04013,444,3526635,,594
county,04015,444,241508,,55
county,04017,444,114824,,27
county,04019,444,761213,,172
county,04021,444,102725,,41
county,04023,444,30520,,9
county,04025,444,281517,,73
county,04027,444,144157,,29
county,05001,444,,D,
county,05003,444,,D,
county,05005,444,80091,,16
county,05007,444,315222,,62
county,05009,444,,D,
county,05011,444,7521,,3
county,05015,444,29858,,17
county,05017,444,3134,,4
county,05019,444,11396,,7
county,05021,444,,D,
county,05023,444,30538,,10
county,05027,444,,D,
county,05029,444,11123,,4
county,05031,444,,D,
county,05033,444,72419,,19
county,05035,444,16974,,10
county,05037,444,13875,,6
county,05041,444,7885,,6
county,05043,444,18076,,9
county,05045,444,183317,,31
county,05047,444,11939,,6
county,05049,444,1237,,5
county,05051,444,148225,,43
county,05053,444,,D,
county,05055,444,57368,,20
county,05057,444,15032,,9
county,05059,444,9895,,10
county,05061,444,11083,,6
county,05063,444,47561,,13
county,05065,444,11075,,6
county,05067,444,17544,,7
county,05069,444,62293,,24
county,05071,444,10161,,9
county,05075,444,45217,,11
county,05081,444,,D,
county,05083,444,12931,,9
county,05085,444,66145,,12
county,05087,444,,D,
county,05089,444,18672,,5
county,05091,444,,D,
county,05093,444,49806,,12
county,05103,444,6813,,8
county,05107,444,6452,,4
county,05109,444,16952,,5
county,05113,444,11227,,8
county,05115,444,104493,,24
county,05117,444,,D,
county,05119,444,446167,,107
county,05121,444,36607,,11
county,05123,444,9403,,4
county,05125,444,123887,,25
county,05129,444,10992,,4
county,05131,444,149611,,35
county,05133,444,12267,,8
county,05135,444,11206,,8
county,05137,444,14753,,3
county,05139,444,64839,,16
county,05141,444,13803,,7
county,05143,444,277161,,54
county,05145,444,99591,,32
county,05149,444,2894,,4
county,06001,444,1515791,,280
county,06005,444,65532,,16
county,06007,444,299264,,66
county,06009,444,68970,,22
county,06011,444,4988,,6
county,06013,444,1118034,,190
county,06015,444,39093,,8
county,06017,444,185403,,63
county,06019,444,713167,,143
county,06021,444,13585,,9
county,06023,444,316742,,79
county,06025,444,93438,,25
county,06027,444,24225,,9
county,06029,444,647232,,121
county,06031,444,87857,,24
county,06033,444,68307,,13
county,06035,444,15478,,9
county,06037,444,6966890,,1400
county,06039,444,116380,,37
county,06041,444,429003,,83
county,06043,444,,D,
county,06045,444,206517,,53
county,06047,444,178716,,40
county,06049,444,5323,,3
county,06051,444,,D,
county,06053,444,363926,,96
county,06055,444,208256,,30
county,06057,444,204805,,53
county,06059,444,2926210,,495
county,06061,444,511010,,93
county,06063,444,,D,
county,06065,444,1859642,,326
county,06067,444,1333559,,222
county,06069,444,27435,,14
county,06071,444,1735744,,268
county,06073,444,2985762,,512
county,06075,444,595871,,166
county,06077,444,516777,,106
county,06079,444,510923,,102
county,06081,444,1027419,,165
county,06083,444,458563,,107
county,06085,444,1582454,,307
county,06087,444,376660,,88
county,06089,444,277112,,64
county,06093,444,39687,,22
county,06095,444,354997,,59
county,06097,444,815391,,165
county,06099,444,500015,,92
county,06101,444,146003,,19
county,06103,444,55380,,13
county,06105,444,15788,,9
county,06107,444,347633,,77
county,06109,444,87425,,20
county,06111,444,748522,,168
county,06113,444,177884,,39
county,06115,444,16573,,14
county,08001,444,563238,,80
county,08003,444,21081,,11
county,08005,444,709515,,88
county,08007,444,28450,,10
county,08013,444,457958,,72
county,08014,444,53116,,7
county,08015,444,53218,,20
county,08021,444,5594,,4
county,08027,444,8601,,3
county,08029,444,27754,,15
county,08031,444,733507,,136
county,08035,444,467093,,56
county,08037,444,99228,,28
county,08041,444,685630,,114
county,08043,444,54203,,16
county,08045,444,104195,,34
county,08049,444,38137,,14
county,08051,444,37523,,17
county,08055,444,,D,
county,08059,444,773126,,128
county,08063,444,7911,,5
county,08067,444,135643,,38
county,08069,444,473225,,82
county,08071,444,5044,,6
county,08075,444,40971,,11
county,08077,444,238955,,50
county,08081,444,24121,,7
county,08083,444,27619,,12
county,08085,444,144932,,28
county,08087,444,25233,,12
county,08089,444,8465,,10
county,08093,444,3273,,6
county,08095,444,2887,,5
county,08097,444,25803,,7
county,08099,444,14364,,6
county,08101,444,165474,,39
county,08103,444,6066,,4
county,08105,444,3595,,5
county,08107,444,49256,,19
county,08113,444,12206,,3
county,08115,444,2355,,3
county,08117,444,68446,,18
county,08119,444,28194,,10
county,08123,444,289131,,49
county,08125,444,17374,,10
county,09001,444,1209086,,265
county,09003,444,1012849,,210
county,09005,444,243560,,80
county,09007,444,155496,,58
county,09009,444,915366,,180
county,09011,444,319862,,68
county,09013,444,67369,,34
county,09015,444,148889,,36
county,10001,444,307818,,51
county,10003,444,723066,,115
county,10005,444,440223,,74
county,11001,444,234320,,42
county,12001,444,263743,,52
county,12003,444,11351,,6
county,12005,444,265286,,65
county,12007,444,16484,,7
county,12009,444,656897,,124
county,12011,444,1824682,,375
county,12013,444,8953,,6
county,12015,444,226468,,43
county,12017,444,128566,,28
county,12019,444,217953,,30
county,12021,444,522810,,99
county,12023,444,91833,,18
county,12027,444,15135,,8
county,12029,444,10179,,6
county,12031,444,1077003,,155
county,12033,444,329065,,67
county,12035,444,125030,,22
county,12037,444,11122,,5
county,12039,444,14361,,7
county,12041,444,7166,,4
county,12045,444,17741,,6
county,12047,444,,D,
county,12049,444,,D,
county,12051,444,16912,,8
county,12053,444,169131,,29
county,12055,444,121988,,32
county,12057,444,1328513,,214
county,12059,444,3966,,4
county,12061,444,209587,,45
county,12063,444,55916,,14
county,12065,444,11297,,3
county,12069,444,498255,,69
county,12071,444,956518,,158
county,12073,444,291435,,63
county,12075,444,36367,,17
county,12079,444,8770,,5
county,12081,444,426305,,66
county,12083,444,387595,,91
county,12085,444,261052,,59
county,12086,444,2416112,,563
county,12087,444,138720,,31
county,12089,444,93924,,18
county,12091,444,307740,,54
county,12093,444,75171,,16
county,12095,444,1156696,,218
county,12097,444,248680,,36
county,12099,444,1619438,,340
county,12101,444,425226,,78
county,12103,444,1007719,,177
county,12105,444,525557,,110
county,12107,444,80373,,21
county,12109,444,208591,,43
county,12111,444,235991,,49
county,12113,444,195176,,34
county,12115,444,494454,,109
county,12117,444,564717,,100
county,12119,444,51765,,20
county,12121,444,50500,,15
county,12123,444,15401,,10
county,12125,444,9654,,6
county,12127,444,595842,,126
county,12129,444,17703,,6
county,12131,444,96930,,25
county,12133,444,10970,,6
county,13001,444,21232,,10
county,13005,444,8125,,5
county,13009,444,,D,
county,13011,444,36600,,5
county,13013,444,154547,,16
county,13015,444,126555,,19
county,13017,444,21217,,9
county,13019,444,10985,,3
county,13021,444,161646,,38
county,13025,444,,D,
county,13027,444,,D,
county,13029,444,,D,
county,13031,444,125724,,21
county,13033,444,,D,
county,13035,444,16300,,11
county,13039,444,43562,,8
county,13045,444,128509,,24
county,13047,444,118887,,11
county,13049,444,4094,,3
county,13051,444,393001,,65
county,13055,444,8865,,5
county,13057,444,307541,,47
county,13059,444,88304,,27
county,13063,444,179287,,24
county,13065,444,4186,,3
county,13067,444,804208,,118
county,13069,444,62068,,15
county,13071,444,53849,,19
county,13073,444,242061,,29
county,13075,444,5863,,4
county,13077,444,147902,,24
county,13081,444,49373,,12
county,13083,444,4141,,5
county,13085,444,60787,,6
county,13087,444,67408,,12
county,13089,444,390165,,66
county,13091,444,10232,,3
county,13095,444,164164,,26
county,13097,444,163710,,18
county,13099,444,913,,3
county,13103,444,,D,
county,13105,444,11195,,7
county,13107,444,14077,,6
county,13109,444,11481,,6
county,13111,444,54538,,9
county,13113,444,161914,,29
county,13115,444,106994,,22
county,13117,444,277297,,53
county,13119,444,9663,,9
county,13121,444,897307,,134
county,13123,444,71673,,12
county,13127,444,155361,,34
county,13129,444,78781,,17
county,13131,444,6426,,4
county,13133,444,30329,,7
county,13135,444,979630,,153
county,13137,444,70354,,15
county,13139,444,228869,,43
county,13143,444,3474,,3
county,13147,444,34837,,10
county,13151,444,171058,,27
county,13153,444,173327,,29
county,13155,444,1846,,3
county,13157,444,20688,,11
county,13161,444,8743,,9
county,13163,444,,D,
county,13169,444,,D,
county,13171,444,19027,,4
county,13175,444,59221,,21
county,13177,444,,D,
county,13179,444,44682,,7
county,13185,444,155300,,34
county,13187,444,41506,,9
county,13189,444,16500,,6
county,13191,444,,D,
county,13195,444,,D,
county,13199,444,9419,,6
county,13205,444,7742,,9
county,13207,444,,D,
county,13211,444,38022,,5
county,13213,444,11019,,6
county,13215,444,193301,,29
county,13217,444,88048,,18
county,13219,444,106691,,13
county,13223,444,92387,,17
county,13225,444,,D,
county,13227,444,41868,,11
county,13229,444,28686,,9
county,13231,444,3153,,3
county,13233,444,33946,,14
county,13237,444,28102,,10
county,13241,444,51787,,11
county,13245,444,187717,,37
county,13247,444,136966,,19
county,13251,444,7947,,5
county,13253,444,20779,,5
county,13255,444,120075,,16
county,13257,444,32121,,11
county,13261,444,,D,
county,13267,444,6486,,3
county,13271,444,,D,
county,13273,444,,D,
county,13275,444,63437,,14
county,13277,444,80099,,22
county,13279,444,,D,
county,13281,444,6615,,4
county,13285,444,56403,,16
county,13291,444,61063,,9
county,13293,444,28554,,7
county,13295,444,22566,,12
county,13297,444,52993,,15
county,13299,444,66862,,16
county,13303,444,14667,,7
county,13305,444,,D,
county,13311,444,,D,
county,13313,444,111819,,27
county,13315,444,1407,,4
county,13317,444,3285,,4
county,15001,444,376961,,65
county,15003,444,742680,,120
county,15007,444,133803,,27
county,15009,444,245457,,39
county,16001,444,552325,,99
county,16005,444,120144,,25
county,16009,444,5909,,3
county,16011,444,22905,,20
county,16013,444,,D,
county,16017,444,105062,,26
county,16019,444,196720,,42
county,16021,444,,D,
county,16023,444,864,,3
county,16027,444,190081,,46
county,16029,444,,D,
county,16031,444,24781,,12
county,16035,444,,D,
county,16037,444,4222,,3
county,16039,444,,D,
county,16041,444,7519,,5
county,16043,444,5584,,6
county,16045,444,11693,,9
county,16047,444,20636,,7
county,16049,444,9548,,10
county,16051,444,13739,,8
county,16053,444,,D,
county,16055,444,235094,,54
county,16057,444,,D,
county,16059,444,11642,,4
county,16061,444,6597,,5
county,16065,444,28840,,18
county,16067,444,17308,,9
county,16069,444,95967,,19
county,16071,444,6366,,4
county,16073,444,,D,
county,16075,444,13453,,5
county,16077,444,1856,,3
county,16079,444,,D,
county,16081,444,19102,,4
county,16083,444,,D,
county,16085,444,17629,,8
county,16087,444,8916,,6
county,17001,444,146191,,27
county,17005,444,,D,
county,17007,444,11086,,12
county,17009,444,,D,
county,17011,444,15627,,9
county,17013,444,,D,
county,17015,444,6591,,6
county,17017,444,4610,,6
county,17019,444,188049,,35
county,17021,444,15507,,13
county,17023,444,7455,,6
county,17025,444,7913,,6
county,17027,444,60404,,23
county,17029,444,50036,,21
county,17031,444,3913637,,660
county,17033,444,9944,,8
county,17035,444,3411,,5
county,17037,444,94585,,24
county,17039,444,7738,,5
county,17041,444,13675,,12
county,17043,444,1062675,,182
county,17045,444,35459,,9
county,17047,444,2223,,3
county,17049,444,98745,,14
county,17051,444,10923,,13
county,17053,444,9818,,5
county,17055,444,31251,,13
county,17057,444,27437,,14
county,17061,444,15070,,6
county,17063,444,68471,,13
county,17067,444,,D,
county,17073,444,,D,
county,17075,444,8397,,10
county,17077,444,59318,,17
county,17079,444,3827,,3
county,17081,444,62108,,17
county,17083,444,33766,,5
county,17085,444,26860,,12
county,17087,444,22103,,5
county,17089,444,484941,,99
county,17091,444,123292,,25
county,17093,444,137981,,24
county,17095,444,80799,,17
county,17097,444,763780,,138
county,17099,444,153196,,35
county,17101,444,2932,,3
county,17103,444,25924,,13
county,17105,444,,D,
county,17107,444,15293,,12
county,17109,444,28329,,11
county,17111,444,350576,,85
county,17113,444,196381,,36
county,17115,444,114399,,28
county,17117,444,14041,,11
county,17119,444,331779,,75
county,17121,444,15878,,10
county,17123,444,,D,
county,17125,444,9080,,5
county,17127,444,,D,
county,17133,444,31683,,10
county,17135,444,14788,,10
county,17137,444,,D,
county,17139,444,8731,,7
county,17141,444,43206,,13
county,17143,444,212776,,62
county,17145,444,14511,,5
county,17147,444,4072,,4
county,17149,444,,D,
county,17157,444,63513,,14
county,17159,444,7005,,3
county,17161,444,163845,,28
county,17163,444,257712,,56
county,17165,444,14659,,10
county,17167,444,,D,
county,17169,444,3394,,3
county,17173,444,,D,
county,17177,444,80026,,14
county,17179,444,205314,,36
county,17181,444,4269,,4
county,17183,444,72069,,19
county,17185,444,3717,,4
county,17187,444,,D,
county,17189,444,18931,,9
county,17191,444,10991,,9
county,17193,444,6828,,10
county,17195,444,70704,,15
county,17197,444,755670,,117
county,17199,444,111588,,21
county,17201,444,387624,,60
county,17203,444,7829,,7
county,18001,444,42559,,17
county,18003,444,481116,,81
county,18005,444,,D,
county,18011,444,102636,,17
county,18015,444,,D,
county,18017,444,,D,
county,18019,444,246100,,37
county,18021,444,18520,,7
county,18023,444,30849,,13
county,18025,444,1719,,3
county,18027,444,260970,,19
county,18029,444,71904,,19
county,18031,444,22373,,18
county,18033,444,38976,,15
county,18035,444,136347,,28
county,18037,444,110971,,23
county,18039,444,344118,,71
county,18041,444,13208,,8
county,18043,444,78748,,15
county,18045,444,7115,,8
county,18047,444,16466,,5
county,18049,444,24211,,12
county,18051,444,67412,,16
county,18053,444,61315,,18
county,18055,444,55112,,5
county,18057,444,413146,,70
county,18059,444,48369,,18
county,18061,444,38267,,17
county,18063,444,261717,,34
county,18065,444,27570,,13
county,18067,444,123968,,20
county,18069,444,18025,,10
county,18071,444,71396,,26
county,18073,444,36805,,15
county,18075,444,3821,,5
county,18077,444,56010,,15
county,18079,444,,D,
county,18081,444,260958,,30
county,18083,444,53106,,12
county,18085,444,140235,,28
county,18087,444,88636,,22
county,18089,444,590811,,90
county,18091,444,223654,,38
county,18093,444,115369,,15
county,18095,444,121131,,18
county,18097,444,1083763,,156
county,18099,444,81197,,21
county,18101,444,82048,,6
county,18103,444,7214,,8
county,18105,444,186164,,35
county,18107,444,49769,,13
county,18109,444,,D,
county,18111,444,2383,,6
county,18113,444,23046,,17
county,18117,444,11342,,6
county,18119,444,6866,,4
county,18121,444,4248,,5
county,18123,444,9017,,8
county,18125,444,6927,,3
county,18127,444,236870,,38
county,18129,444,23686,,6
county,18131,444,32312,,7
county,18133,444,98279,,20
county,18135,444,14287,,11
county,18137,444,40886,,18
county,18139,444,,D,
county,18141,444,353003,,67
county,18143,444,13625,,8
county,18145,444,,D,
county,18147,444,31580,,11
county,18149,444,31831,,13
county,18151,444,69484,,17
county,18153,444,754,,3
county,18157,444,282220,,33
county,18159,444,8727,,8
county,18163,444,380682,,58
county,18165,444,9462,,7
county,18167,444,189192,,30
county,18169,444,46544,,17
county,18171,444,1669,,3
county,18173,444,16992,,10
county,18175,444,19525,,11
county,18177,444,110609,,22
county,18179,444,27982,,9
county,18181,444,23902,,14
county,18183,444,33916,,14
county,19001,444,3771,,5
county,19005,444,14823,,9
county,19007,444,19610,,8
county,19011,444,,D,
county,19013,444,201847,,38
county,19015,444,19299,,6
county,19017,444,,D,
county,19019,444,39827,,11
county,19021,444,11582,,12
county,19023,444,10612,,11
county,19025,444,5556,,8
county,19027,444,27521,,17
county,19029,444,20351,,9
county,19031,444,7300,,7
county,19033,444,,D,
county,19035,444,21863,,6
county,19037,444,11227,,11
county,19041,444,77812,,14
county,19043,444,54706,,15
county,19045,444,45964,,16
county,19047,444,6753,,5
county,19049,444,52318,,16
county,19051,444,,D,
county,19053,444,8316,,5
county,19055,444,23963,,11
county,19057,444,108173,,20
county,19059,444,27079,,9
county,19061,444,242691,,42
county,19063,444,7384,,7
county,19065,444,26385,,13
county,19067,444,5893,,5
county,19071,444,,D,
county,19073,444,,D,
county,19075,444,,D,
county,19077,444,8509,,6
county,19079,444,5768,,7
county,19081,444,,D,
county,19083,444,19210,,10
county,19085,444,2458,,5
county,19087,444,10981,,7
county,19089,444,18355,,8
county,19091,444,3661,,5
county,19095,444,49856,,13
county,19097,444,11433,,5
county,19099,444,70124,,10
county,19101,444,18660,,9
county,19103,444,161292,,39
county,19105,444,,D,
county,19107,444,9232,,11
county,19109,444,13824,,8
county,19111,444,38266,,16
county,19113,444,,D,
county,19117,444,7840,,3
county,19119,444,12005,,9
county,19121,444,6122,,3
county,19123,444,10302,,11
county,19125,444,54402,,20
county,19127,444,118876,,17
county,19129,444,2625,,5
county,19131,444,12551,,9
county,19135,444,14743,,5
county,19137,444,7223,,7
county,19139,444,53026,,13
county,19141,444,26761,,13
county,19143,444,3705,,3
county,19145,444,17779,,8
county,19147,444,10240,,8
county,19149,444,32878,,11
county,19151,444,2058,,3
county,19153,444,752288,,102
county,19155,444,131677,,20
county,19157,444,51957,,14
county,19159,444,8808,,5
county,19161,444,8103,,8
county,19163,444,242384,,42
county,19165,444,34137,,5
county,19167,444,33230,,20
county,19169,444,104944,,27
county,19171,444,57192,,10
county,19173,444,,D,
county,19175,444,16570,,6
county,19177,444,7289,,3
county,19179,444,,D,
county,19181,444,21590,,9
county,19183,444,31502,,15
county,19185,444,15167,,4
county,19187,444,71604,,15
county,19189,444,12906,,9
county,19191,444,31488,,21
county,19193,444,198015,,38
county,19195,444,,D,
county,19197,444,3160,,3
county,20001,444,,D,
county,20003,444,11216,,6
county,20005,444,6869,,5
county,20009,444,28557,,17
county,20011,444,7438,,6
county,20013,444,2552,,3
county,20015,444,30132,,18
county,20021,444,5373,,4
county,20023,444,2014,,3
county,20027,444,3648,,3
county,20029,444,10633,,8
county,20031,444,5198,,8
county,20033,444,2140,,3
county,20035,444,28372,,15
county,20037,444,43647,,13
county,20041,444,10434,,7
county,20043,444,,D,
county,20045,444,137527,,33
county,20051,444,56885,,11
county,20053,444,6241,,5
county,20055,444,94752,,20
county,20057,444,25983,,10
county,20059,444,20573,,10
county,20061,444,11071,,4
county,20063,444,4315,,3
county,20067,444,5239,,4
county,20069,444,2946,,3
county,20073,444,,D,
county,20077,444,8267,,5
county,20079,444,30405,,17
county,20085,444,,D,
county,20087,444,6989,,8
county,20091,444,766069,,134
county,20095,444,2867,,4
county,20099,444,22421,,14
county,20101,444,188,,3
county,20103,444,48920,,11
county,20107,444,,D,
county,20111,444,30294,,12
county,20113,444,23170,,21
county,20115,444,2873,,4
county,20117,444,,D,
county,20119,444,5483,,4
county,20121,444,12297,,7
county,20123,444,6228,,5
county,20125,444,30585,,20
county,20127,444,5074,,5
county,20129,444,5860,,3
county,20131,444,35199,,11
county,20133,444,35284,,7
county,20137,444,1436,,3
county,20139,444,3663,,3
county,20141,444,1131,,3
county,20143,444,,D,
county,20147,444,5843,,6
county,20149,444,71860,,12
county,20151,444,,D,
county,20153,444,,D,
county,20155,444,81150,,29
county,20157,444,9931,,5
county,20159,444,9458,,5
county,20161,444,75928,,12
county,20167,444,,D,
county,20169,444,111424,,18
county,20171,444,3218,,5
county,20173,444,647039,,132
county,20175,444,20503,,9
county,20177,444,232497,,39
county,20181,444,,D,
county,20183,444,,D,
county,20189,444,1981,,3
county,20191,444,12917,,9
county,20193,444,11060,,9
county,20197,444,,D,
county,20199,444,,D,
county,20201,444,7910,,5
county,20205,444,2713,,3
county,20207,444,7941,,3
county,20209,444,76579,,28
county,21001,444,16686,,8
county,21003,444,,D,
county,21005,444,14017,,5
county,21009,444,,D,
county,21013,444,12802,,6
county,21015,444,208386,,36
county,21017,444,13301,,7
county,21019,444,28252,,18
county,21021,444,78237,,16
county,21023,444,4072,,4
county,21025,444,8010,,4
county,21027,444,13016,,5
county,21029,444,62814,,14
county,21031,444,,D,
county,21033,444,24332,,7
county,21035,444,54198,,18
county,21037,444,104048,,21
county,21041,444,16842,,4
county,21043,444,10779,,8
county,21045,444,17339,,7
county,21047,444,94718,,22
county,21049,444,53220,,12
county,21053,444,6543,,5
county,21055,444,3025,,3
county,21059,444,163373,,29
county,21067,444,464851,,70
county,21069,444,30621,,9
county,21071,444,,D,
county,21073,444,64080,,13
county,21081,444,10573,,5
county,21083,444,43599,,17
county,21085,444,37917,,16
county,21087,444,8396,,3
county,21089,444,58143,,5
county,21093,444,181696,,38
county,21095,444,13987,,7
county,21097,444,14125,,7
county,21099,444,15979,,9
county,21101,444,44459,,10
county,21103,444,7270,,4
county,21107,444,56841,,18
county,21109,444,2536,,3
county,21111,444,917443,,167
county,21113,444,75620,,15
county,21115,444,38564,,8
county,21117,444,81877,,25
county,21119,444,474,,3
county,21121,444,,D,
county,21123,444,,D,
county,21125,444,119063,,24
county,21127,444,8010,,4
county,21133,444,7654,,5
county,21137,444,8754,,6
county,21141,444,49806,,17
county,21145,444,154886,,34
county,21149,444,,D,
county,21151,444,135988,,27
county,21155,444,16733,,9
county,21157,444,30718,,15
county,21161,444,61256,,12
county,21163,444,,D,
county,21167,444,7778,,7
county,21171,444,,D,
county,21173,444,39618,,10
county,21175,444,5058,,4
county,21177,444,13434,,11
county,21179,444,64764,,19
county,21183,444,26970,,8
county,21185,444,20267,,13
county,21187,444,,D,
county,21193,444,42460,,8
county,21195,444,64683,,18
county,21197,444,4769,,4
county,21199,444,122911,,33
county,21203,444,,D,
county,21205,444,44041,,8
county,21207,444,16156,,6
county,21209,444,89694,,14
county,21211,444,66870,,19
county,21213,444,48515,,8
county,21215,444,458,,3
county,21217,444,72272,,13
county,21219,444,22294,,7
county,21221,444,,D,
county,21223,444,850,,3
county,21225,444,18267,,9
county,21227,444,237917,,44
county,21231,444,16551,,9
county,21233,444,3327,,3
county,21235,444,,D,
county,21237,444,2142,,3
county,21239,444,24217,,8
county,22001,444,62953,,18
county,22003,444,7184,,7
county,22005,444,199448,,34
county,22009,444,16157,,11
county,22011,444,,D,
county,22015,444,134503,,24
county,22017,444,233822,,57
county,22019,444,,D,
county,22027,444,,D,
county,22029,444,,D,
county,22031,444,12191,,4
county,22033,444,683156,,127
county,22037,444,,D,
county,22039,444,11845,,8
county,22041,444,13882,,5
county,22045,444,73791,,25
county,22047,444,36378,,9
county,22049,444,4550,,6
county,22051,444,624871,,123
county,22053,444,28122,,12
county,22055,444,349890,,71
county,22057,444,86126,,36
county,22059,444,,D,
county,22061,444,69411,,13
county,22063,444,168920,,30
county,22067,444,12604,,8
county,22069,444,34647,,12
county,22071,444,261630,,62
county,22073,444,,D,
county,22075,444,,D,
county,22077,444,,D,
county,22079,444,,D,
county,22083,444,10277,,6
county,22085,444,23335,,8
county,22087,444,47622,,13
county,22089,444,,D,
county,22095,444,38083,,6
county,22097,444,88843,,25
county,22099,444,30560,,15
county,22101,444,42305,,20
county,22103,444,393983,,86
county,22105,444,149720,,36
county,22109,444,140061,,36
county,22111,444,,D,
county,22113,444,81308,,26
county,22115,444,56641,,13
county,22117,444,16681,,13
county,22119,444,41268,,17
county,22121,444,11617,,4
county,22123,444,3400,,3
county,22127,444,17174,,6
county,23001,444,167300,,47
county,23003,444,79099,,28
county,23005,444,573462,,128
county,23007,444,46086,,21
county,23009,444,116581,,25
county,23011,444,220413,,53
county,23013,444,114860,,28
county,23015,444,55709,,21
county,23017,444,43837,,23
county,23019,444,232906,,61
county,23021,444,29949,,14
county,23023,444,46674,,11
county,23025,444,78180,,22
county,23027,444,44573,,15
county,23029,444,36655,,17
county,23031,444,244066,,65
county,24001,444,76894,,17
county,24003,444,692866,,110
county,24005,444,873153,,152
county,24009,444,72334,,18
county,24011,444,6691,,6
county,24013,444,233679,,43
county,24015,444,69691,,18
county,24017,444,200040,,26
county,24019,444,26746,,11
county,24021,444,386733,,61
county,24023,444,79416,,27
county,24025,444,291273,,51
county,24027,444,285744,,52
county,24029,444,26846,,9
county,24031,444,948638,,139
county,24033,444,806628,,93
county,24035,444,68215,,18
county,24037,444,146117,,25
county,24039,444,16055,,3
county,24041,444,79912,,24
county,24043,444,179313,,37
county,24045,444,151810,,27
county,24047,444,109199,,26
county,24510,444,311042,,45
county,25001,444,495535,,126
county,25003,444,165619,,58
county,25005,444,877077,,131
county,25007,444,73268,,19
county,25009,444,904711,,161
county,25011,444,91964,,32
county,25013,444,421091,,105
county,25015,444,168861,,39
county,25017,444,1800596,,347
county,25019,444,95197,,8
county,25021,444,819492,,163
county,25023,444,742120,,148
county,25025,444,457855,,82
county,25027,444,826087,,209
county,26001,444,10906,,4
county,26003,444,5038,,4
county,26005,444,78087,,32
county,26007,444,64869,,17
county,26009,444,17308,,11
county,26011,444,22177,,12
county,26013,444,,D,
county,26015,444,28442,,13
county,26017,444,129396,,26
county,26019,444,17559,,7
county,26021,444,204447,,62
county,26023,444,53747,,14
county,26025,444,164337,,44
county,26027,444,68322,,13
county,26029,444,,D,
county,26031,444,16840,,12
county,26033,444,31906,,14
county,26035,444,,D,
county,26037,444,85941,,24
county,26039,444,,D,
county,26041,444,73993,,23
county,26043,444,52586,,18
county,26045,444,122883,,26
county,26047,444,146597,,30
county,26049,444,511691,,109
county,26051,444,,D,
county,26053,444,12863,,7
county,26055,444,314092,,58
county,26057,444,13916,,14
county,26059,444,34731,,15
county,26061,444,,D,
county,26063,444,63465,,19
county,26065,444,274019,,56
county,26067,444,58727,,13
county,26069,444,22734,,9
county,26071,444,14249,,11
county,26073,444,125979,,18
county,26075,444,242990,,51
county,26077,444,357376,,73
county,26079,444,14952,,8
county,26081,444,825620,,152
county,26087,444,100776,,27
county,26089,444,14437,,10
county,26091,444,106572,,35
county,26093,444,240110,,62
county,26097,444,16035,,9
county,26099,444,1005485,,178
county,26101,444,12473,,13
county,26103,444,125525,,26
county,26105,444,70618,,14
county,26107,444,94356,,18
county,26109,444,5166,,6
county,26111,444,93972,,21
county,26113,444,42197,,7
county,26115,444,128775,,28
county,26117,444,133906,,22
county,26119,444,5459,,4
county,26121,444,198846,,41
county,26123,444,35792,,14
county,26125,444,1602200,,300
county,26127,444,,D,
county,26129,444,56380,,14
county,26131,444,5808,,4
county,26133,444,5540,,7
county,26135,444,,D,
county,26137,444,99771,,18
county,26139,444,299641,,76
county,26141,444,5218,,5
county,26143,444,,D,
county,26145,444,217579,,56
county,26147,444,167134,,50
county,26149,444,96737,,20
county,26151,444,,D,
county,26153,444,4069,,4
county,26155,444,86166,,28
county,26157,444,55900,,25
county,26159,444,75244,,27
county,26161,444,380318,,69
county,26163,444,1176525,,242
county,26165,444,57184,,16
county,27001,444,15006,,7
county,27003,444,407419,,54
county,27005,444,76329,,16
county,27007,444,121360,,17
county,27009,444,118599,,17
county,27011,444,,D,
county,27013,444,156058,,27
county,27015,444,44805,,12
county,27017,444,12857,,7
county,27019,444,99423,,23
county,27021,444,16651,,18
county,27023,444,71712,,11
county,27025,444,46334,,12
county,27027,444,69838,,14
county,27029,444,12503,,9
county,27031,444,9999,,4
county,27033,444,5320,,3
county,27035,444,181546,,37
county,27037,444,526406,,83
county,27039,444,51026,,8
county,27041,444,113955,,22
county,27043,444,16311,,15
county,27045,444,46098,,13
county,27047,444,45119,,15
county,27049,444,257812,,25
county,27051,444,23773,,8
county,27053,444,1276441,,238
county,27055,444,19762,,13
county,27057,444,16066,,9
county,27059,444,98050,,13
county,27061,444,55704,,23
county,27063,444,7243,,9
county,27065,444,22651,,5
county,27067,444,135123,,18
county,27069,444,9381,,7
county,27071,444,33091,,10
county,27073,444,4584,,6
county,27075,444,4469,,6
county,27077,444,4355,,4
county,27079,444,16423,,9
county,27081,444,10258,,4
county,27083,444,65611,,18
county,27085,444,70042,,14
county,27087,444,,D,
county,27089,444,38543,,9
county,27091,444,20741,,10
county,27093,444,42970,,13
county,27095,444,,D,
county,27097,444,48545,,21
county,27099,444,,D,
county,27101,444,6396,,5
county,27103,444,23215,,14
county,27105,444,20633,,14
county,27107,444,8397,,6
county,27109,444,312296,,50
county,27111,444,91070,,34
county,27113,444,17799,,10
county,27115,444,18251,,13
county,27117,444,22504,,6
county,27119,444,44636,,16
county,27121,444,7293,,6
county,27123,444,350400,,77
county,27125,444,10022,,4
county,27127,444,28057,,10
county,27129,444,14321,,10
county,27131,444,82614,,24
county,27133,444,14312,,6
county,27135,444,,D,
county,27137,444,317504,,71
county,27139,444,106256,,24
county,27141,444,141048,,16
county,27143,444,,D,
county,27145,444,334348,,70
county,27147,444,46586,,17
county,27149,444,63833,,10
county,27151,444,11652,,10
county,27153,444,19494,,16
county,27155,444,7103,,4
county,27157,444,50484,,14
county,27159,444,31809,,13
county,27161,444,5725,,6
county,27163,444,436656,,54
county,27165,444,4347,,5
county,27167,444,,D,
county,27169,444,80252,,19
county,27171,444,184249,,45
county,27173,444,59710,,8
county,28001,444,,D,
county,28003,444,78199,,17
county,28005,444,7600,,3
county,28007,444,11063,,6
county,28009,444,,D,
county,28011,444,26637,,11
county,28013,444,10712,,4
county,28015,444,,D,
county,28017,444,7391,,4
county,28023,444,,D,
county,28025,444,9243,,5
county,28027,444,11911,,6
county,28029,444,16057,,8
county,28031,444,,D,
county,28033,444,236134,,40
county,28035,444,,D,
county,28039,444,23374,,10
county,28041,444,11216,,5
county,28043,444,33364,,9
county,28045,444,42688,,7
county,28047,444,253047,,55
county,28049,444,162607,,40
county,28051,444,5577,,7
county,28053,444,1203,,4
county,28057,444,,D,
county,28059,444,120187,,31
county,28065,444,,D,
county,28067,444,,D,
county,28071,444,59053,,15
county,28073,444,119287,,23
county,28075,444,94964,,27
county,28077,444,3381,,4
county,28079,444,9199,,5
county,28081,444,219258,,38
county,28083,444,,D,
county,28085,444,77570,,14
county,28087,444,80754,,23
county,28089,444,198247,,41
county,28091,444,17570,,8
county,28093,444,18728,,7
county,28095,444,15293,,15
county,28097,444,9232,,4
county,28099,444,26673,,11
county,28101,444,7735,,7
county,28103,444,,D,
county,28105,444,72984,,16
county,28107,444,47866,,12
county,28109,444,54367,,24
county,28113,444,62404,,15
county,28115,444,,D,
county,28117,444,9584,,5
county,28121,444,201184,,49
county,28123,444,15632,,10
county,28127,444,15355,,5
county,28131,444,9559,,7
county,28133,444,,D,
county,28137,444,13258,,6
county,28139,444,,D,
county,28141,444,11029,,8
county,28145,444,,D,
county,28147,444,15176,,4
county,28149,444,41172,,10
county,28151,444,56485,,16
county,28153,444,10165,,10
county,28159,444,34126,,8
county,28161,444,3723,,5
county,28163,444,4277,,4
county,29001,444,41628,,11
county,29003,444,10502,,7
county,29005,444,20589,,7
county,29007,444,28182,,15
county,29009,444,64393,,17
county,29011,444,16942,,4
county,29013,444,4562,,7
county,29015,444,8212,,4
county,29017,444,,D,
county,29019,444,273505,,51
county,29021,444,156622,,23
county,29023,444,99093,,19
county,29027,444,38895,,15
county,29029,444,69448,,24
county,29031,444,177967,,41
county,29033,444,9262,,7
county,29037,444,132695,,24
county,29039,444,13544,,4
county,29041,444,23863,,5
county,29043,444,95083,,23
county,29047,444,242774,,54
county,29049,444,,D,
county,29051,444,146006,,33
county,29053,444,19287,,7
county,29055,444,20036,,9
county,29057,444,4558,,4
county,29059,444,,D,
county,29063,444,,D,
county,29065,444,7240,,3
county,29067,444,,D,
county,29069,444,19144,,14
county,29071,444,173592,,39
county,29073,444,18747,,9
county,29075,444,15200,,6
county,29077,444,437929,,87
county,29079,444,8395,,6
county,29081,444,13203,,4
county,29083,444,27496,,20
county,29085,444,6380,,3
county,29087,444,,D,
county,29089,444,4693,,3
county,29091,444,68341,,24
county,29095,444,740893,,144
county,29097,444,192657,,44
county,29099,444,234167,,52
county,29101,444,54282,,14
county,29103,444,3397,,3
county,29105,444,84204,,23
county,29107,444,19246,,14
county,29109,444,30422,,18
county,29111,444,6665,,4
county,29113,444,82907,,22
county,29115,444,24602,,9
county,29117,444,55330,,14
county,29119,444,,D,
county,29121,444,17605,,7
county,29123,444,6771,,4
county,29127,444,,D,
county,29131,444,89360,,11
county,29133,444,,D,
county,29135,444,14153,,7
county,29137,444,,D,
county,29139,444,30779,,9
county,29141,444,44077,,17
county,29143,444,36451,,8
county,29145,444,60749,,16
county,29147,444,27061,,14
county,29149,444,15367,,7
county,29151,444,29934,,9
county,29155,444,5573,,4
county,29157,444,32791,,11
county,29159,444,106120,,22
county,29161,444,72032,,17
county,29163,444,19566,,10
county,29165,444,144388,,25
county,29167,444,,D,
county,29169,444,50677,,12
county,29171,444,,D,
county,29175,444,44356,,12
county,29177,444,16202,,9
county,29181,444,,D,
county,29183,444,565346,,86
county,29185,444,10863,,6
county,29186,444,18929,,7
county,29187,444,121893,,29
county,29189,444,1185298,,234
county,29195,444,15723,,11
county,29197,444,7058,,3
county,29199,444,8866,,5
county,29201,444,31790,,21
county,29203,444,3813,,6
county,29205,444,3207,,3
county,29207,444,31303,,13
county,29209,444,14784,,6
county,29213,444,142064,,30
county,29215,444,39207,,13
county,29217,444,42910,,13
county,29219,444,21274,,10
county,29221,444,7893,,4
county,29223,444,9735,,5
county,29225,444,42432,,14
county,29229,444,39533,,14
county,29510,444,176660,,56
county,30001,444,,D,
county,30003,444,5064,,4
county,30005,444,3466,,3
county,30009,444,7216,,3
county,30013,444,192228,,34
county,30015,444,,D,
county,30017,444,28436,,9
county,30019,444,,D,
county,30021,444,12087,,6
county,30023,444,4962,,3
county,30025,444,4035,,3
county,30027,444,25678,,9
county,30029,444,242769,,61
county,30031,444,380104,,60
county,30033,444,,D,
county,30035,444,,D,
county,30041,444,22141,,9
county,30043,444,1297,,3
county,30047,444,40204,,16
county,30049,444,129551,,30
county,30051,444,2799,,4
county,30053,444,24668,,10
county,30057,444,21019,,7
county,30063,444,211594,,56
county,30067,444,17348,,9
county,30071,444,6561,,4
county,30081,444,55388,,19
county,30083,444,24328,,10
county,30085,444,10374,,6
county,30087,444,5558,,5
county,30089,444,9148,,9
county,30091,444,3531,,4
county,30093,444,44496,,14
county,30095,444,3089,,4
county,30097,444,7908,,3
county,30099,444,15505,,8
county,30103,444,,D,
county,30105,444,71243,,7
county,30111,444,323173,,78
county,31001,444,62651,,17
county,31003,444,2925,,3
county,31011,444,,D,
county,31013,444,4960,,4
county,31015,444,7616,,4
county,31017,444,32374,,6
county,31019,444,137180,,25
county,31021,444,1737,,5
county,31023,444,2866,,5
county,31025,444,8458,,6
county,31027,444,38434,,10
county,31029,444,4092,,3
county,31031,444,3810,,3
county,31033,444,4167,,3
county,31035,444,,D,
county,31039,444,15850,,9
county,31041,444,55201,,17
county,31043,444,5450,,5
county,31045,444,8297,,6
county,31047,444,54763,,18
county,31053,444,58890,,16
county,31055,444,809090,,101
county,31057,444,823,,3
county,31059,444,2011,,3
county,31065,444,6523,,3
county,31067,444,30708,,15
county,31069,444,,D,
county,31071,444,,D,
county,31077,444,28750,,7
county,31079,444,132616,,26
county,31081,444,4616,,4
county,31083,444,4316,,3
county,31089,444,17039,,16
county,31093,444,,D,
county,31095,444,7558,,3
county,31097,444,4507,,3
county,31099,444,1875,,3
county,31101,444,6508,,5
county,31107,444,7825,,9
county,31109,444,458984,,80
county,31111,444,90818,,21
county,31119,444,95354,,28
county,31121,444,,D,
county,31125,444,8563,,4
county,31127,444,,D,
county,31129,444,22546,,4
county,31131,444,17747,,11
county,31133,444,,D,
county,31135,444,,D,
county,31137,444,12901,,6
county,31139,444,,D,
county,31141,444,64145,,21
county,31143,444,5359,,5
county,31145,444,26226,,11
county,31147,444,7877,,8
county,31151,444,10172,,6
county,31153,444,198930,,26
county,31155,444,3353,,4
county,31157,444,82979,,21
county,31159,444,7322,,6
county,31161,444,,D,
county,31163,444,,D,
county,31169,444,4165,,5
county,31173,444,21589,,6
county,31175,444,60933,,9
county,31177,444,12928,,10
county,31179,444,,D,
county,31181,444,5960,,3
county,31185,444,20647,,8
county,32001,444,,D,
county,32003,444,1561156,,210
county,32005,444,83288,,14
county,32007,444,,D,
county,32013,444,,D,
county,32019,444,37047,,9
county,32023,444,38530,,9
county,32031,444,527774,,90
county,32510,444,111901,,22
county,33001,444,140636,,34
county,33003,444,,D,
county,33005,444,200551,,36
county,33007,444,32121,,19
county,33009,444,242193,,52
county,33011,444,613865,,126
county,33013,444,308578,,60
county,33015,444,852917,,137
county,33017,444,208497,,40
county,33019,444,,D,
county,34001,444,388143,,67
county,34003,444,766271,,203
county,34005,444,448235,,94
county,34007,444,498695,,92
county,34009,444,191407,,47
county,34011,444,176576,,36
county,34013,444,535716,,109
county,34015,444,282133,,59
county,34017,444,404849,,68
county,34019,444,202839,,52
county,34021,444,364596,,75
county,34023,444,689856,,121
county,34025,444,986190,,205
county,34027,444,804288,,154
county,34029,444,911067,,145
county,34031,444,535790,,83
county,34033,444,36139,,18
county,34035,444,442999,,64
county,34037,444,147921,,47
county,34039,444,534767,,94
county,34041,444,197264,,33
county,35001,444,699649,,116
county,35005,444,87907,,20
county,35006,444,,D,
county,35007,444,,D,
county,35009,444,57364,,20
county,35013,444,205367,,43
county,35015,444,115531,,22
county,35017,444,16255,,7
county,35025,444,83215,,18
county,35027,444,28504,,15
county,35028,444,,D,
county,35029,444,9076,,3
county,35031,444,67747,,10
county,35035,444,71007,,16
county,35037,444,7070,,5
county,35039,444,44435,,10
county,35041,444,8193,,5
county,35043,444,58733,,12
county,35045,444,113523,,35
county,35047,444,10935,,6
county,35049,444,168695,,43
county,35051,444,6859,,3
county,35053,444,4528,,4
county,35055,444,30137,,14
county,35057,444,11985,,5
county,35061,444,72363,,14
county,36001,444,442124,,87
county,36003,444,21371,,15
county,36005,444,452103,,124
county,36007,444,182877,,45
county,36009,444,78345,,30
county,36011,444,103295,,29
county,36013,444,139946,,59
county,36015,444,109189,,28
county,36017,444,55414,,17
county,36019,444,143854,,39
county,36021,444,93043,,15
county,36023,444,89610,,22
county,36025,444,64206,,30
county,36027,444,370724,,92
county,36029,444,954539,,215
county,36031,444,47608,,21
county,36033,444,55125,,24
county,36035,444,26621,,17
county,36037,444,80944,,23
county,36039,444,83016,,24
county,36041,444,,D,
county,36043,444,48825,,15
county,36045,444,202244,,46
county,36047,444,1873512,,458
county,36049,444,31941,,13
county,36051,444,59129,,24
county,36053,444,96917,,23
county,36055,444,678416,,134
county,36057,444,73867,,15
county,36059,444,1472707,,332
county,36061,444,797984,,293
county,36063,444,176255,,52
county,36065,444,290155,,71
county,36067,444,530841,,121
county,36069,444,202286,,47
county,36071,444,449016,,106
county,36073,444,27393,,12
county,36075,444,100714,,37
county,36077,444,125621,,18
county,36079,444,106496,,35
county,36081,444,1353478,,344
county,36083,444,156706,,38
county,36085,444,367325,,68
county,36087,444,318153,,70
county,36089,444,148070,,49
county,36091,444,322449,,61
county,36093,444,205462,,30
county,36095,444,24934,,10
county,36099,444,15775,,9
county,36101,444,117405,,34
county,36103,444,2284839,,485
county,36105,444,127445,,28
county,36107,444,21229,,17
county,36109,444,123718,,30
county,36111,444,201685,,55
county,36113,444,154479,,29
county,36115,444,60132,,30
county,36117,444,125099,,41
county,36119,444,1114196,,243
county,36121,444,33445,,15
county,36123,444,27110,,12
county,37001,444,176036,,36
county,37003,444,25256,,14
county,37005,444,10884,,5
county,37007,444,11244,,7
county,37009,444,41383,,16
county,37011,444,40602,,11
county,37013,444,51903,,11
county,37015,444,5274,,5
county,37017,444,12298,,7
county,37019,444,161662,,34
county,37021,444,414013,,77
county,37023,444,59831,,16
county,37025,444,211276,,40
county,37027,444,52576,,17
county,37031,444,157107,,36
county,37033,444,3176,,4
county,37035,444,194816,,49
county,37037,444,60229,,20
county,37039,444,55605,,15
county,37041,444,5405,,4
county,37043,444,6805,,4
county,37045,444,102660,,31
county,37047,444,54252,,17
county,37049,444,94856,,28
county,37051,444,333738,,51
county,37053,444,33962,,15
county,37055,444,151961,,25
county,37057,444,113283,,38
county,37059,444,44634,,8
county,37061,444,,D,
county,37063,444,266908,,48
county,37065,444,26902,,6
county,37067,444,404386,,87
county,37069,444,22397,,12
county,37071,444,155032,,36
county,37075,444,6209,,4
county,37077,444,17109,,10
county,37079,444,4616,,4
county,37081,444,516528,,114
county,37083,444,38931,,10
county,37085,444,68931,,23
county,37087,444,78447,,21
county,37089,444,156233,,35
county,37091,444,17414,,9
county,37093,444,6860,,6
county,37097,444,246340,,64
county,37099,444,71297,,15
county,37101,444,158167,,37
county,37105,444,62309,,15
county,37107,444,52363,,19
county,37109,444,95577,,22
county,37111,444,39018,,10
county,37113,444,81773,,24
county,37115,444,1602,,4
county,37117,444,13666,,6
county,37119,444,1217078,,194
county,37121,444,7937,,6
county,37123,444,5327,,6
county,37125,444,120184,,34
county,37127,444,83377,,18
county,37129,444,430985,,83
county,37131,444,2178,,3
county,37133,444,161097,,27
county,37135,444,127600,,23
county,37137,444,,D,
county,37139,444,82070,,15
county,37141,444,56257,,15
county,37143,444,3792,,3
county,37145,444,37283,,10
county,37147,444,218561,,37
county,37149,444,,D,
county,37151,444,94903,,28
county,37153,444,34076,,8
county,37155,444,98608,,19
county,37157,444,90596,,28
county,37159,444,104480,,36
county,37161,444,63978,,20
county,37163,444,43169,,15
county,37165,444,37976,,12
county,37167,444,82118,,26
county,37169,444,21616,,12
county,37171,444,136826,,31
county,37173,444,4536,,4
county,37175,444,54153,,11
county,37177,444,1618,,3
county,37179,444,211091,,43
county,37181,444,54861,,12
county,37183,444,1191131,,198
county,37189,444,114642,,27
county,37191,444,114819,,25
county,37193,444,,D,
county,37195,444,69517,,22
county,37197,444,16679,,11
county,37199,444,17131,,5
county,38003,444,8553,,9
county,38009,444,19211,,5
county,38011,444,2611,,3
county,38015,444,228230,,32
county,38017,444,284277,,54
county,38019,444,29193,,5
county,38021,444,27511,,10
county,38023,444,3574,,3
county,38027,444,8065,,4
county,38029,444,1129,,3
county,38035,444,172554,,23
county,38037,444,,D,
county,38041,444,,D,
county,38045,444,5530,,6
county,38049,444,4256,,3
county,38051,444,19991,,6
county,38053,444,17741,,6
county,38055,444,33184,,10
county,38057,444,13183,,9
county,38059,444,20844,,8
county,38061,444,21758,,8
county,38063,444,,D,
county,38067,444,11598,,8
county,38071,444,28074,,8
county,38073,444,5850,,4
county,38077,444,,D,
county,38079,444,4528,,3
county,38081,444,11506,,4
county,38089,444,74014,,14
county,38093,444,67051,,13
county,38095,444,,D,
county,38097,444,2818,,4
county,38099,444,12809,,11
county,38101,444,,D,
county,38103,444,6782,,5
county,38105,444,114857,,18
county,39001,444,36856,,16
county,39003,444,137953,,34
county,39005,444,53154,,18
county,39007,444,94825,,32
county,39009,444,60844,,16
county,39011,444,39256,,11
county,39013,444,89310,,21
county,39015,444,18055,,14
county,39017,444,307557,,66
county,39019,444,30833,,13
county,39021,444,12106,,11
county,39023,444,114045,,29
county,39025,444,238794,,37
county,39027,444,51976,,15
county,39029,444,96848,,42
county,39031,444,38216,,12
county,39033,444,11766,,12
county,39035,444,935102,,219
county,39037,444,71240,,20
county,39039,444,138443,,16
county,39041,444,296164,,41
county,39043,444,116747,,22
county,39045,444,168023,,33
county,39047,444,46665,,9
county,39049,444,1369406,,207
county,39051,444,53114,,24
county,39053,444,37696,,12
county,39055,444,162577,,54
county,39057,444,226044,,33
county,39059,444,35840,,16
county,39061,444,731600,,161
county,39063,444,112645,,20
county,39065,444,13692,,12
county,39067,444,,D,
county,39069,444,7409,,6
county,39071,444,58078,,16
county,39073,444,8035,,9
county,39075,444,282651,,31
county,39077,444,24349,,14
county,39079,444,29421,,15
county,39081,444,85551,,16
county,39083,444,67838,,17
county,39085,444,271423,,70
county,39087,444,46631,,12
county,39089,444,242662,,40
county,39091,444,61563,,15
county,39093,444,322169,,72
county,39095,444,502705,,93
county,39097,444,,D,
county,39099,444,299637,,72
county,39101,444,117131,,14
county,39103,444,229394,,51
county,39105,444,16275,,8
county,39107,444,107598,,21
county,39109,444,153821,,28
county,39111,444,12365,,6
county,39113,444,416137,,86
county,39115,444,4181,,4
county,39119,444,126851,,27
county,39121,444,,D,
county,39123,444,23720,,11
county,39125,444,5074,,8
county,39127,444,,D,
county,39129,444,,D,
county,39131,444,8064,,6
county,39133,444,178924,,32
county,39135,444,12025,,6
county,39137,444,29161,,13
county,39139,444,196413,,39
county,39141,444,116989,,27
county,39143,444,65186,,25
county,39145,444,89196,,23
county,39147,444,45383,,16
county,39149,444,61074,,17
county,39151,444,467640,,96
county,39153,444,512554,,103
county,39155,444,187166,,56
county,39157,444,112017,,31
county,39159,444,76431,,20
county,39161,444,13823,,8
county,39165,444,289987,,42
county,39167,444,104177,,23
county,39169,444,141545,,42
county,39171,444,24728,,15
county,39173,444,138364,,26
county,39175,444,16070,,11
county,40001,444,10410,,8
county,40003,444,7833,,4
county,40005,444,19342,,6
county,40009,444,30294,,17
county,40011,444,11156,,5
county,40013,444,57207,,16
county,40015,444,8204,,6
county,40017,444,126996,,32
county,40019,444,87224,,33
county,40021,444,46186,,11
county,40023,444,13144,,7
county,40027,444,211308,,39
county,40031,444,,D,
county,40035,444,8874,,8
county,40037,444,38779,,15
county,40039,444,40941,,13
county,40041,444,49479,,15
county,40043,444,11271,,4
county,40045,444,,D,
county,40047,444,93692,,29
county,40049,444,31623,,21
county,40051,444,56544,,21
county,40061,444,16836,,6
county,40063,444,6213,,4
county,40065,444,,D,
county,40069,444,4457,,3
county,40071,444,48891,,16
county,40073,444,8703,,7
county,40075,444,9718,,5
county,40077,444,5112,,4
county,40079,444,37444,,11
county,40081,444,8179,,10
county,40083,444,24367,,9
county,40087,444,35146,,13
county,40089,444,41756,,13
county,40091,444,10927,,8
county,40093,444,5927,,6
county,40095,444,13291,,7
county,40097,444,32364,,15
county,40099,444,32978,,7
county,40101,444,84229,,24
county,40103,444,7605,,3
county,40105,444,5951,,4
county,40107,444,6168,,5
county,40109,444,1032209,,183
county,40111,444,16714,,11
county,40113,444,27316,,10
county,40115,444,18001,,10
county,40117,444,4318,,5
county,40119,444,119128,,28
county,40121,444,58295,,15
county,40123,444,65041,,17
county,40125,444,93590,,16
county,40129,444,5575,,3
county,40131,444,128228,,26
county,40133,444,7690,,8
county,40135,444,26188,,12
county,40137,444,42792,,24
county,40139,444,12508,,7
county,40143,444,806198,,164
county,40145,444,19011,,12
county,40147,444,56559,,14
county,40149,444,16127,,9
county,40151,444,16339,,6
county,40153,444,30774,,14
county,41001,444,25788,,11
county,41003,444,87239,,26
county,41005,444,514355,,108
county,41007,444,84932,,21
county,41009,444,24755,,14
county,41011,444,56067,,30
county,41013,444,18749,,6
county,41015,444,43402,,15
county,41017,444,444134,,84
county,41019,444,132742,,40
county,41021,444,,D,
county,41023,444,9359,,8
county,41027,444,30340,,16
county,41029,444,313921,,90
county,41031,444,24496,,7
county,41033,444,163877,,39
county,41035,444,82001,,24
county,41037,444,6431,,4
county,41039,444,435223,,96
county,41041,444,54073,,24
county,41043,444,178678,,41
county,41045,444,125204,,16
county,41047,444,461946,,88
county,41051,444,883057,,199
county,41053,444,20918,,13
county,41057,444,,D,
county,41059,444,,D,
county,41061,444,26456,,11
county,41063,444,6144,,5
county,41065,444,54222,,7
county,41067,444,739763,,113
county,41071,444,104714,,25
county,42001,444,47868,,23
county,42003,444,1267610,,256
county,42005,444,25973,,24
county,42007,444,144578,,39
county,42009,444,45390,,24
county,42011,444,434667,,84
county,42013,444,294822,,43
county,42015,444,98840,,24
county,42017,444,748222,,169
county,42019,444,335402,,67
county,42021,444,137214,,43
county,42025,444,62769,,21
county,42027,444,154689,,40
county,42029,444,540745,,135
county,42031,444,46164,,26
county,42033,444,116606,,34
county,42035,444,44337,,13
county,42037,444,,D,
county,42039,444,96130,,30
county,42041,444,367771,,64
county,42043,444,254185,,56
county,42045,444,485861,,108
county,42047,444,37242,,15
county,42049,444,290717,,76
county,42051,444,126432,,30
county,42053,444,2135,,3
county,42055,444,232914,,51
county,42057,444,,D,
county,42059,444,21815,,15
county,42061,444,28828,,19
county,42063,444,78931,,21
county,42065,444,,D,
county,42067,444,,D,
county,42069,444,229941,,58
county,42071,444,678332,,167
county,42073,444,75788,,26
county,42075,444,158493,,37
county,42077,444,378242,,82
county,42079,444,295409,,75
county,42081,444,134164,,44
county,42083,444,27944,,14
county,42085,444,157859,,37
county,42087,444,57537,,19
county,42089,444,206998,,47
county,42091,444,903673,,192
county,42095,444,200427,,55
county,42097,444,98443,,36
county,42099,444,28642,,18
county,42101,444,787665,,144
county,42103,444,86933,,20
county,42105,444,,D,
county,42107,444,113077,,45
county,42109,444,31023,,12
county,42111,444,80658,,32
county,42113,444,,D,
county,42115,444,46406,,17
county,42117,444,59307,,19
county,42119,444,33529,,15
county,42121,444,68231,,15
county,42123,444,51025,,15
county,42125,444,173850,,48
county,42127,444,,D,
county,42129,444,374351,,114
county,42131,444,32215,,16
county,42133,444,477216,,92
county,44001,444,8944,,8
county,44003,444,248115,,58
county,44005,444,75908,,25
county,44007,444,425868,,111
county,44009,444,322856,,51
county,45001,444,4676,,6
county,45003,444,165082,,34
county,45005,444,2166,,3
county,45007,444,168451,,47
county,45011,444,,D,
county,45013,444,,D,
county,45015,444,201183,,30
county,45017,444,,D,
county,45019,444,660638,,114
county,45021,444,34225,,13
county,45023,444,6971,,11
county,45025,444,16345,,6
county,45027,444,,D,
county,45029,444,26233,,10
county,45031,444,39081,,12
county,45033,444,15519,,8
county,45035,444,111410,,28
county,45037,444,15490,,5
county,45039,444,,D,
county,45041,444,192491,,45
county,45043,444,69782,,23
county,45045,444,673242,,121
county,45047,444,80025,,20
county,45049,444,,D,
county,45051,444,567828,,94
county,45053,444,,D,
county,45055,444,56603,,15
county,45057,444,99540,,23
county,45059,444,15859,,17
county,45061,444,,D,
county,45063,444,374522,,74
county,45067,444,16215,,9
county,45069,444,1932,,3
county,45071,444,52325,,14
county,45073,444,146052,,34
county,45075,444,66573,,19
county,45077,444,159774,,31
county,45079,444,380119,,75
county,45081,444,9074,,4
county,45083,444,281965,,79
county,45085,444,91859,,22
county,45087,444,6798,,8
county,45089,444,,D,
county,45091,444,239064,,46
county,46003,444,1839,,3
county,46005,444,17188,,12
county,46009,444,1600,,3
county,46011,444,44379,,6
county,46013,444,80336,,15
county,46015,444,10036,,9
county,46019,444,11721,,6
county,46023,444,13314,,8
county,46027,444,8833,,4
county,46029,444,86446,,19
county,46035,444,67727,,11
county,46037,444,9483,,5
county,46043,444,27491,,9
county,46045,444,7729,,4
county,46047,444,10502,,4
county,46049,444,,D,
county,46051,444,8936,,8
county,46053,444,19417,,7
county,46055,444,3656,,3
county,46057,444,36760,,4
county,46059,444,,D,
county,46065,444,,D,
county,46067,444,27311,,6
county,46071,444,,D,
county,46073,444,,D,
county,46079,444,5630,,4
county,46081,444,35953,,18
county,46083,444,42704,,14
county,46089,444,,D,
county,46091,444,13568,,6
county,46093,444,12330,,10
county,46097,444,5257,,5
county,46099,444,381895,,59
county,46101,444,7685,,3
county,46103,444,,D,
county,46107,444,5056,,5
county,46109,444,10352,,6
county,46117,444,7603,,3
county,46119,444,,D,
county,46123,444,,D,
county,46125,444,,D,
county,46127,444,14377,,4
county,46129,444,4370,,4
county,46135,444,64068,,12
county,47001,444,59355,,21
county,47003,444,46273,,10
county,47005,444,5999,,5
county,47007,444,7402,,3
county,47009,444,167351,,33
county,47011,444,143363,,28
county,47013,444,48141,,11
county,47015,444,17934,,6
county,47017,444,28154,,9
county,47019,444,50159,,11
county,47021,444,22899,,7
county,47023,444,18539,,5
county,47025,444,22495,,10
county,47029,444,38067,,7
county,47031,444,117508,,32
county,47033,444,17285,,3
county,47035,444,95765,,26
county,47037,444,969544,,153
county,47039,444,16962,,7
county,47041,444,13418,,7
county,47043,444,91267,,18
county,47045,444,75847,,12
county,47047,444,59387,,8
county,47049,444,32285,,8
county,47051,444,80036,,18
county,47053,444,56254,,19
county,47055,444,55457,,15
county,47057,444,6006,,5
county,47059,444,76919,,19
county,47061,444,6015,,3
county,47063,444,101005,,24
county,47065,444,495709,,107
county,47069,444,20544,,7
county,47071,444,51031,,11
county,47073,444,,D,
county,47075,444,12558,,5
county,47077,444,21503,,9
county,47079,444,189517,,14
county,47081,444,8201,,6
county,47085,444,17892,,13
county,47089,444,58320,,13
county,47091,444,14654,,7
county,47093,444,694602,,113
county,47095,444,2243,,3
county,47097,444,5846,,6
county,47099,444,39594,,17
county,47101,444,35564,,6
county,47103,444,50281,,15
county,47105,444,74335,,15
county,47107,444,128993,,19
county,47109,444,5063,,7
county,47111,444,26609,,6
county,47113,444,220891,,31
county,47115,444,38095,,5
county,47117,444,29767,,15
county,47119,444,144689,,28
county,47121,444,,D,
county,47123,444,46214,,15
county,47125,444,,D,
county,47131,444,55901,,13
county,47133,444,,D,
county,47135,444,10616,,4
county,47137,444,2664,,3
county,47141,444,123356,,27
county,47143,444,42666,,13
county,47145,444,74268,,16
county,47147,444,80479,,15
county,47149,444,521197,,62
county,47151,444,17764,,13
county,47153,444,10866,,6
county,47155,444,172831,,36
county,47157,444,708141,,149
county,47159,444,,D,
county,47163,444,165032,,40
county,47165,444,254048,,46
county,47167,444,33437,,12
county,47169,444,,D,
county,47171,444,4784,,3
county,47173,444,,D,
county,47177,444,75405,,24
county,47179,444,211215,,36
county,47181,444,2741,,3
county,47183,444,38113,,14
county,47185,444,23259,,9
county,47187,444,384861,,61
county,47189,444,198858,,29
county,48001,444,61816,,15
county,48003,444,8608,,3
county,48005,444,141447,,31
county,48007,444,37421,,5
county,48013,444,36494,,11
county,48015,444,26325,,9
county,48019,444,,D,
county,48021,444,124657,,18
county,48023,444,,D,
county,48025,444,28327,,10
county,48027,444,365837,,57
county,48029,444,1623816,,212
county,48035,444,17532,,10
county,48037,444,172860,,34
county,48039,444,439040,,58
county,48041,444,267937,,42
county,48043,444,15218,,4
county,48049,444,54640,,12
county,48051,444,,D,
county,48053,444,117656,,17
county,48055,444,22834,,13
county,48057,444,11700,,10
county,48059,444,6606,,5
county,48061,444,290328,,72
county,48063,444,11506,,3
county,48065,444,,D,
county,48067,444,18907,,6
county,48069,444,3255,,4
county,48071,444,25789,,10
county,48073,444,45390,,15
county,48075,444,5842,,5
county,48083,444,3896,,3
county,48085,444,856194,,109
county,48089,444,49005,,15
county,48091,444,253577,,37
county,48093,444,,D,
county,48097,444,102141,,21
county,48099,444,27404,,11
county,48111,444,,D,
county,48113,444,2406739,,357
county,48115,444,24378,,5
county,48117,444,9208,,8
county,48121,444,695655,,88
county,48123,444,26271,,11
county,48125,444,3994,,3
county,48127,444,8116,,4
county,48133,444,23075,,10
county,48135,444,268588,,35
county,48139,444,184243,,38
county,48141,444,,D,
county,48143,444,59685,,19
county,48145,444,11589,,10
county,48147,444,21430,,9
county,48149,444,44601,,18
county,48151,444,1346,,3
county,48157,444,591255,,79
county,48159,444,15310,,3
county,48161,444,13661,,7
county,48163,444,27396,,7
county,48165,444,19259,,9
county,48167,444,379196,,65
county,48171,444,30291,,12
county,48177,444,29330,,8
county,48179,444,11368,,8
county,48181,444,219668,,37
county,48183,444,295861,,57
county,48185,444,21833,,10
county,48187,444,167776,,24
county,48189,444,15178,,10
county,48193,444,15820,,6
county,48195,444,6903,,4
county,48199,444,,D,
county,48201,444,4164443,,608
county,48203,444,45051,,12
county,48205,444,4089,,3
county,48207,444,,D,
county,48209,444,212923,,27
county,48211,444,,D,
county,48213,444,113526,,25
county,48215,444,568025,,134
county,48217,444,31472,,13
county,48219,444,13050,,6
county,48221,444,119559,,19
county,48223,444,62184,,17
county,48225,444,17659,,6
county,48227,444,29333,,13
county,48231,444,105400,,24
county,48233,444,14704,,6
county,48237,444,5194,,5
county,48239,444,,D,
county,48241,444,58428,,17
county,48245,444,384354,,58
county,48247,444,,D,
county,48249,444,33844,,13
county,48251,444,206448,,48
county,48253,444,1659,,4
county,48255,444,12066,,4
county,48257,444,130566,,25
county,48259,444,81788,,18
county,48265,444,143550,,26
county,48267,444,8790,,5
county,48273,444,37766,,12
county,48277,444,89751,,20
county,48281,444,13484,,7
county,48283,444,4225,,3
county,48285,444,28763,,18
county,48287,444,29209,,8
county,48289,444,19272,,10
county,48291,444,69588,,23
county,48293,444,27584,,12
county,48297,444,18530,,8
county,48299,444,21735,,8
county,48303,444,,D,
county,48307,444,17122,,7
county,48309,444,393813,,72
county,48313,444,,D,
county,48315,444,2732,,3
county,48319,444,13375,,3
county,48321,444,24140,,18
county,48323,444,46295,,14
county,48325,444,52744,,16
county,48329,444,287469,,42
county,48331,444,19091,,10
county,48333,444,8669,,3
county,48335,444,7313,,3
county,48337,444,14871,,14
county,48339,444,594789,,98
county,48341,444,26496,,6
county,48343,444,7878,,5
county,48347,444,82300,,25
county,48349,444,65254,,16
county,48353,444,7362,,4
county,48355,444,430398,,56
county,48357,444,5100,,5
county,48361,444,113628,,18
county,48363,444,21772,,12
county,48365,444,15695,,11
county,48367,444,204453,,44
county,48369,444,1936,,3
county,48371,444,18435,,5
county,48373,444,79355,,18
county,48375,444,209560,,40
county,48377,444,3012,,4
county,48379,444,57658,,3
county,48381,444,,D,
county,48385,444,1542,,3
county,48387,444,2497,,3
county,48389,444,9794,,3
county,48395,444,,D,
county,48397,444,113197,,16
county,48399,444,25303,,8
county,48401,444,37618,,13
county,48403,444,9634,,3
county,48407,444,4233,,3
county,48409,444,75034,,12
county,48411,444,,D,
county,48415,444,7268,,3
county,48417,444,2919,,4
county,48419,444,,D,
county,48423,444,323081,,68
county,48425,444,5287,,4
county,48427,444,30302,,12
county,48429,444,,D,
county,48435,444,5784,,3
county,48439,444,1836754,,282
county,48441,444,217491,,37
county,48445,444,3127,,8
county,48447,444,,D,
county,48449,444,66005,,11
county,48451,444,185233,,34
county,48453,444,1352592,,224
county,48455,444,,D,
county,48457,444,19293,,11
county,48459,444,19209,,10
county,48463,444,46815,,15
county,48465,444,56159,,13
county,48467,444,47991,,11
county,48469,444,183172,,34
county,48471,444,,D,
county,48473,444,24696,,12
county,48475,444,9926,,3
county,48477,444,104103,,21
county,48479,444,197457,,38
county,48481,444,34602,,20
county,48485,444,158792,,35
county,48487,444,6438,,5
county,48491,444,601379,,81
county,48493,444,,D,
county,48497,444,83969,,17
county,48499,444,33076,,17
county,48501,444,4823,,6
county,48503,444,23250,,11
county,48505,444,8247,,3
county,49001,444,4333,,3
county,49003,444,20152,,15
county,49005,444,195366,,43
county,49007,444,18728,,11
county,49011,444,380081,,52
county,49013,444,11506,,10
county,49015,444,11864,,3
county,49019,444,12430,,6
county,49021,444,91805,,30
county,49025,444,5909,,5
county,49027,444,16327,,5
county,49029,444,7895,,9
county,49035,444,1339564,,216
county,49037,444,7247,,3
county,49039,444,29196,,12
county,49041,444,50337,,14
county,49043,444,79699,,15
county,49045,444,49679,,9
county,49047,444,64952,,21
county,49049,444,,D,
county,49051,444,11856,,8
county,49053,444,307091,,52
county,49057,444,343685,,60
county,50001,444,72442,,22
county,50003,444,77816,,17
county,50005,444,,D,
county,50007,444,318617,,69
county,50011,444,,D,
county,50015,444,48169,,18
county,50017,444,,D,
county,50019,444,40404,,11
county,50021,444,99042,,33
county,50023,444,82958,,41
county,50025,444,40554,,18
county,50027,444,64081,,28
county,51001,444,19221,,17
county,51003,444,170736,,27
county,51005,444,12155,,5
county,51009,444,51990,,8
county,51011,444,13091,,6
county,51013,444,46704,,9
county,51015,444,28319,,15
county,51019,444,97547,,18
county,51023,444,24909,,6
county,51025,444,5336,,4
county,51027,444,6667,,5
county,51029,444,,D,
county,51031,444,18892,,15
county,51033,444,4707,,3
county,51035,444,42314,,4
county,51037,444,5815,,6
county,51041,444,393651,,55
county,51043,444,3267,,3
county,51047,444,76941,,15
county,51049,444,,D,
county,51053,444,13538,,6
county,51057,444,,D,
county,51059,444,1074241,,121
county,51061,444,94044,,25
county,51063,444,,D,
county,51065,444,5164,,5
county,51067,444,80175,,30
county,51069,444,88935,,18
county,51071,444,,D,
county,51073,444,81022,,13
county,51075,444,,D,
county,51077,444,,D,
county,51079,444,,D,
county,51083,444,36637,,11
county,51085,444,195776,,32
county,51087,444,346617,,63
county,51089,444,,D,
county,51091,444,4611,,3
county,51093,444,14138,,7
county,51095,444,,D,
county,51099,444,3472,,3
county,51101,444,5430,,3
county,51103,444,16932,,10
county,51105,444,7525,,5
county,51107,444,450476,,47
county,51109,444,68930,,14
county,51111,444,2590,,3
county,51113,444,53980,,4
county,51115,444,4682,,5
county,51117,444,51703,,19
county,51119,444,17684,,6
county,51121,444,111503,,25
county,51125,444,1828,,3
county,51131,444,9001,,5
county,51133,444,9343,,7
county,51135,444,9343,,4
county,51137,444,77735,,13
county,51139,444,19634,,9
county,51141,444,2827,,4
county,51143,444,17715,,7
county,51145,444,38635,,12
county,51147,444,65059,,9
county,51149,444,,D,
county,51153,444,424801,,52
county,51155,444,36796,,11
county,51159,444,,D,
county,51161,444,89988,,16
county,51163,444,43270,,8
county,51165,444,40869,,21
county,51167,444,17895,,9
county,51169,444,,D,
county,51171,444,42167,,15
county,51173,444,21788,,10
county,51175,444,7214,,5
county,51177,444,192494,,30
county,51179,444,120001,,18
county,51181,444,2429,,3
county,51185,444,63663,,9
county,51187,444,61282,,10
county,51191,444,66510,,15
county,51193,444,7414,,3
county,51195,444,42723,,10
county,51197,444,48931,,13
county,51199,444,128262,,20
county,51510,444,116517,,19
county,51520,444,66703,,11
county,51530,444,3208,,3
county,51540,444,40968,,13
county,51550,444,444848,,58
county,51570,444,38582,,6
county,51580,444,2773,,3
county,51590,444,76783,,13
county,51600,444,88176,,10
county,51620,444,30482,,7
county,51630,444,103566,,12
county,51640,444,15479,,5
county,51650,444,119944,,23
county,51660,444,157633,,23
county,51670,444,4158,,4
county,51678,444,,D,
county,51680,444,108577,,22
county,51683,444,99174,,11
county,51690,444,,D,
county,51700,444,165940,,31
county,51710,444,,D,
county,51720,444,,D,
county,51730,444,,D,
county,51740,444,57314,,13
county,51750,444,3819,,3
county,51760,444,227836,,28
county,51770,444,131334,,29
county,51775,444,49352,,16
county,51790,444,69829,,8
county,51800,444,119176,,18
county,51810,444,385743,,80
county,51820,444,69618,,12
county,51840,444,98700,,15
county,53001,444,,D,
county,53003,444,12316,,4
county,53005,444,223170,,43
county,53007,444,157479,,39
county,53009,444,95513,,29
county,53011,444,426142,,90
county,53015,444,158606,,52
county,53017,444,22601,,8
county,53019,444,3051,,3
county,53021,444,145264,,22
county,53025,444,118512,,35
county,53027,444,80773,,24
county,53029,444,116471,,34
county,53031,444,40793,,14
county,53033,444,2239845,,418
county,53035,444,352241,,59
county,53037,444,50457,,19
county,53039,444,3424,,4
county,53041,444,119019,,39
county,53043,444,,D,
county,53045,444,43576,,14
county,53047,444,90275,,27
county,53049,444,14064,,8
county,53051,444,3859,,5
county,53053,444,963443,,154
county,53055,444,29319,,11
county,53057,444,181968,,51
county,53059,444,3497,,4
county,53061,444,793114,,163
county,53063,444,640998,,138
county,53065,444,30345,,14
county,53067,444,359590,,69
county,53071,444,,D,
county,53073,444,364896,,74
county,53075,444,29049,,10
county,53077,444,285370,,63
county,54003,444,109615,,17
county,54005,444,,D,
county,54007,444,11069,,5
county,54009,444,12746,,3
county,54011,444,105352,,22
county,54013,444,,D,
county,54019,444,,D,
county,54021,444,2560,,3
county,54023,444,,D,
county,54025,444,64779,,12
county,54027,444,6212,,7
county,54029,444,10011,,6
county,54031,444,17577,,6
county,54033,444,120815,,20
county,54035,444,24947,,11
county,54037,444,80754,,13
county,54039,444,220820,,42
county,54041,444,,D,
county,54043,444,3367,,4
county,54045,444,46937,,13
county,54047,444,1951,,3
county,54049,444,67253,,20
county,54051,444,20058,,7
county,54053,444,19229,,9
county,54055,444,58647,,11
county,54057,444,11256,,6
county,54059,444,,D,
county,54061,444,161597,,29
county,54063,444,4049,,3
county,54065,444,7895,,3
county,54067,444,38217,,8
county,54069,444,75939,,16
county,54071,444,3926,,5
county,54077,444,9805,,6
county,54079,444,49319,,17
county,54081,444,,D,
county,54083,444,24417,,13
county,54085,444,18804,,5
county,54087,444,26305,,7
county,54091,444,,D,
county,54097,444,48771,,10
county,54099,444,25403,,7
county,54103,444,28742,,9
county,54107,444,,D,
county,54109,444,4790,,6
county,55001,444,8686,,5
county,55003,444,17617,,11
county,55005,444,110796,,22
county,55007,444,27369,,12
county,55009,444,515736,,74
county,55011,444,,D,
county,55013,444,14774,,13
county,55015,444,14583,,11
county,55017,444,,D,
county,55019,444,49111,,20
county,55021,444,75417,,21
county,55023,444,20992,,7
county,55025,444,681383,,127
county,55027,444,91773,,20
county,55029,444,38868,,20
county,55031,444,82272,,16
county,55033,444,,D,
county,55035,444,,D,
county,55039,444,165060,,26
county,55041,444,,D,
county,55043,444,82778,,21
county,55045,444,68074,,12
county,55047,444,45274,,10
county,55049,444,53573,,17
county,55051,444,4117,,3
county,55053,444,20501,,10
county,55055,444,423242,,23
county,55057,444,16239,,9
county,55059,444,133387,,28
county,55061,444,5893,,5
county,55063,444,256386,,36
county,55065,444,68451,,10
county,55067,444,201867,,12
county,55069,444,17669,,10
county,55071,444,122120,,26
county,55073,444,244675,,43
county,55075,444,88479,,21
county,55077,444,3208,,4
county,55079,444,782545,,130
county,55081,444,73060,,16
county,55083,444,24010,,13
county,55085,444,126574,,21
county,55087,444,338914,,56
county,55089,444,103881,,29
county,55093,444,50926,,14
county,55095,444,105846,,24
county,55097,444,126581,,20
county,55099,444,15849,,13
county,55101,444,208396,,42
county,55103,444,,D,
county,55105,444,302301,,45
county,55107,444,16679,,11
county,55109,444,159462,,24
county,55111,444,208390,,21
county,55113,444,24042,,11
county,55115,444,47485,,12
county,55117,444,170895,,36
county,55119,444,17954,,10
county,55121,444,36847,,18
county,55123,444,36276,,16
county,55125,444,32037,,17
county,55127,444,138348,,36
county,55129,444,23005,,14
county,55131,444,229531,,31
county,55133,444,632310,,131
county,55135,444,36414,,13
county,55137,444,53139,,10
county,55139,444,165795,,30
county,55141,444,78621,,27
county,56001,444,29566,,13
county,56003,444,5214,,4
county,56005,444,96147,,14
county,56007,444,19126,,9
county,56009,444,10547,,7
county,56013,444,32567,,17
county,56015,444,7891,,5
county,56017,444,4331,,3
county,56019,444,11178,,6
county,56021,444,181398,,28
county,56023,444,,D,
county,56025,444,145357,,27
county,56029,444,50695,,25
county,56031,444,9670,,6
county,56033,444,80614,,15
county,56035,444,7287,,4
county,56037,444,72678,,20
county,56039,444,,D,
county,56041,444,13883,,10
county,56043,444,23437,,8
county,56045,444,3244,,7
county,01001,445,,D,
county,01003,445,429449,,87
county,01005,445,,D,
county,01007,445,,D,
county,01009,445,,D,
county,01011,445,11247,,5
county,01013,445,22912,,7
county,01015,445,153811,,38
county,01017,445,56858,,11
county,01019,445,19659,,8
county,01021,445,42391,,14
county,01023,445,16945,,7
county,01025,445,35415,,13
county,01027,445,11538,,3
county,01029,445,10388,,4
county,01031,445,,D,
county,01033,445,97005,,21
county,01035,445,15228,,5
county,01039,445,53616,,14
county,01041,445,13201,,6
county,01043,445,147689,,23
county,01045,445,34503,,15
county,01047,445,46388,,14
county,01049,445,66520,,27
county,01051,445,54699,,12
county,01053,445,,D,
county,01055,445,122106,,32
county,01057,445,10398,,4
county,01059,445,27045,,13
county,01061,445,37418,,11
county,01063,445,7647,,4
county,01065,445,14572,,5
county,01067,445,10317,,7
county,01069,445,228340,,35
county,01071,445,41128,,21
county,01073,445,1196950,,252
county,01075,445,,D,
county,01077,445,136342,,34
county,01079,445,,D,
county,01081,445,318050,,32
county,01083,445,93492,,17
county,01085,445,,D,
county,01087,445,17514,,6
county,01089,445,534580,,104
county,01091,445,23695,,11
county,01093,445,14435,,7
county,01095,445,130999,,37
county,01097,445,645570,,153
county,01099,445,,D,
county,01101,445,340288,,89
county,01103,445,,D,
county,01105,445,,D,
county,01107,445,18890,,6
county,01109,445,42812,,13
county,01111,445,18599,,7
county,01113,445,90657,,15
county,01115,445,,D,
county,01117,445,437676,,62
county,01119,445,6117,,7
county,01121,445,,D,
county,01123,445,,D,
county,01125,445,334209,,58
county,01127,445,,D,
county,01129,445,9634,,5
county,01131,445,,D,
county,01133,445,29562,,8
county,02013,445,7789,,4
county,02016,445,40333,,6
county,02020,445,525148,,85
county,02050,445,91628,,24
county,02060,445,9548,,4
county,02068,445,7437,,4
county,02070,445,28005,,8
county,02090,445,131723,,23
county,02100,445,,D,
county,02105,445,9878,,8
county,02110,445,101843,,16
county,02122,445,214796,,39
county,02130,445,72577,,10
county,02150,445,,D,
county,02158,445,42145,,16
county,02164,445,2074,,4
county,02170,445,209098,,31
county,02180,445,60527,,18
county,02185,445,44054,,11
county,02188,445,28579,,8
county,02195,445,19133,,6
county,02198,445,,D,
county,02220,445,46198,,5
county,02230,445,8411,,5
county,02240,445,20090,,7
county,02261,445,45210,,13
county,02275,445,,D,
county,02282,445,,D,
county,02290,445,8524,,10
county,04001,445,64355,,10
county,04003,445,209660,,35
county,04005,445,365479,,50
county,04007,445,116817,,14
county,04009,445,,D,
county,04012,445,,D,
county,04013,445,9003425,,1011
county,04015,445,487960,,45
county,04017,445,163693,,28
county,04019,445,2307993,,269
county,04021,445,543878,,56
county,04023,445,59389,,17
county,04025,445,632060,,68
county,04027,445,271200,,53
county,05001,445,23216,,8
county,05003,445,16709,,3
county,05005,445,66086,,20
county,05007,445,507778,,84
county,05009,445,,D,
county,05015,445,31785,,18
county,05017,445,7316,,7
county,05019,445,15330,,6
county,05021,445,15608,,5
county,05023,445,15195,,6
county,05025,445,,D,
county,05027,445,,D,
county,05029,445,44366,,16
county,05031,445,,D,
county,05033,445,36106,,19
county,05035,445,105933,,17
county,05037,445,16295,,7
county,05039,445,9339,,6
county,05041,445,29300,,10
county,05043,445,17664,,5
county,05045,445,246567,,19
county,05047,445,21820,,11
county,05049,445,8155,,3
county,05051,445,206491,,50
county,05055,445,40970,,13
county,05057,445,,D,
county,05059,445,14293,,6
county,05061,445,,D,
county,05063,445,,D,
county,05065,445,,D,
county,05067,445,18749,,9
county,05069,445,,D,
county,05073,445,,D,
county,05075,445,17357,,8
county,05081,445,,D,
county,05083,445,14276,,6
county,05085,445,102962,,11
county,05087,445,,D,
county,05089,445,16229,,6
county,05091,445,,D,
county,05093,445,61499,,15
county,05095,445,16606,,6
county,05101,445,,D,
county,05103,445,28651,,13
county,05107,445,15548,,11
county,05109,445,15209,,4
county,05111,445,,D,
county,05113,445,9088,,5
county,05115,445,112028,,11
county,05117,445,7399,,8
county,05119,445,992757,,200
county,05121,445,,D,
county,05123,445,17537,,16
county,05125,445,176586,,23
county,05129,445,14461,,3
county,05131,445,176930,,49
county,05133,445,,D,
county,05135,445,,D,
county,05137,445,6197,,3
county,05139,445,47581,,14
county,05141,445,12263,,4
county,05143,445,446915,,81
county,05145,445,89719,,13
county,05147,445,14381,,7
county,05149,445,8922,,5
county,06001,445,4186175,,791
county,06005,445,116539,,23
county,06007,445,606408,,93
county,06009,445,75339,,20
county,06011,445,26735,,15
county,06013,445,3103600,,412
county,06015,445,45444,,12
county,06017,445,586327,,72
county,06019,445,2029041,,506
county,06021,445,34385,,17
county,06023,445,457181,,80
county,06025,445,251304,,65
county,06027,445,72786,,9
county,06029,445,1554207,,373
county,06031,445,186557,,58
county,06033,445,191934,,33
county,06035,445,55684,,13
county,06037,445,25155277,,4673
county,06039,445,269233,,59
county,06041,445,1122401,,120
county,06043,445,,D,
county,06045,445,386281,,77
county,06047,445,378021,,112
county,06049,445,13608,,4
county,06051,445,55038,,8
county,06053,445,1266507,,242
county,06055,445,549152,,113
county,06057,445,371738,,52
county,06059,445,8005163,,1261
county,06061,445,1208366,,133
county,06063,445,49873,,13
county,06065,445,5159532,,751
county,06067,445,3435867,,576
county,06069,445,165086,,22
county,06071,445,4212369,,760
county,06073,445,7838474,,1446
county,06075,445,2641273,,671
county,06077,445,1540794,,316
county,06079,445,829489,,171
county,06081,445,2255736,,323
county,06083,445,1264706,,276
county,06085,445,4831167,,735
county,06087,445,940558,,148
county,06089,445,500839,,67
county,06093,445,92831,,28
county,06095,445,972900,,163
county,06097,445,1870277,,339
county,06099,445,1064000,,264
county,06101,445,192833,,41
county,06103,445,100693,,23
county,06105,445,39352,,10
county,06107,445,844347,,209
county,06109,445,142434,,22
county,06111,445,2257326,,405
county,06113,445,492409,,94
county,06115,445,76529,,26
county,08001,445,1224626,,225
county,08003,445,71529,,10
county,08005,445,2162859,,314
county,08007,445,62539,,11
county,08011,445,,D,
county,08013,445,1413566,,154
county,08014,445,271817,,32
county,08015,445,61415,,17
county,08017,445,1942,,3
county,08019,445,15250,,6
county,08021,445,,D,
county,08023,445,1926,,3
county,08027,445,7823,,3
county,08029,445,96804,,23
county,08031,445,2122830,,422
county,08035,445,1076269,,101
county,08037,445,290634,,46
county,08039,445,,D,
county,08041,445,1606316,,267
county,08043,445,74794,,16
county,08045,445,199390,,32
county,08049,445,96262,,17
county,08051,445,94745,,18
county,08053,445,1677,,3
county,08055,445,15042,,6
county,08059,445,2096771,,266
county,08063,445,,D,
county,08065,445,19475,,3
county,08067,445,187013,,34
county,08069,445,1080821,,154
county,08071,445,27030,,10
county,08073,445,7352,,4
county,08075,445,18149,,9
county,08077,445,489725,,68
county,08081,445,33866,,7
county,08083,445,80004,,16
county,08085,445,167008,,19
county,08087,445,46942,,17
county,08089,445,22114,,9
county,08091,445,13046,,8
county,08093,445,,D,
county,08095,445,,D,
county,08097,445,78328,,18
county,08099,445,,D,
county,08101,445,311038,,70
county,08103,445,8012,,7
county,08105,445,26289,,8
county,08107,445,124591,,27
county,08109,445,,D,
county,08113,445,30580,,12
county,08117,445,233101,,33
county,08119,445,72821,,12
county,08123,445,761845,,113
county,08125,445,20164,,8
county,09001,445,2954967,,560
county,09003,445,2565525,,634
county,09005,445,556864,,120
county,09007,445,483921,,115
county,09009,445,2399381,,584
county,09011,445,763079,,177
county,09013,445,350835,,73
county,09015,445,243919,,63
county,10001,445,252052,,87
county,10003,445,1464396,,337
county,10005,445,638434,,155
county,11001,445,1624160,,554
county,12001,445,710170,,104
county,12003,445,,D,
county,12005,445,445763,,87
county,12007,445,42275,,10
county,12009,445,1235917,,236
county,12011,445,4736697,,982
county,12013,445,18963,,5
county,12015,445,406534,,55
county,12017,445,291819,,52
county,12019,445,327139,,64
county,12021,445,1081363,,128
county,12023,445,100876,,22
county,12027,445,,D,
county,12029,445,,D,
county,12031,445,2173250,,555
county,12033,445,528178,,137
county,12035,445,209899,,24
county,12037,445,32334,,13
county,12039,445,41772,,26
county,12041,445,10093,,5
county,12043,445,2608,,4
county,12045,445,12304,,8
county,12047,445,11737,,8
county,12049,445,22157,,10
county,12051,445,55712,,27
county,12053,445,391563,,53
county,12055,445,174656,,27
county,12057,445,3198498,,615
county,12059,445,17823,,12
county,12061,445,404632,,71
county,12063,445,54432,,25
county,12065,445,18649,,11
county,12067,445,,D,
county,12069,445,682469,,109
county,12071,445,1768664,,269
county,12073,445,626064,,98
county,12075,445,64432,,24
county,12077,445,7526,,4
county,12079,445,27686,,7
county,12081,445,909025,,150
county,12083,445,651343,,116
county,12085,445,479937,,72
county,12086,445,6706281,,1469
county,12087,445,431912,,72
county,12089,445,,D,
county,12091,445,369162,,72
county,12093,445,89446,,29
county,12095,445,2883452,,512
county,12097,445,683048,,116
county,12099,445,3999795,,723
county,12101,445,1030788,,190
county,12103,445,2623843,,519
county,12105,445,1181008,,237
county,12107,445,114694,,34
county,12109,445,695169,,92
county,12111,445,606692,,133
county,12113,445,235823,,35
county,12115,445,1252756,,202
county,12117,445,1106550,,170
county,12119,445,217800,,26
county,12121,445,46215,,11
county,12123,445,36658,,10
county,12125,445,,D,
county,12127,445,1215930,,227
county,12129,445,30222,,14
county,12131,445,206194,,29
county,12133,445,19140,,6
county,13001,445,,D,
county,13003,445,9030,,4
county,13005,445,16851,,5
county,13009,445,121951,,25
county,13011,445,2090,,3
county,13013,445,162555,,25
county,13015,445,220405,,44
county,13017,445,17358,,15
county,13019,445,,D,
county,13021,445,500396,,125
county,13023,445,,D,
county,13025,445,12510,,6
county,13027,445,13136,,7
county,13029,445,136682,,19
county,13031,445,102050,,26
county,13033,445,,D,
county,13035,445,38160,,7
county,13039,445,60370,,12
county,13043,445,21723,,11
county,13045,445,258735,,44
county,13047,445,114385,,15
county,13049,445,11517,,3
county,13051,445,826801,,187
county,13055,445,22567,,16
county,13057,445,653814,,75
county,13059,445,360168,,48
county,13061,445,,D,
county,13063,445,404120,,115
county,13065,445,8126,,4
county,13067,445,2023136,,248
county,13069,445,44354,,20
county,13071,445,73682,,34
county,13073,445,397128,,33
county,13075,445,20618,,8
county,13077,445,351471,,45
county,13081,445,34705,,20
county,13083,445,34070,,6
county,13085,445,134587,,11
county,13087,445,36289,,15
county,13089,445,1878067,,407
county,13091,445,14878,,9
county,13093,445,4804,,5
county,13095,445,182415,,56
county,13097,445,367979,,37
county,13099,445,32896,,11
county,13103,445,99042,,8
county,13105,445,37710,,8
county,13107,445,20493,,11
county,13109,445,16536,,12
county,13111,445,,D,
county,13113,445,466090,,36
county,13115,445,172948,,62
county,13117,445,608774,,71
county,13119,445,37986,,9
county,13121,445,2761060,,484
county,13123,445,45092,,12
county,13127,445,231288,,77
county,13129,445,102015,,29
county,13131,445,19053,,9
county,13133,445,62168,,11
county,13135,445,2363402,,304
county,13137,445,86089,,18
county,13139,445,542595,,77
county,13141,445,4846,,4
county,13143,445,15822,,8
county,13145,445,11770,,6
county,13147,445,36657,,5
county,13151,445,489534,,58
county,13153,445,432649,,64
county,13155,445,7571,,4
county,13157,445,149516,,19
county,13161,445,10497,,7
county,13163,445,31328,,8
county,13167,445,8821,,5
county,13169,445,35964,,8
county,13171,445,37333,,8
county,13173,445,,D,
county,13175,445,132643,,28
county,13177,445,37847,,6
county,13179,445,108565,,26
county,13183,445,4586,,3
county,13185,445,430551,,63
county,13187,445,13733,,7
county,13189,445,,D,
county,13191,445,14661,,6
county,13193,445,10893,,11
county,13195,445,,D,
county,13197,445,,D,
county,13199,445,40171,,17
county,13201,445,11346,,4
county,13205,445,26414,,13
county,13207,445,,D,
county,13211,445,33593,,11
county,13213,445,46808,,9
county,13215,445,446022,,138
county,13217,445,249383,,31
county,13219,445,133635,,7
county,13221,445,,D,
county,13223,445,332170,,32
county,13225,445,41815,,22
county,13227,445,89992,,12
county,13229,445,16983,,9
county,13231,445,10560,,3
county,13233,445,76986,,24
county,13235,445,19845,,9
county,13237,445,,D,
county,13239,445,,D,
county,13241,445,47126,,7
county,13243,445,5717,,4
county,13245,445,314220,,84
county,13247,445,244174,,42
county,13251,445,,D,
county,13253,445,14266,,4
county,13255,445,172456,,34
county,13257,445,,D,
county,13261,445,,D,
county,13263,445,10259,,5
county,13267,445,21427,,7
county,13269,445,2870,,3
county,13271,445,17404,,8
county,13273,445,19034,,10
county,13275,445,82191,,25
county,13277,445,91488,,32
county,13279,445,,D,
county,13281,445,,D,
county,13285,445,176777,,49
county,13287,445,10505,,8
county,13291,445,,D,
county,13293,445,30467,,13
county,13295,445,63463,,17
county,13297,445,155841,,19
county,13299,445,99392,,23
county,13301,445,,D,
county,13303,445,17607,,7
county,13305,445,23176,,14
county,13311,445,50358,,6
county,13313,445,216917,,48
county,13315,445,3939,,5
county,13317,445,20704,,6
county,13319,445,6244,,6
county,13321,445,,D,
county,15001,445,635725,,75
county,15003,445,2044788,,444
county,15007,445,267144,,37
county,15009,445,642987,,82
county,16001,445,878729,,119
county,16005,445,148502,,33
county,16007,445,,D,
county,16009,445,,D,
county,16011,445,41741,,14
county,16013,445,,D,
county,16015,445,,D,
county,16017,445,103062,,21
county,16019,445,,D,
county,16021,445,34710,,10
county,16027,445,283280,,46
county,16029,445,,D,
county,16031,445,63562,,7
county,16035,445,,D,
county,16037,445,12624,,5
county,16039,445,23687,,7
county,16041,445,,D,
county,16043,445,,D,
county,16045,445,,D,
county,16047,445,,D,
county,16049,445,17721,,9
county,16053,445,14396,,5
county,16055,445,333810,,53
county,16057,445,106582,,19
county,16059,445,24411,,6
county,16061,445,,D,
county,16065,445,,D,
county,16067,445,20609,,6
county,16069,445,101583,,19
county,16073,445,,D,
county,16075,445,26079,,9
county,16079,445,22313,,8
county,16081,445,,D,
county,16083,445,172794,,24
county,16085,445,25009,,9
county,16087,445,,D,
county,17001,445,,D,
county,17005,445,,D,
county,17007,445,47803,,12
county,17011,445,21993,,8
county,17013,445,,D,
county,17015,445,14325,,6
county,17017,445,,D,
county,17019,445,278866,,71
county,17021,445,,D,
county,17023,445,2407,,6
county,17025,445,,D,
county,17027,445,47740,,13
county,17029,445,62790,,16
county,17031,445,12789867,,2851
county,17033,445,10279,,11
county,17037,445,178669,,26
county,17039,445,19698,,4
county,17041,445,29178,,16
county,17043,445,2348389,,411
county,17045,445,15306,,5
county,17049,445,82413,,20
county,17051,445,15662,,8
county,17053,445,,D,
county,17055,445,44862,,14
county,17057,445,70680,,11
county,17061,445,,D,
county,17063,445,119075,,18
county,17065,445,5704,,7
county,17067,445,,D,
county,17069,445,1574,,3
county,17073,445,,D,
county,17075,445,,D,
county,17077,445,135206,,24
county,17081,445,83966,,14
county,17083,445,13317,,6
county,17085,445,31120,,8
county,17087,445,5931,,4
county,17089,445,1031671,,196
county,17091,445,213006,,40
county,17093,445,139237,,28
county,17095,445,113745,,14
county,17097,445,1443578,,268
county,17099,445,226531,,43
county,17101,445,1624,,3
county,17103,445,28996,,10
county,17105,445,53382,,16
county,17107,445,28824,,6
county,17109,445,63677,,13
county,17111,445,486433,,114
county,17113,445,294568,,50
county,17115,445,210763,,50
county,17117,445,33591,,14
county,17119,445,434163,,98
county,17121,445,26460,,13
county,17123,445,,D,
county,17125,445,11368,,5
county,17127,445,14450,,4
county,17129,445,,D,
county,17133,445,44572,,6
county,17135,445,31961,,9
county,17137,445,36634,,9
county,17139,445,15264,,5
county,17141,445,52038,,15
county,17143,445,466399,,84
county,17145,445,,D,
county,17147,445,,D,
county,17149,445,21849,,6
county,17155,445,3877,,4
county,17157,445,29037,,12
county,17159,445,21257,,10
county,17161,445,343794,,47
county,17163,445,389753,,103
county,17165,445,50090,,10
county,17167,445,,D,
county,17169,445,,D,
county,17173,445,13814,,8
county,17177,445,50456,,23
county,17179,445,252543,,35
county,17181,445,34562,,9
county,17183,445,106328,,37
county,17185,445,16713,,7
county,17187,445,20395,,11
county,17189,445,16885,,8
county,17191,445,13676,,8
county,17193,445,,D,
county,17195,445,87239,,21
county,17197,445,1231803,,228
county,17199,445,137773,,25
county,17201,445,523964,,103
county,17203,445,,D,
county,18001,445,55747,,12
county,18003,445,814119,,126
county,18005,445,171963,,29
county,18007,445,4725,,5
county,18009,445,,D,
county,18011,445,79041,,21
county,18013,445,10841,,11
county,18015,445,10177,,8
county,18017,445,46781,,16
county,18019,445,203752,,32
county,18021,445,49904,,8
county,18023,445,35381,,16
county,18027,445,23352,,14
county,18029,445,98427,,16
county,18031,445,17795,,11
county,18033,445,56931,,9
county,18035,445,96258,,43
county,18037,445,64473,,22
county,18039,445,392793,,78
county,18041,445,44421,,9
county,18043,445,207079,,23
county,18045,445,28720,,8
county,18047,445,90064,,12
county,18049,445,,D,
county,18051,445,29096,,11
county,18053,445,61176,,22
county,18055,445,,D,
county,18057,445,892216,,85
county,18059,445,78766,,13
county,18061,445,31022,,13
county,18063,445,287969,,39
county,18065,445,73231,,23
county,18067,445,177338,,47
county,18069,445,65194,,13
county,18071,445,63953,,21
county,18073,445,49513,,18
county,18075,445,13044,,7
county,18077,445,61532,,15
county,18079,445,23236,,8
county,18081,445,284569,,36
county,18083,445,33568,,11
county,18085,445,132515,,26
county,18087,445,55367,,13
county,18089,445,975328,,238
county,18091,445,155064,,44
county,18093,445,54564,,17
county,18095,445,231227,,41
county,18097,445,2134497,,404
county,18099,445,82423,,20
county,18101,445,14351,,6
county,18103,445,71797,,18
county,18105,445,418744,,47
county,18107,445,81552,,18
county,18109,445,119297,,16
county,18111,445,9076,,5
county,18113,445,66952,,16
county,18117,445,19162,,8
county,18119,445,18888,,6
county,18121,445,,D,
county,18123,445,13279,,8
county,18125,445,8420,,5
county,18127,445,254007,,52
county,18129,445,,D,
county,18131,445,,D,
county,18133,445,60707,,8
county,18135,445,16614,,12
county,18137,445,26710,,15
county,18139,445,37873,,8
county,18141,445,470192,,107
county,18143,445,12269,,8
county,18145,445,67309,,12
county,18147,445,18880,,8
county,18149,445,19383,,8
county,18151,445,26777,,15
county,18153,445,,D,
county,18155,445,,D,
county,18157,445,341683,,66
county,18159,445,12383,,4
county,18161,445,,D,
county,18163,445,364002,,76
county,18165,445,,D,
county,18167,445,205135,,30
county,18169,445,33147,,10
county,18171,445,4190,,3
county,18173,445,,D,
county,18175,445,26323,,11
county,18177,445,111971,,28
county,18179,445,26789,,6
county,18181,445,55576,,9
county,18183,445,54431,,9
county,19005,445,,D,
county,19007,445,,D,
county,19011,445,,D,
county,19013,445,287341,,51
county,19015,445,,D,
county,19017,445,,D,
county,19019,445,,D,
county,19021,445,,D,
county,19023,445,,D,
county,19025,445,5049,,3
county,19027,445,,D,
county,19029,445,,D,
county,19031,445,,D,
county,19033,445,127934,,17
county,19035,445,36281,,4
county,19037,445,,D,
county,19039,445,19709,,3
county,19041,445,43857,,6
county,19043,445,,D,
county,19045,445,99634,,12
county,19047,445,31218,,5
county,19049,445,,D,
county,19051,445,,D,
county,19055,445,,D,
county,19057,445,,D,
county,19059,445,50353,,8
county,19061,445,256579,,27
county,19063,445,28081,,3
county,19065,445,,D,
county,19067,445,,D,
county,19069,445,12910,,6
county,19071,445,13927,,3
county,19075,445,,D,
county,19079,445,35025,,8
county,19083,445,,D,
county,19085,445,,D,
county,19087,445,,D,
county,19089,445,15363,,3
county,19091,445,,D,
county,19093,445,,D,
county,19095,445,23204,,10
county,19097,445,30859,,4
county,19099,445,,D,
county,19101,445,,D,
county,19103,445,,D,
county,19105,445,,D,
county,19107,445,4630,,4
county,19109,445,,D,
county,19111,445,85463,,12
county,19113,445,488611,,54
county,19119,445,,D,
county,19121,445,,D,
county,19123,445,40334,,9
county,19125,445,59065,,10
county,19127,445,80596,,14
county,19129,445,,D,
county,19131,445,,D,
county,19133,445,8571,,4
county,19137,445,28119,,3
county,19139,445,80441,,10
county,19141,445,,D,
county,19143,445,4292,,4
county,19145,445,,D,
county,19147,445,12780,,3
county,19149,445,43632,,10
county,19151,445,7819,,3
county,19153,445,1186083,,133
county,19155,445,175275,,17
county,19157,445,,D,
county,19161,445,6925,,4
county,19163,445,370462,,53
county,19165,445,31564,,4
county,19167,445,,D,
county,19169,445,190699,,19
county,19171,445,15656,,6
county,19173,445,4921,,4
county,19175,445,,D,
county,19177,445,16191,,5
county,19179,445,,D,
county,19181,445,,D,
county,19183,445,,D,
county,19187,445,76684,,11
county,19189,445,,D,
county,19191,445,,D,
county,19193,445,219009,,28
county,19195,445,,D,
county,19197,445,22413,,9
county,20001,445,8676,,8
county,20003,445,,D,
county,20005,445,13313,,7
county,20007,445,5616,,7
county,20009,445,55173,,14
county,20011,445,23266,,6
county,20013,445,4867,,8
county,20015,445,165841,,20
county,20021,445,12234,,8
county,20023,445,,D,
county,20027,445,15249,,5
county,20029,445,6247,,5
county,20031,445,10398,,5
county,20033,445,3423,,4
county,20035,445,58823,,13
county,20037,445,90906,,19
county,20039,445,4504,,3
county,20041,445,28057,,9
county,20043,445,,D,
county,20045,445,347868,,57
county,20047,445,3860,,4
county,20051,445,92465,,21
county,20053,445,5374,,3
county,20055,445,,D,
county,20057,445,54620,,12
county,20059,445,31941,,11
county,20061,445,71019,,10
county,20065,445,3599,,3
county,20067,445,8427,,6
county,20069,445,4636,,3
county,20073,445,5641,,5
county,20077,445,,D,
county,20079,445,79271,,15
county,20081,445,3634,,3
county,20085,445,4090,,8
county,20087,445,13086,,11
county,20089,445,3254,,3
county,20091,445,1521713,,231
county,20095,445,6347,,5
county,20099,445,8859,,10
county,20103,445,106148,,26
county,20107,445,,D,
county,20111,445,40802,,18
county,20113,445,56171,,18
county,20115,445,11165,,7
county,20117,445,7190,,10
county,20121,445,41186,,14
county,20123,445,10740,,7
county,20125,445,11213,,12
county,20127,445,,D,
county,20129,445,4422,,3
county,20131,445,20128,,10
county,20133,445,9570,,11
county,20135,445,,D,
county,20137,445,8336,,4
county,20139,445,11274,,9
county,20141,445,7272,,4
county,20145,445,13320,,4
county,20147,445,7477,,5
county,20149,445,89196,,15
county,20151,445,39057,,5
county,20153,445,3683,,3
county,20155,445,183142,,24
county,20159,445,11123,,8
county,20161,445,147248,,21
county,20163,445,,D,
county,20167,445,10739,,7
county,20169,445,176159,,28
county,20171,445,7630,,5
county,20173,445,1349895,,216
county,20175,445,62698,,7
county,20177,445,496223,,84
county,20179,445,4069,,5
county,20183,445,,D,
county,20185,445,2518,,3
county,20191,445,37675,,11
county,20193,445,27013,,6
county,20195,445,4398,,3
county,20197,445,1918,,6
county,20201,445,5133,,8
county,20205,445,10577,,5
county,20209,445,275247,,83
county,21001,445,8707,,6
county,21003,445,18891,,4
county,21005,445,,D,
county,21007,445,6000,,3
county,21009,445,,D,
county,21011,445,,D,
county,21013,445,76554,,9
county,21015,445,557842,,39
county,21017,445,,D,
county,21019,445,71164,,13
county,21021,445,79476,,10
county,21023,445,,D,
county,21025,445,13720,,5
county,21027,445,26569,,14
county,21029,445,177058,,20
county,21031,445,,D,
county,21033,445,14932,,6
county,21035,445,70930,,9
county,21037,445,408325,,42
county,21041,445,,D,
county,21043,445,39881,,12
county,21045,445,21147,,11
county,21047,445,69667,,34
county,21049,445,77277,,12
county,21051,445,,D,
county,21055,445,12348,,3
county,21059,445,198551,,41
county,21065,445,,D,
county,21067,445,912141,,127
county,21071,445,69041,,20
county,21073,445,,D,
county,21075,445,,D,
county,21077,445,7700,,4
county,21079,445,6992,,4
county,21081,445,9264,,4
county,21083,445,23178,,11
county,21085,445,,D,
county,21089,445,71563,,9
county,21093,445,217581,,33
county,21095,445,,D,
county,21097,445,12540,,5
county,21099,445,,D,
county,21101,445,45691,,14
county,21103,445,8913,,3
county,21105,445,4277,,3
county,21107,445,91841,,18
county,21109,445,,D,
county,21111,445,2350342,,393
county,21113,445,,D,
county,21115,445,,D,
county,21117,445,494424,,76
county,21119,445,21572,,4
county,21121,445,,D,
county,21123,445,,D,
county,21125,445,108803,,17
county,21127,445,22481,,6
county,21129,445,13638,,4
county,21131,445,12300,,4
county,21133,445,,D,
county,21135,445,18767,,7
county,21137,445,14135,,6
county,21139,445,6542,,5
county,21141,445,22362,,12
county,21145,445,158611,,31
county,21147,445,35540,,6
county,21151,445,146937,,24
county,21153,445,,D,
county,21155,445,,D,
county,21157,445,22824,,15
county,21159,445,14712,,3
county,21161,445,74597,,8
county,21163,445,,D,
county,21167,445,40421,,7
county,21169,445,,D,
county,21171,445,,D,
county,21173,445,65396,,11
county,21175,445,,D,
county,21177,445,,D,
county,21179,445,109479,,21
county,21183,445,,D,
county,21185,445,,D,
county,21189,445,5842,,3
county,21191,445,6625,,3
county,21193,445,51268,,11
county,21195,445,140532,,24
county,21197,445,40220,,3
county,21199,445,173380,,23
county,21203,445,14786,,5
county,21205,445,,D,
county,21207,445,54725,,10
county,21209,445,,D,
county,21211,445,118719,,14
county,21213,445,22059,,7
county,21215,445,,D,
county,21217,445,,D,
county,21219,445,,D,
county,21221,445,15818,,7
county,21225,445,,D,
county,21227,445,,D,
county,21229,445,,D,
county,21231,445,,D,
county,21233,445,,D,
county,21235,445,,D,
county,21237,445,,D,
county,21239,445,102601,,10
county,22001,445,73788,,34
county,22003,445,,D,
county,22005,445,246139,,42
county,22007,445,,D,
county,22009,445,32544,,15
county,22011,445,20873,,6
county,22013,445,13901,,5
county,22015,445,303443,,40
county,22017,445,485698,,95
county,22019,445,431035,,69
county,22021,445,22554,,3
county,22023,445,10155,,3
county,22027,445,20809,,8
county,22029,445,22424,,11
county,22031,445,26988,,9
county,22033,445,867209,,234
county,22035,445,7688,,5
county,22037,445,13630,,5
county,22039,445,33025,,23
county,22041,445,14152,,4
county,22043,445,10553,,5
county,22045,445,106035,,27
county,22047,445,29275,,16
county,22049,445,8496,,3
county,22051,445,941313,,182
county,22053,445,30380,,16
county,22055,445,438053,,90
county,22057,445,145010,,30
county,22059,445,12726,,6
county,22061,445,82528,,10
county,22063,445,169497,,30
county,22065,445,,D,
county,22067,445,36897,,5
county,22069,445,52433,,11
county,22071,445,607265,,227
county,22073,445,352242,,59
county,22075,445,24715,,7
county,22077,445,40437,,11
county,22079,445,241757,,39
county,22083,445,17339,,4
county,22085,445,,D,
county,22087,445,78819,,23
county,22089,445,64819,,14
county,22091,445,,D,
county,22093,445,40321,,8
county,22095,445,46953,,14
county,22097,445,144684,,51
county,22099,445,74000,,23
county,22101,445,93573,,22
county,22103,445,481201,,67
county,22105,445,140676,,42
county,22109,445,199060,,32
county,22111,445,24335,,8
county,22113,445,81584,,27
county,22115,445,18256,,7
county,22117,445,59280,,20
county,22119,445,36291,,15
county,22121,445,,D,
county,22123,445,,D,
county,22125,445,23051,,5
county,22127,445,,D,
county,23001,445,263351,,50
county,23003,445,,D,
county,23005,445,1202189,,179
county,23007,445,,D,
county,23009,445,192877,,50
county,23011,445,348242,,51
county,23013,445,140431,,34
county,23015,445,132587,,32
county,23017,445,101780,,33
county,23019,445,407094,,65
county,23021,445,,D,
county,23023,445,98996,,14
county,23025,445,,D,
county,23027,445,97230,,22
county,23029,445,93420,,22
county,23031,445,580260,,105
county,24001,445,156396,,29
county,24003,445,1535772,,293
county,24005,445,2252487,,482
county,24009,445,270271,,43
county,24011,445,38484,,16
county,24013,445,442127,,84
county,24015,445,177088,,47
county,24017,445,330188,,75
county,24019,445,29263,,12
county,24021,445,579858,,109
county,24023,445,44316,,23
county,24025,445,637367,,109
county,24027,445,805342,,143
county,24029,445,59636,,19
county,24031,445,3136508,,484
county,24033,445,2008453,,496
county,24035,445,132389,,24
county,24037,445,213521,,55
county,24039,445,30204,,16
county,24041,445,118331,,34
county,24043,445,315484,,78
county,24045,445,152652,,34
county,24047,445,136186,,61
county,24510,445,1208708,,804
county,25001,445,1177407,,249
county,25003,445,494122,,109
county,25005,445,1780347,,389
county,25007,445,149187,,32
county,25009,445,2246887,,594
county,25011,445,152320,,50
county,25013,445,1233505,,342
county,25015,445,541762,,105
county,25017,445,5023737,,1030
county,25019,445,94327,,27
county,25021,445,2291336,,433
county,25023,445,1810967,,390
county,25025,445,2330923,,775
county,25027,445,2179266,,523
county,26001,445,12960,,4
county,26003,445,,D,
county,26005,445,146101,,46
county,26007,445,45644,,18
county,26009,445,32848,,13
county,26011,445,,D,
county,26013,445,,D,
county,26015,445,62026,,20
county,26017,445,188947,,66
county,26019,445,,D,
county,26021,445,254237,,80
county,26023,445,23543,,15
county,26025,445,167224,,66
county,26027,445,47003,,25
county,26029,445,58836,,24
county,26031,445,42486,,21
county,26033,445,41950,,19
county,26035,445,56218,,16
county,26037,445,70473,,23
county,26039,445,24247,,5
county,26041,445,67097,,23
county,26043,445,44026,,11
county,26045,445,161317,,34
county,26047,445,80754,,33
county,26049,445,758635,,215
county,26051,445,31559,,13
county,26053,445,23016,,3
county,26055,445,196600,,60
county,26057,445,15127,,20
county,26059,445,59624,,13
county,26061,445,,D,
county,26063,445,38805,,22
county,26065,445,430169,,143
county,26067,445,60789,,26
county,26069,445,43543,,17
county,26071,445,24889,,3
county,26073,445,62635,,26
county,26075,445,211535,,60
county,26077,445,319860,,130
county,26079,445,,D,
county,26081,445,839779,,289
county,26085,445,,D,
county,26087,445,157811,,36
county,26089,445,63876,,23
county,26091,445,101957,,34
county,26093,445,340576,,60
county,26095,445,13487,,5
county,26097,445,34481,,18
county,26099,445,1935427,,453
county,26101,445,30524,,11
county,26103,445,83713,,28
county,26105,445,30818,,15
county,26107,445,38075,,16
county,26109,445,26103,,7
county,26111,445,115251,,34
county,26113,445,22188,,8
county,26115,445,285709,,62
county,26117,445,55792,,19
county,26119,445,19031,,3
county,26121,445,127532,,83
county,26123,445,45954,,16
county,26125,445,3137553,,637
county,26127,445,30850,,16
county,26129,445,28939,,10
county,26131,445,10376,,3
county,26133,445,,D,
county,26135,445,13325,,6
county,26137,445,40007,,11
county,26139,445,293844,,85
county,26141,445,23596,,14
county,26143,445,27169,,15
county,26145,445,340653,,122
county,26147,445,255953,,87
county,26149,445,72243,,26
county,26151,445,61771,,24
county,26153,445,20163,,3
county,26155,445,90542,,20
county,26157,445,63130,,24
county,26159,445,95670,,43
county,26161,445,868192,,164
county,26163,445,3570053,,1248
county,26165,445,31838,,18
county,27001,445,20574,,11
county,27003,445,408872,,102
county,27005,445,48501,,17
county,27007,445,79342,,21
county,27009,445,89061,,14
county,27011,445,8299,,6
county,27013,445,163563,,26
county,27015,445,72924,,11
county,27017,445,49300,,15
county,27019,445,195350,,36
county,27021,445,56377,,20
county,27023,445,15550,,8
county,27025,445,58415,,20
county,27027,445,106544,,20
county,27029,445,,D,
county,27031,445,19664,,11
county,27033,445,,D,
county,27035,445,152992,,36
county,27037,445,797288,,146
county,27039,445,18234,,6
county,27041,445,79769,,28
county,27043,445,29563,,13
county,27045,445,36532,,12
county,27047,445,56486,,16
county,27049,445,69382,,30
county,27051,445,17982,,8
county,27053,445,3018901,,567
county,27055,445,17612,,10
county,27057,445,43108,,14
county,27059,445,59228,,12
county,27061,445,84050,,30
county,27063,445,8458,,6
county,27065,445,,D,
county,27067,445,81382,,16
county,27069,445,,D,
county,27071,445,33105,,12
county,27073,445,6948,,5
county,27075,445,25312,,7
county,27077,445,10014,,5
county,27079,445,23256,,17
county,27081,445,7046,,7
county,27083,445,67330,,18
county,27085,445,81969,,14
county,27089,445,4806,,5
county,27091,445,47794,,8
county,27093,445,17594,,8
county,27095,445,31099,,11
county,27097,445,53657,,17
county,27099,445,69312,,18
county,27101,445,10171,,8
county,27103,445,48211,,9
county,27105,445,55624,,19
county,27107,445,5653,,4
county,27109,445,335656,,61
county,27111,445,85135,,31
county,27113,445,41894,,5
county,27115,445,27755,,11
county,27117,445,24605,,8
county,27119,445,63374,,16
county,27121,445,10559,,7
county,27123,445,945483,,254
county,27125,445,,D,
county,27127,445,17704,,9
county,27129,445,,D,
county,27131,445,102237,,26
county,27135,445,33465,,10
county,27137,445,393006,,92
county,27139,445,248781,,42
county,27141,445,149154,,26
county,27143,445,5899,,9
county,27145,445,303021,,76
county,27147,445,87954,,19
county,27149,445,18730,,4
county,27151,445,12082,,6
county,27153,445,31600,,12
county,27155,445,4658,,3
county,27157,445,25013,,8
county,27159,445,21006,,11
county,27161,445,21236,,7
county,27163,445,558290,,88
county,27165,445,10478,,7
county,27169,445,80757,,17
county,27171,445,225805,,51
county,27173,445,12337,,8
county,28001,445,42293,,10
county,28003,445,72966,,18
county,28007,445,12896,,6
county,28011,445,61538,,21
county,28013,445,17811,,8
county,28017,445,,D,
county,28019,445,9818,,4
county,28021,445,8300,,5
county,28023,445,,D,
county,28025,445,14377,,8
county,28027,445,39654,,18
county,28029,445,12064,,10
county,28031,445,22144,,8
county,28033,445,451978,,60
county,28035,445,115085,,52
county,28039,445,,D,
county,28041,445,,D,
county,28043,445,,D,
county,28045,445,38175,,21
county,28047,445,279015,,70
county,28049,445,445906,,84
county,28051,445,10861,,11
county,28057,445,13853,,11
county,28059,445,189256,,56
county,28061,445,11197,,3
county,28065,445,10331,,5
county,28067,445,96209,,25
county,28071,445,109942,,19
county,28073,445,59265,,26
county,28075,445,100487,,32
county,28077,445,16361,,6
county,28079,445,15324,,5
county,28081,445,168814,,55
county,28083,445,39584,,28
county,28085,445,31457,,13
county,28087,445,105739,,34
county,28089,445,284590,,59
county,28091,445,19724,,13
county,28093,445,24531,,10
county,28095,445,23156,,10
county,28097,445,,D,
county,28099,445,21054,,7
county,28101,445,15619,,7
county,28103,445,17994,,6
county,28105,445,102775,,17
county,28107,445,77051,,12
county,28109,445,48421,,9
county,28111,445,10662,,4
county,28113,445,,D,
county,28115,445,21627,,10
county,28117,445,,D,
county,28119,445,797,,3
county,28121,445,314144,,31
county,28123,445,33138,,12
county,28127,445,19771,,7
county,28129,445,10132,,3
county,28131,445,9241,,3
county,28133,445,19611,,17
county,28135,445,5749,,6
county,28137,445,8189,,6
county,28139,445,,D,
county,28141,445,35738,,12
county,28143,445,,D,
county,28145,445,,D,
county,28147,445,14091,,3
county,28149,445,91940,,14
county,28151,445,74064,,18
county,28153,445,22834,,10
county,28155,445,10736,,5
county,28157,445,,D,
county,28159,445,21925,,9
county,28161,445,12768,,9
county,28163,445,20206,,11
county,29001,445,,D,
county,29003,445,,D,
county,29005,445,6818,,3
county,29007,445,15051,,3
county,29009,445,35298,,18
county,29013,445,18307,,8
county,29015,445,4103,,5
county,29017,445,,D,
county,29019,445,414223,,52
county,29021,445,157210,,24
county,29023,445,101603,,11
county,29025,445,,D,
county,29027,445,25965,,6
county,29029,445,79630,,15
county,29031,445,121802,,19
county,29033,445,9170,,3
county,29035,445,6297,,6
county,29037,445,171952,,18
county,29039,445,,D,
county,29041,445,,D,
county,29043,445,71907,,21
county,29045,445,,D,
county,29047,445,516080,,50
county,29049,445,6644,,6
county,29051,445,,D,
county,29055,445,32080,,9
county,29057,445,9851,,3
county,29059,445,,D,
county,29061,445,5378,,3
county,29065,445,12393,,6
county,29067,445,7812,,4
county,29069,445,36270,,14
county,29071,445,116820,,26
county,29073,445,,D,
county,29075,445,,D,
county,29077,445,546914,,79
county,29079,445,25148,,6
county,29083,445,,D,
county,29087,445,3751,,3
county,29089,445,12987,,3
county,29091,445,56985,,19
county,29093,445,12725,,4
county,29095,445,1374670,,233
county,29097,445,174376,,37
county,29099,445,245706,,38
county,29101,445,47060,,12
county,29105,445,37548,,12
county,29107,445,16710,,10
county,29109,445,25440,,9
county,29113,445,50596,,13
county,29117,445,,D,
county,29119,445,,D,
county,29121,445,21440,,9
county,29123,445,,D,
county,29127,445,,D,
county,29129,445,3221,,3
county,29131,445,,D,
county,29133,445,16991,,10
county,29135,445,22427,,7
county,29137,445,10392,,3
county,29139,445,9182,,4
county,29141,445,29410,,16
county,29143,445,,D,
county,29145,445,51116,,25
county,29147,445,,D,
county,29149,445,19223,,7
county,29151,445,,D,
county,29155,445,32042,,15
county,29157,445,15045,,8
county,29159,445,41618,,10
county,29161,445,58574,,13
county,29165,445,266200,,22
county,29167,445,,D,
county,29169,445,38132,,10
county,29171,445,7316,,3
county,29173,445,,D,
county,29175,445,24337,,6
county,29177,445,,D,
county,29179,445,8600,,5
county,29181,445,27129,,8
county,29183,445,639837,,96
county,29185,445,12174,,7
county,29186,445,21620,,5
county,29187,445,87177,,19
county,29189,445,2442275,,381
county,29195,445,12562,,8
county,29199,445,4848,,3
county,29201,445,45979,,16
county,29203,445,6044,,7
county,29205,445,4996,,3
county,29207,445,28837,,8
county,29209,445,26367,,12
county,29211,445,4610,,3
county,29213,445,106962,,30
county,29215,445,14709,,9
county,29217,445,,D,
county,29219,445,,D,
county,29221,445,8920,,6
county,29223,445,13607,,5
county,29225,445,22162,,6
county,29229,445,,D,
county,29510,445,515816,,167
county,30001,445,33552,,4
county,30003,445,17724,,6
county,30005,445,,D,
county,30009,445,14372,,12
county,30013,445,147090,,29
county,30015,445,,D,
county,30017,445,22043,,4
county,30021,445,30006,,4
county,30023,445,18922,,3
county,30027,445,,D,
county,30029,445,301069,,38
county,30031,445,314104,,35
county,30035,445,,D,
county,30039,445,,D,
county,30041,445,28086,,5
county,30043,445,,D,
county,30047,445,55027,,14
county,30049,445,,D,
county,30051,445,4170,,4
county,30053,445,43204,,13
county,30057,445,11263,,6
county,30061,445,5785,,3
county,30063,445,283858,,37
county,30065,445,,D,
county,30067,445,55767,,8
county,30071,445,10990,,3
county,30073,445,8277,,3
county,30081,445,103083,,20
county,30083,445,,D,
county,30085,445,,D,
county,30087,445,18139,,7
county,30089,445,,D,
county,30091,445,,D,
county,30093,445,65215,,12
county,30095,445,19079,,4
county,30105,445,19008,,4
county,30111,445,280030,,42
county,31001,445,46063,,11
county,31003,445,,D,
county,31011,445,,D,
county,31013,445,,D,
county,31015,445,,D,
county,31017,445,6345,,4
county,31019,445,94067,,15
county,31021,445,5700,,4
county,31023,445,6160,,3
county,31025,445,55387,,9
county,31027,445,8459,,7
county,31029,445,,D,
county,31031,445,,D,
county,31033,445,,D,
county,31035,445,,D,
county,31037,445,13538,,7
county,31039,445,,D,
county,31041,445,22297,,10
county,31043,445,,D,
county,31045,445,11481,,4
county,31047,445,,D,
county,31053,445,88190,,10
county,31055,445,1459725,,168
county,31059,445,4825,,4
county,31061,445,5407,,3
county,31063,445,,D,
county,31065,445,,D,
county,31067,445,17155,,11
county,31077,445,1974,,3
county,31079,445,114532,,16
county,31083,445,4446,,3
county,31087,445,2117,,3
county,31089,445,,D,
county,31093,445,5351,,3
county,31095,445,,D,
county,31097,445,909,,3
county,31099,445,6549,,3
county,31101,445,,D,
county,31107,445,,D,
county,31109,445,694414,,90
county,31111,445,39378,,18
county,31119,445,99362,,15
county,31123,445,,D,
county,31127,445,9091,,5
county,31131,445,10072,,4
county,31137,445,,D,
county,31139,445,,D,
county,31141,445,83923,,8
county,31145,445,9666,,5
county,31147,445,8659,,4
county,31151,445,7944,,8
county,31153,445,286884,,25
county,31155,445,20716,,11
county,31157,445,43736,,11
county,31159,445,10060,,8
county,31161,445,17745,,12
county,31169,445,5800,,7
county,31175,445,8902,,4
county,31177,445,,D,
county,31179,445,13722,,4
county,31185,445,11838,,5
county,32001,445,23119,,7
county,32003,445,4823829,,583
county,32005,445,106442,,20
county,32007,445,,D,
county,32013,445,28909,,6
county,32015,445,9396,,4
county,32017,445,6994,,4
county,32019,445,107397,,16
county,32023,445,93090,,12
county,32031,445,,D,
county,32033,445,,D,
county,32510,445,137181,,28
county,33001,445,246205,,26
county,33003,445,186307,,44
county,33005,445,329539,,37
county,33007,445,63964,,22
county,33009,445,397768,,60
county,33011,445,1348567,,176
county,33013,445,499480,,55
county,33015,445,1493655,,146
county,33017,445,429284,,59
county,33019,445,102882,,12
county,34001,445,783463,,203
county,34003,445,3522872,,731
county,34005,445,1361685,,244
county,34007,445,1369333,,379
county,34009,445,540682,,122
county,34011,445,313475,,103
county,34013,445,2049883,,762
county,34015,445,752646,,182
county,34017,445,1275630,,655
county,34019,445,384409,,76
county,34021,445,1170676,,298
county,34023,445,1989611,,601
county,34025,445,2202292,,490
county,34027,445,1721966,,293
county,34029,445,1631273,,365
county,34031,445,1202457,,503
county,34033,445,119682,,45
county,34035,445,992803,,205
county,34037,445,499920,,83
county,34039,445,1441543,,452
county,34041,445,330263,,69
county,35001,445,1534321,,152
county,35005,445,82796,,14
county,35006,445,,D,
county,35007,445,,D,
county,35009,445,,D,
county,35013,445,179928,,38
county,35015,445,86204,,15
county,35017,445,,D,
county,35023,445,6707,,3
county,35025,445,101742,,15
county,35027,445,,D,
county,35029,445,24472,,8
county,35031,445,119359,,22
county,35035,445,,D,
county,35039,445,,D,
county,35043,445,129728,,19
county,35045,445,191112,,24
county,35047,445,13858,,4
county,35049,445,517792,,63
county,35055,445,134200,,17
county,35057,445,7348,,4
county,35061,445,88968,,12
county,36001,445,953571,,247
county,36003,445,60733,,22
county,36005,445,2379708,,1809
county,36007,445,487068,,101
county,36009,445,98519,,40
county,36011,445,146169,,28
county,36013,445,242568,,66
county,36015,445,172529,,41
county,36017,445,60381,,22
county,36019,445,160968,,42
county,36021,445,166205,,48
county,36023,445,137440,,22
county,36025,445,99552,,27
county,36027,445,781692,,202
county,36029,445,2980747,,658
county,36031,445,85980,,43
county,36033,445,60779,,22
county,36035,445,97741,,25
county,36037,445,100320,,24
county,36039,445,87599,,36
county,36041,445,10385,,8
county,36043,445,79018,,20
county,36045,445,181850,,59
county,36047,445,5706790,,3741
county,36049,445,10391,,10
county,36051,445,117060,,25
county,36053,445,97928,,31
county,36055,445,2227349,,430
county,36057,445,126233,,28
county,36059,445,3971850,,1272
county,36061,445,5867323,,2279
county,36063,445,521772,,114
county,36065,445,425586,,127
county,36067,445,1333438,,271
county,36069,445,264890,,45
county,36071,445,992295,,268
county,36073,445,56399,,12
county,36075,445,137931,,43
county,36077,445,134419,,41
county,36079,445,202467,,68
county,36081,445,4578143,,2585
county,36083,445,309873,,86
county,36085,445,974148,,427
county,36087,445,898122,,227
county,36089,445,173253,,48
county,36091,445,530441,,99
county,36093,445,418651,,97
county,36095,445,32286,,8
county,36097,445,8148,,9
county,36099,445,41911,,20
county,36101,445,228077,,49
county,36103,445,4167226,,1313
county,36105,445,188083,,72
county,36107,445,58986,,20
county,36109,445,302104,,55
county,36111,445,502638,,126
county,36113,445,232447,,55
county,36115,445,126270,,26
county,36117,445,122926,,31
county,36119,445,3195804,,894
county,36121,445,49084,,20
county,36123,445,50102,,21
county,37001,445,268735,,52
county,37003,445,19516,,5
county,37005,445,,D,
county,37007,445,17595,,6
county,37009,445,41669,,11
county,37011,445,49963,,11
county,37013,445,79816,,24
county,37015,445,11263,,5
county,37017,445,,D,
county,37019,445,276588,,50
county,37021,445,872965,,114
county,37023,445,146551,,29
county,37025,445,400126,,65
county,37027,445,107630,,13
county,37031,445,193342,,34
county,37033,445,18177,,11
county,37035,445,312383,,60
county,37037,445,120034,,27
county,37039,445,47550,,9
county,37041,445,,D,
county,37045,445,183474,,40
county,37047,445,91528,,24
county,37049,445,148986,,36
county,37051,445,545929,,108
county,37053,445,99172,,23
county,37055,445,,D,
county,37057,445,269532,,60
county,37059,445,49195,,7
county,37061,445,72382,,30
county,37063,445,,D,
county,37065,445,62251,,24
county,37067,445,765442,,143
county,37069,445,68523,,17
county,37071,445,360078,,71
county,37073,445,,D,
county,37075,445,14683,,3
county,37077,445,63418,,16
county,37079,445,15281,,8
county,37081,445,1045227,,227
county,37083,445,83415,,42
county,37085,445,174074,,41
county,37087,445,,D,
county,37089,445,279965,,39
county,37091,445,39863,,15
county,37093,445,29365,,11
county,37095,445,5944,,8
county,37097,445,325825,,48
county,37099,445,88185,,14
county,37101,445,319189,,50
county,37103,445,,D,
county,37105,445,107702,,26
county,37107,445,98377,,25
county,37109,445,142389,,22
county,37111,445,59033,,15
county,37113,445,78641,,20
county,37115,445,,D,
county,37117,445,28549,,8
county,37119,445,2562020,,429
county,37123,445,18765,,8
county,37125,445,229249,,33
county,37127,445,168240,,40
county,37129,445,584071,,112
county,37131,445,7276,,8
county,37133,445,251825,,49
county,37135,445,381423,,48
county,37137,445,,D,
county,37139,445,,D,
county,37141,445,133707,,23
county,37143,445,19292,,6
county,37145,445,,D,
county,37147,445,326394,,70
county,37149,445,,D,
county,37151,445,158874,,40
county,37153,445,61366,,22
county,37155,445,212021,,67
county,37157,445,98660,,28
county,37159,445,199489,,47
county,37161,445,108026,,25
county,37163,445,52335,,16
county,37165,445,39461,,13
county,37167,445,97986,,16
county,37169,445,52995,,9
county,37171,445,112660,,27
county,37173,445,30249,,6
county,37175,445,89883,,13
county,37177,445,,D,
county,37179,445,385933,,52
county,37181,445,81528,,21
county,37183,445,2620214,,384
county,37185,445,35111,,11
county,37187,445,,D,
county,37189,445,136482,,24
county,37191,445,196241,,47
county,37193,445,69941,,22
county,37195,445,168915,,42
county,37197,445,45056,,11
county,37199,445,37490,,5
county,38001,445,,D,
county,38003,445,18945,,4
county,38011,445,,D,
county,38013,445,5596,,3
county,38015,445,178067,,25
county,38017,445,355836,,63
county,38019,445,7047,,6
county,38021,445,5656,,4
county,38025,445,3461,,4
county,38029,445,,D,
county,38035,445,151207,,24
county,38037,445,2841,,3
county,38041,445,1759,,4
county,38043,445,1628,,3
county,38049,445,,D,
county,38051,445,7053,,3
county,38053,445,41481,,6
county,38055,445,8873,,3
county,38057,445,22353,,7
county,38059,445,,D,
county,38061,445,34722,,10
county,38063,445,3035,,4
county,38067,445,10678,,5
county,38071,445,,D,
county,38077,445,,D,
county,38079,445,,D,
county,38081,445,7753,,4
county,38089,445,74015,,14
county,38093,445,33916,,5
county,38097,445,,D,
county,38099,445,23178,,6
county,38101,445,117134,,21
county,38103,445,,D,
county,38105,445,69374,,12
county,39001,445,13861,,7
county,39003,445,105516,,38
county,39005,445,,D,
county,39007,445,129581,,45
county,39009,445,149482,,20
county,39011,445,101689,,14
county,39013,445,188647,,27
county,39015,445,,D,
county,39017,445,940284,,129
county,39019,445,6374,,7
county,39021,445,54002,,15
county,39023,445,259942,,57
county,39025,445,594639,,55
county,39027,445,134493,,16
county,39029,445,156061,,50
county,39031,445,35236,,13
county,39033,445,57738,,14
county,39035,445,3026312,,739
county,39037,445,98017,,22
county,39039,445,60042,,12
county,39041,445,619680,,49
county,39043,445,129436,,32
county,39045,445,344913,,29
county,39047,445,68214,,16
county,39049,445,3797418,,592
county,39051,445,67652,,12
county,39053,445,29818,,13
county,39055,445,271185,,36
county,39057,445,467455,,55
county,39059,445,58935,,22
county,39061,445,2615054,,381
county,39063,445,128784,,29
county,39065,445,45482,,12
county,39067,445,8041,,6
county,39069,445,15062,,5
county,39071,445,,D,
county,39073,445,,D,
county,39075,445,68432,,24
county,39077,445,59214,,20
county,39079,445,73161,,18
county,39081,445,,D,
county,39083,445,106179,,19
county,39085,445,651150,,105
county,39087,445,70989,,19
county,39089,445,488876,,48
county,39091,445,81719,,23
county,39093,445,556255,,121
county,39095,445,1100564,,187
county,39097,445,,D,
county,39099,445,460502,,99
county,39101,445,130310,,23
county,39103,445,361881,,43
county,39105,445,13928,,6
county,39107,445,39902,,13
county,39109,445,216834,,29
county,39111,445,16887,,4
county,39113,445,1430129,,218
county,39115,445,15903,,3
county,39117,445,,D,
county,39119,445,149522,,26
county,39121,445,,D,
county,39123,445,93124,,20
county,39125,445,16519,,8
county,39127,445,67968,,17
county,39129,445,,D,
county,39131,445,,D,
county,39133,445,302611,,51
county,39135,445,33697,,11
county,39137,445,13398,,11
county,39139,445,237630,,44
county,39141,445,148547,,18
county,39143,445,122935,,24
county,39145,445,174759,,38
county,39147,445,,D,
county,39149,445,84158,,19
county,39151,445,807228,,144
county,39153,445,1534575,,207
county,39155,445,376259,,94
county,39157,445,167325,,44
county,39159,445,,D,
county,39161,445,,D,
county,39165,445,656441,,73
county,39167,445,158073,,25
county,39169,445,135345,,53
county,39171,445,26299,,13
county,39173,445,204937,,29
county,39175,445,15241,,11
county,40001,445,,D,
county,40003,445,,D,
county,40005,445,4753,,7
county,40009,445,29126,,11
county,40011,445,,D,
county,40013,445,18391,,7
county,40015,445,15248,,12
county,40017,445,132392,,36
county,40019,445,51505,,28
county,40021,445,38230,,18
county,40027,445,543025,,92
county,40029,445,2370,,3
county,40031,445,,D,
county,40035,445,6652,,6
county,40037,445,44708,,12
county,40039,445,28286,,13
county,40041,445,29614,,12
county,40045,445,1332,,3
county,40047,445,147509,,34
county,40049,445,18742,,10
county,40051,445,23111,,8
county,40053,445,,D,
county,40057,445,3478,,3
county,40059,445,4721,,4
county,40061,445,4604,,5
county,40063,445,10865,,6
county,40065,445,16711,,8
county,40071,445,49082,,15
county,40073,445,8043,,5
county,40075,445,8448,,6
county,40079,445,32890,,21
county,40081,445,13419,,8
county,40083,445,13787,,7
county,40087,445,23944,,13
county,40089,445,33082,,9
county,40091,445,15043,,10
county,40093,445,9165,,4
county,40095,445,15134,,8
county,40097,445,83894,,11
county,40099,445,,D,
county,40101,445,73547,,26
county,40103,445,,D,
county,40105,445,,D,
county,40107,445,11923,,4
county,40109,445,1454002,,340
county,40111,445,,D,
county,40113,445,18833,,9
county,40115,445,10300,,6
county,40117,445,11023,,7
county,40119,445,61950,,17
county,40121,445,15489,,11
county,40123,445,23116,,13
county,40125,445,27427,,17
county,40127,445,,D,
county,40131,445,80236,,22
county,40133,445,,D,
county,40135,445,18587,,10
county,40137,445,30062,,19
county,40139,445,5655,,8
county,40143,445,1289032,,246
county,40145,445,,D,
county,40147,445,,D,
county,40149,445,,D,
county,40151,445,5914,,5
county,40153,445,,D,
county,41001,445,24184,,9
county,41003,445,244661,,36
county,41005,445,948804,,162
county,41007,445,115155,,39
county,41009,445,58585,,19
county,41011,445,181677,,49
county,41013,445,41961,,11
county,41015,445,,D,
county,41017,445,483258,,92
county,41019,445,215128,,80
county,41021,445,3317,,3
county,41023,445,,D,
county,41025,445,24361,,4
county,41027,445,96077,,23
county,41029,445,555110,,116
county,41031,445,,D,
county,41033,445,176919,,51
county,41035,445,94901,,35
county,41037,445,,D,
county,41039,445,856094,,198
county,41041,445,144895,,47
county,41043,445,195053,,73
county,41045,445,45778,,15
county,41047,445,697911,,163
county,41051,445,2292176,,527
county,41053,445,164680,,26
county,41055,445,1535,,3
county,41057,445,60004,,26
county,41059,445,,D,
county,41061,445,,D,
county,41063,445,27891,,6
county,41065,445,84582,,17
county,41067,445,1461693,,223
county,41071,445,225157,,57
county,42001,445,150786,,33
county,42003,445,3684395,,607
county,42005,445,74776,,33
county,42007,445,284793,,75
county,42009,445,78973,,27
county,42011,445,889158,,192
county,42013,445,308507,,58
county,42015,445,116431,,32
county,42017,445,1802628,,307
county,42019,445,351300,,74
county,42021,445,244411,,79
county,42025,445,109672,,35
county,42027,445,353827,,50
county,42029,445,1320755,,184
county,42031,445,54701,,22
county,42033,445,126618,,41
county,42035,445,59483,,14
county,42037,445,173735,,30
county,42039,445,108175,,45
county,42041,445,778810,,91
county,42043,445,611420,,122
county,42045,445,1506453,,351
county,42047,445,41923,,23
county,42049,445,574480,,112
county,42051,445,212175,,74
county,42053,445,,D,
county,42055,445,276181,,55
county,42057,445,22515,,6
county,42059,445,126383,,19
county,42061,445,72394,,18
county,42063,445,106219,,35
county,42065,445,66942,,25
county,42067,445,44620,,12
county,42069,445,605026,,146
county,42071,445,1359726,,281
county,42073,445,161198,,38
county,42075,445,295288,,63
county,42077,445,1055743,,184
county,42079,445,749377,,223
county,42081,445,339898,,51
county,42083,445,61087,,25
county,42085,445,220328,,55
county,42087,445,91486,,27
county,42089,445,451525,,55
county,42091,445,2597269,,406
county,42093,445,59364,,7
county,42095,445,863179,,131
county,42097,445,146768,,46
county,42099,445,92936,,24
county,42101,445,3331850,,1367
county,42103,445,82787,,18
county,42105,445,,D,
county,42107,445,266223,,92
county,42109,445,105634,,23
county,42111,445,90921,,33
county,42113,445,,D,
county,42115,445,51728,,18
county,42117,445,39773,,16
county,42119,445,91297,,17
county,42121,445,59544,,26
county,42123,445,45957,,21
county,42125,445,358063,,78
county,42127,445,,D,
county,42129,445,809386,,156
county,42131,445,31647,,16
county,42133,445,948855,,160
county,44001,445,102015,,24
county,44003,445,465950,,78
county,44005,445,228903,,66
county,44007,445,1601302,,424
county,44009,445,459484,,74
county,45001,445,23343,,10
county,45003,445,342508,,61
county,45005,445,,D,
county,45007,445,354935,,69
county,45009,445,44341,,9
county,45011,445,,D,
county,45013,445,541401,,79
county,45015,445,348080,,67
county,45017,445,,D,
county,45019,445,1139516,,225
county,45021,445,65694,,21
county,45023,445,32039,,9
county,45025,445,51820,,15
county,45027,445,,D,
county,45029,445,62558,,18
county,45031,445,69804,,30
county,45033,445,,D,
county,45035,445,320222,,42
county,45037,445,16113,,6
county,45039,445,25391,,9
county,45041,445,261342,,86
county,45043,445,164491,,38
county,45045,445,1162960,,191
county,45047,445,124745,,31
county,45049,445,22325,,10
county,45051,445,843824,,153
county,45053,445,58997,,11
county,45055,445,92344,,23
county,45057,445,157630,,35
county,45059,445,69395,,24
county,45061,445,20150,,8
county,45063,445,662461,,115
county,45065,445,,D,
county,45067,445,32603,,19
county,45069,445,27044,,14
county,45071,445,34481,,14
county,45073,445,133912,,29
county,45075,445,158308,,41
county,45077,445,270703,,34
county,45079,445,761939,,149
county,45081,445,,D,
county,45083,445,571707,,115
county,45085,445,185446,,32
county,45087,445,20547,,8
county,45089,445,,D,
county,45091,445,508233,,78
county,46003,445,,D,
county,46005,445,23510,,6
county,46007,445,,D,
county,46011,445,,D,
county,46013,445,,D,
county,46015,445,,D,
county,46019,445,18550,,7
county,46023,445,,D,
county,46027,445,,D,
county,46029,445,69655,,12
county,46035,445,,D,
county,46037,445,6885,,4
county,46043,445,6397,,4
county,46045,445,,D,
county,46051,445,12819,,6
county,46053,445,7761,,5
county,46057,445,,D,
county,46065,445,22232,,5
county,46067,445,,D,
county,46071,445,2393,,3
county,46077,445,6192,,4
county,46081,445,54189,,15
county,46083,445,,D,
county,46085,445,,D,
county,46087,445,,D,
county,46089,445,3645,,3
county,46091,445,6620,,5
county,46093,445,,D,
county,46099,445,456083,,66
county,46101,445,,D,
county,46102,445,13432,,4
county,46103,445,189004,,33
county,46105,445,5291,,4
county,46107,445,3017,,4
county,46109,445,14002,,6
county,46115,445,5506,,5
county,46121,445,12143,,3
county,46123,445,9825,,5
county,46125,445,,D,
county,46127,445,,D,
county,46129,445,,D,
county,46135,445,,D,
county,47001,445,101008,,28
county,47003,445,21123,,16
county,47005,445,12905,,9
county,47009,445,121785,,33
county,47011,445,,D,
county,47013,445,47086,,12
county,47015,445,3836,,4
county,47017,445,,D,
county,47019,445,,D,
county,47021,445,30457,,15
county,47023,445,,D,
county,47025,445,,D,
county,47027,445,13829,,9
county,47029,445,58410,,13
county,47031,445,52764,,22
county,47033,445,,D,
county,47035,445,79713,,14
county,47037,445,1215444,,293
county,47039,445,13973,,6
county,47041,445,21566,,10
county,47043,445,49975,,18
county,47045,445,70596,,15
county,47047,445,59350,,8
county,47049,445,,D,
county,47051,445,,D,
county,47053,445,46408,,18
county,47055,445,21977,,13
county,47057,445,,D,
county,47059,445,127162,,24
county,47061,445,,D,
county,47063,445,152849,,26
county,47065,445,741041,,139
county,47069,445,,D,
county,47071,445,48458,,12
county,47073,445,80360,,15
county,47075,445,13395,,5
county,47077,445,,D,
county,47079,445,36859,,15
county,47081,445,10093,,6
county,47083,445,10994,,4
county,47085,445,13569,,10
county,47089,445,80878,,11
county,47091,445,20342,,5
county,47093,445,709464,,169
county,47095,445,5663,,3
county,47097,445,11155,,9
county,47099,445,55044,,21
county,47101,445,6426,,5
county,47103,445,18492,,14
county,47105,445,70150,,13
county,47107,445,65775,,12
county,47109,445,8503,,8
county,47111,445,10109,,5
county,47113,445,221594,,33
county,47115,445,,D,
county,47117,445,25132,,13
county,47119,445,90882,,35
county,47123,445,97930,,15
county,47125,445,207589,,51
county,47129,445,,D,
county,47131,445,,D,
county,47133,445,,D,
county,47135,445,7650,,4
county,47137,445,4234,,3
county,47139,445,,D,
county,47141,445,142041,,36
county,47143,445,,D,
county,47145,445,49553,,13
county,47147,445,30324,,21
county,47149,445,328948,,81
county,47151,445,10207,,5
county,47155,445,249854,,58
county,47157,445,2279760,,402
county,47159,445,15627,,14
county,47163,445,313970,,43
county,47165,445,240069,,37
county,47167,445,112817,,15
county,47169,445,10829,,5
county,47171,445,,D,
county,47177,445,,D,
county,47179,445,312976,,38
county,47181,445,14245,,8
county,47183,445,13941,,6
county,47185,445,,D,
county,47187,445,427378,,74
county,47189,445,138778,,33
county,48001,445,74903,,14
county,48003,445,,D,
county,48005,445,121696,,20
county,48007,445,,D,
county,48009,445,,D,
county,48013,445,172427,,20
county,48015,445,41818,,16
county,48017,445,,D,
county,48019,445,,D,
county,48021,445,,D,
county,48025,445,58718,,6
county,48027,445,640723,,104
county,48029,445,4491519,,552
county,48031,445,15576,,7
county,48035,445,28069,,11
county,48037,445,194777,,24
county,48039,445,872062,,81
county,48041,445,579085,,69
county,48043,445,29376,,8
county,48049,445,66184,,16
county,48051,445,22374,,7
county,48053,445,134682,,10
county,48055,445,,D,
county,48057,445,46021,,8
county,48059,445,,D,
county,48061,445,695670,,98
county,48063,445,25974,,6
county,48065,445,,D,
county,48067,445,12194,,5
county,48071,445,35181,,15
county,48073,445,43095,,17
county,48075,445,,D,
county,48081,445,2703,,3
county,48083,445,20736,,7
county,48085,445,2295632,,252
county,48089,445,34902,,18
county,48091,445,462577,,32
county,48097,445,49361,,13
county,48099,445,,D,
county,48113,445,5843640,,1062
county,48115,445,,D,
county,48117,445,,D,
county,48121,445,1629490,,206
county,48123,445,50481,,8
county,48127,445,36830,,4
county,48131,445,6229,,4
county,48133,445,21637,,6
county,48135,445,364465,,45
county,48139,445,258962,,38
county,48141,445,,D,
county,48143,445,59411,,12
county,48145,445,32800,,9
county,48147,445,31047,,10
county,48149,445,57341,,11
county,48151,445,3317,,3
county,48157,445,1911776,,282
county,48159,445,,D,
county,48161,445,,D,
county,48163,445,39096,,6
county,48165,445,22838,,8
county,48167,445,1022114,,135
county,48169,445,9766,,4
county,48171,445,105179,,21
county,48177,445,,D,
county,48179,445,30958,,7
county,48181,445,191791,,37
county,48183,445,281725,,47
county,48185,445,20145,,8
county,48187,445,287107,,22
county,48189,445,46608,,10
county,48191,445,5788,,4
county,48193,445,15543,,9
county,48195,445,,D,
county,48199,445,70731,,18
county,48201,445,11619659,,1927
county,48203,445,100566,,15
county,48207,445,,D,
county,48209,445,551886,,47
county,48213,445,109818,,33
county,48215,445,1546023,,228
county,48217,445,43543,,13
county,48219,445,25461,,3
county,48221,445,180442,,18
county,48223,445,30315,,9
county,48225,445,36423,,12
county,48227,445,56092,,9
county,48231,445,135383,,22
county,48233,445,,D,
county,48237,445,7452,,4
county,48239,445,24553,,5
county,48241,445,56610,,15
county,48243,445,,D,
county,48245,445,575169,,131
county,48249,445,95808,,19
county,48251,445,339450,,30
county,48255,445,24986,,6
county,48257,445,223307,,47
county,48259,445,152738,,14
county,48265,445,152932,,17
county,48271,445,,D,
county,48273,445,72758,,15
county,48277,445,84092,,19
county,48279,445,,D,
county,48281,445,,D,
county,48283,445,,D,
county,48285,445,37899,,10
county,48287,445,,D,
county,48289,445,32401,,7
county,48291,445,94926,,28
county,48293,445,51652,,11
county,48295,445,,D,
county,48297,445,11747,,5
county,48299,445,46001,,9
county,48303,445,,D,
county,48307,445,5464,,5
county,48309,445,592819,,82
county,48313,445,,D,
county,48315,445,,D,
county,48317,445,,D,
county,48321,445,,D,
county,48323,445,121382,,15
county,48325,445,65302,,18
county,48329,445,,D,
county,48331,445,20749,,9
county,48337,445,,D,
county,48339,445,1583863,,166
county,48341,445,23138,,9
county,48343,445,33269,,11
county,48347,445,141643,,26
county,48349,445,76172,,17
county,48351,445,24019,,8
county,48353,445,15042,,12
county,48355,445,,D,
county,48357,445,37110,,4
county,48361,445,144231,,44
county,48363,445,16616,,8
county,48365,445,27774,,6
county,48367,445,147170,,24
county,48371,445,18481,,8
county,48373,445,84161,,16
county,48375,445,,D,
county,48379,445,52150,,4
county,48381,445,,D,
county,48385,445,3048,,3
county,48387,445,7660,,5
county,48389,445,18940,,5
county,48391,445,22716,,5
county,48395,445,23679,,8
county,48397,445,286178,,21
county,48399,445,11144,,7
county,48401,445,46342,,6
county,48403,445,16917,,9
county,48405,445,15261,,5
county,48407,445,,D,
county,48409,445,,D,
county,48411,445,9741,,8
county,48415,445,18362,,6
county,48419,445,28024,,15
county,48423,445,476507,,75
county,48425,445,,D,
county,48427,445,,D,
county,48429,445,,D,
county,48439,445,4194558,,716
county,48441,445,336228,,36
county,48449,445,45139,,10
county,48451,445,176248,,35
county,48453,445,3745925,,470
county,48455,445,,D,
county,48459,445,24910,,11
county,48461,445,5331,,3
county,48463,445,74684,,13
county,48465,445,95448,,19
county,48467,445,,D,
county,48469,445,,D,
county,48471,445,138914,,14
county,48473,445,33054,,13
county,48475,445,20963,,6
county,48477,445,107097,,9
county,48479,445,561925,,56
county,48481,445,122318,,21
county,48483,445,,D,
county,48485,445,194861,,45
county,48487,445,25962,,6
county,48489,445,29331,,6
county,48491,445,1399715,,132
county,48493,445,,D,
county,48495,445,,D,
county,48497,445,,D,
county,48499,445,,D,
county,48501,445,13250,,3
county,48503,445,,D,
county,48505,445,16620,,4
county,48507,445,13398,,4
county,49001,445,,D,
county,49003,445,,D,
county,49005,445,,D,
county,49007,445,,D,
county,49011,445,553985,,47
county,49013,445,51638,,11
county,49015,445,,D,
county,49017,445,8389,,6
county,49019,445,66187,,6
county,49021,445,85606,,7
county,49023,445,12949,,4
county,49025,445,,D,
county,49027,445,21835,,7
county,49035,445,2577598,,294
county,49037,445,,D,
county,49039,445,27544,,11
county,49041,445,,D,
county,49043,445,222678,,27
county,49045,445,69112,,11
county,49047,445,67779,,8
county,49049,445,760815,,87
county,49051,445,,D,
county,49053,445,282995,,33
county,49055,445,,D,
county,49057,445,533896,,59
county,50001,445,123408,,30
county,50003,445,138297,,38
county,50005,445,74126,,20
county,50007,445,623641,,107
county,50009,445,5543,,4
county,50011,445,131470,,31
county,50013,445,13478,,9
county,50015,445,103369,,27
county,50017,445,47616,,11
county,50019,445,60520,,24
county,50021,445,185713,,49
county,50023,445,227686,,52
county,50025,445,148763,,41
county,50027,445,112972,,44
county,51001,445,49100,,20
county,51003,445,336251,,50
county,51005,445,22078,,4
county,51009,445,38651,,11
county,51011,445,,D,
county,51013,445,810859,,108
county,51015,445,,D,
county,51017,445,4200,,4
county,51019,445,,D,
county,51023,445,,D,
county,51025,445,12820,,5
county,51027,445,37677,,11
county,51029,445,19264,,7
county,51031,445,,D,
county,51033,445,36437,,10
county,51035,445,26687,,9
county,51037,445,16251,,5
county,51041,445,937750,,102
county,51043,445,12322,,7
county,51045,445,,D,
county,51047,445,89511,,20
county,51049,445,4344,,5
county,51051,445,,D,
county,51053,445,38930,,8
county,51057,445,16294,,6
county,51059,445,3137739,,398
county,51061,445,133695,,28
county,51063,445,22079,,5
county,51065,445,25519,,3
county,51067,445,123194,,14
county,51069,445,,D,
county,51071,445,22043,,8
county,51073,445,54035,,15
county,51075,445,36428,,8
county,51079,445,18649,,5
county,51083,445,45411,,24
county,51085,445,317490,,43
county,51087,445,1112479,,156
county,51089,445,,D,
county,51091,445,848,,4
county,51093,445,70796,,14
county,51095,445,207229,,26
county,51101,445,,D,
county,51103,445,27994,,9
county,51105,445,,D,
county,51107,445,927740,,114
county,51109,445,50881,,9
county,51111,445,,D,
county,51113,445,19944,,5
county,51115,445,,D,
county,51117,445,56501,,16
county,51119,445,30086,,7
county,51121,445,267625,,31
county,51125,445,19098,,9
county,51127,445,48342,,7
county,51131,445,34200,,10
county,51133,445,19295,,6
county,51135,445,13181,,11
county,51137,445,51471,,10
county,51139,445,,D,
county,51141,445,10488,,9
county,51143,445,,D,
county,51145,445,32262,,8
county,51147,445,20713,,8
county,51149,445,24708,,6
county,51153,445,934590,,128
county,51155,445,76770,,8
county,51157,445,,D,
county,51159,445,14355,,4
county,51161,445,322452,,34
county,51163,445,,D,
county,51165,445,63283,,30
county,51167,445,,D,
county,51169,445,,D,
county,51171,445,54615,,18
county,51173,445,,D,
county,51175,445,,D,
county,51177,445,202811,,42
county,51179,445,192534,,27
county,51181,445,,D,
county,51183,445,13176,,9
county,51185,445,82280,,14
county,51187,445,75737,,12
county,51191,445,105358,,21
county,51193,445,35349,,12
county,51195,445,73328,,15
county,51197,445,34927,,11
county,51199,445,,D,
county,51510,445,579352,,83
county,51520,445,,D,
county,51540,445,275072,,46
county,51550,445,416989,,81
county,51570,445,88565,,9
county,51580,445,,D,
county,51590,445,,D,
county,51595,445,19079,,7
county,51600,445,160280,,28
county,51610,445,100521,,20
county,51620,445,25312,,7
county,51630,445,139471,,25
county,51640,445,30470,,8
county,51650,445,230262,,78
county,51660,445,157673,,39
county,51670,445,,D,
county,51678,445,33556,,5
county,51680,445,216974,,43
county,51683,445,,D,
county,51690,445,,D,
county,51700,445,279226,,91
county,51710,445,397411,,130
county,51720,445,,D,
county,51730,445,,D,
county,51735,445,25197,,7
county,51740,445,169322,,49
county,51750,445,24983,,8
county,51760,445,554387,,175
county,51770,445,314661,,73
county,51775,445,147021,,16
county,51790,445,107913,,21
county,51800,445,209186,,33
county,51810,445,1133017,,196
county,51820,445,,D,
county,51830,445,63460,,13
county,51840,445,78719,,18
county,53001,445,,D,
county,53003,445,29848,,8
county,53005,445,385974,,58
county,53007,445,199484,,56
county,53009,445,211913,,28
county,53011,445,910895,,142
county,53015,445,271497,,35
county,53017,445,54192,,19
county,53019,445,14197,,5
county,53021,445,134718,,38
county,53025,445,156840,,40
county,53027,445,174148,,63
county,53029,445,192787,,31
county,53031,445,131190,,20
county,53033,445,6464230,,953
county,53035,445,533296,,92
county,53037,445,107619,,22
county,53039,445,28587,,10
county,53041,445,182299,,41
county,53043,445,13685,,5
county,53045,445,114237,,21
county,53047,445,88186,,32
county,53049,445,42918,,13
county,53051,445,37017,,8
county,53053,445,1575587,,304
county,53055,445,68192,,19
county,53057,445,278833,,63
county,53059,445,10783,,3
county,53061,445,1855036,,272
county,53063,445,1158749,,162
county,53065,445,81026,,17
county,53067,445,634081,,101
county,53071,445,,D,
county,53073,445,538627,,91
county,53075,445,,D,
county,53077,445,494462,,128
county,54001,445,17481,,4
county,54003,445,170902,,27
county,54005,445,,D,
county,54007,445,,D,
county,54009,445,85822,,12
county,54011,445,208836,,30
county,54019,445,66885,,11
county,54023,445,13418,,6
county,54025,445,91568,,12
county,54027,445,,D,
county,54029,445,,D,
county,54031,445,,D,
county,54033,445,,D,
county,54035,445,47207,,5
county,54037,445,109227,,15
county,54039,445,461754,,52
county,54041,445,10229,,5
county,54043,445,22494,,7
county,54045,445,,D,
county,54047,445,26529,,8
county,54049,445,63030,,14
county,54051,445,55849,,5
county,54053,445,10683,,3
county,54055,445,113423,,18
county,54057,445,50646,,13
county,54059,445,11279,,11
county,54061,445,267551,,22
county,54063,445,,D,
county,54065,445,22434,,8
county,54067,445,21003,,7
county,54069,445,140698,,23
county,54071,445,,D,
county,54075,445,12286,,6
county,54077,445,10762,,4
county,54079,445,102651,,15
county,54081,445,147180,,25
county,54083,445,50750,,9
county,54085,445,14434,,4
county,54087,445,8094,,7
county,54091,445,,D,
county,54095,445,10347,,4
county,54097,445,32163,,6
county,54099,445,24916,,15
county,54101,445,11705,,3
county,54103,445,20617,,6
county,54107,445,,D,
county,54109,445,22930,,8
county,55001,445,,D,
county,55003,445,26559,,8
county,55005,445,82838,,26
county,55007,445,14985,,11
county,55009,445,571901,,59
county,55011,445,9368,,7
county,55013,445,,D,
county,55015,445,,D,
county,55017,445,86313,,15
county,55019,445,18785,,12
county,55021,445,79012,,23
county,55023,445,17681,,10
county,55025,445,1385408,,181
county,55027,445,107589,,23
county,55029,445,86691,,36
county,55031,445,87006,,17
county,55033,445,46411,,14
county,55035,445,227995,,18
county,55037,445,10978,,5
county,55039,445,199860,,25
county,55043,445,64476,,26
county,55045,445,,D,
county,55047,445,,D,
county,55049,445,,D,
county,55051,445,18697,,5
county,55053,445,5989,,4
county,55055,445,123381,,27
county,55057,445,32946,,11
county,55059,445,352060,,54
county,55061,445,33667,,9
county,55063,445,325338,,20
county,55065,445,,D,
county,55067,445,20088,,4
county,55069,445,36401,,11
county,55071,445,132209,,20
county,55073,445,217185,,37
county,55075,445,86307,,19
county,55077,445,10507,,7
county,55079,445,1798954,,453
county,55081,445,32173,,14
county,55083,445,34644,,8
county,55085,445,104564,,21
county,55087,445,,D,
county,55089,445,200667,,29
county,55091,445,8993,,6
county,55093,445,43108,,15
county,55095,445,69476,,21
county,55097,445,136924,,17
county,55099,445,,D,
county,55101,445,361232,,85
county,55103,445,,D,
county,55105,445,359879,,52
county,55107,445,,D,
county,55109,445,159047,,32
county,55111,445,109200,,35
county,55113,445,32237,,9
county,55115,445,,D,
county,55117,445,185778,,33
county,55119,445,2665,,4
county,55121,445,22401,,9
county,55123,445,,D,
county,55125,445,65130,,10
county,55127,445,127069,,43
county,55129,445,,D,
county,55131,445,238382,,35
county,55133,445,1058445,,116
county,55135,445,95193,,12
county,55137,445,,D,
county,55139,445,313163,,38
county,55141,445,145101,,20
county,56001,445,61812,,12
county,56003,445,,D,
county,56005,445,87277,,15
county,56007,445,39890,,8
county,56009,445,38400,,12
county,56011,445,,D,
county,56013,445,94948,,15
county,56015,445,20408,,5
county,56019,445,13246,,8
county,56021,445,185803,,23
county,56023,445,,D,
county,56025,445,151548,,25
county,56029,445,57902,,11
county,56031,445,17780,,7
county,56033,445,56365,,18
county,56035,445,31561,,6
county,56037,445,113860,,12
county,56039,445,,D,
county,56041,445,49106,,7
county,56043,445,29292,,4
county,56045,445,,D,
county,01001,446,,D,
county,01003,446,203953,,75
county,01005,446,17711,,8
county,01007,446,17673,,4
county,01009,446,37201,,12
county,01011,446,11153,,3
county,01013,446,21290,,5
county,01015,446,122220,,37
county,01017,446,23773,,12
county,01019,446,29765,,7
county,01021,446,31208,,12
county,01023,446,14972,,4
county,01025,446,32258,,13
county,01027,446,11169,,3
county,01031,446,,D,
county,01033,446,134611,,27
county,01039,446,43472,,15
county,01041,446,13282,,5
county,01043,446,89289,,37
county,01045,446,29262,,13
county,01047,446,41765,,18
county,01049,446,68943,,24
county,01051,446,76318,,15
county,01053,446,36732,,12
county,01055,446,133050,,44
county,01057,446,14810,,6
county,01059,446,41878,,9
county,01061,446,19041,,8
county,01065,446,10699,,5
county,01067,446,10945,,6
county,01069,446,121746,,41
county,01071,446,48609,,15
county,01073,446,929680,,297
county,01075,446,8229,,4
county,01077,446,112858,,47
county,01079,446,23880,,7
county,01081,446,121381,,48
county,01083,446,74010,,21
county,01087,446,,D,
county,01089,446,367034,,124
county,01091,446,19392,,8
county,01093,446,26748,,11
county,01095,446,110099,,28
county,01097,446,486690,,156
county,01099,446,17272,,8
county,01101,446,318266,,104
county,01103,446,182031,,48
county,01107,446,18182,,6
county,01109,446,37170,,12
county,01111,446,12683,,4
county,01113,446,32104,,11
county,01115,446,83667,,22
county,01117,446,265318,,72
county,01121,446,,D,
county,01123,446,36014,,11
county,01125,446,207810,,61
county,01127,446,108171,,31
county,01131,446,6279,,3
county,01133,446,,D,
county,02020,446,220178,,69
county,02090,446,33217,,20
county,02110,446,11672,,7
county,02122,446,44264,,10
county,02170,446,37207,,8
county,02261,446,3488,,3
county,04003,446,49348,,25
county,04005,446,49802,,24
county,04007,446,13946,,8
county,04009,446,13671,,6
county,04012,446,,D,
county,04013,446,4016496,,1141
county,04015,446,138993,,41
county,04017,446,30947,,12
county,04019,446,904160,,264
county,04021,446,186458,,39
county,04023,446,22603,,12
county,04025,446,149088,,56
county,04027,446,94398,,37
county,05001,446,16857,,6
county,05003,446,9248,,7
county,05005,446,32388,,12
county,05007,446,142640,,42
county,05009,446,35249,,11
county,05011,446,12203,,5
county,05015,446,15727,,8
county,05017,446,11400,,7
county,05019,446,22366,,6
county,05021,446,12486,,6
county,05023,446,14361,,6
county,05027,446,17206,,9
county,05029,446,8759,,5
county,05031,446,108417,,42
county,05033,446,,D,
county,05035,446,36139,,11
county,05037,446,13359,,4
county,05041,446,8557,,6
county,05043,446,20371,,8
county,05045,446,94363,,34
county,05047,446,13112,,3
county,05049,446,12476,,5
county,05051,446,128181,,40
county,05053,446,16057,,4
county,05055,446,38093,,11
county,05057,446,12369,,7
county,05059,446,17966,,6
county,05061,446,8463,,4
county,05063,446,29098,,12
county,05065,446,17580,,5
county,05067,446,9485,,6
county,05069,446,,D,
county,05071,446,12215,,4
county,05075,446,11913,,7
county,05085,446,,D,
county,05091,446,,D,
county,05093,446,22839,,10
county,05095,446,5652,,3
county,05103,446,,D,
county,05107,446,14921,,6
county,05109,446,11732,,4
county,05111,446,8058,,5
county,05113,446,10740,,4
county,05115,446,53371,,20
county,05119,446,457792,,166
county,05121,446,10309,,5
county,05123,446,17310,,7
county,05125,446,75292,,28
county,05131,446,129724,,55
county,05133,446,6161,,4
county,05135,446,11345,,5
county,05139,446,35730,,14
county,05141,446,12823,,5
county,05143,446,150214,,53
county,05145,446,86243,,29
county,05147,446,6674,,3
county,05149,446,8890,,5
county,06001,446,1310725,,394
county,06005,446,20253,,7
county,06007,446,208263,,48
county,06009,446,25758,,7
county,06011,446,14254,,3
county,06013,446,853698,,235
county,06015,446,19135,,3
county,06017,446,105909,,32
county,06019,446,920181,,229
county,06021,446,,D,
county,06023,446,140188,,36
county,06025,446,133252,,44
county,06027,446,,D,
county,06029,446,619820,,157
county,06031,446,82068,,22
county,06033,446,55936,,12
county,06035,446,,D,
county,06037,446,10882704,,3295
county,06039,446,95043,,19
county,06041,446,269275,,88
county,06045,446,69314,,20
county,06047,446,154381,,37
county,06051,446,,D,
county,06053,446,321924,,76
county,06055,446,89566,,25
county,06057,446,77794,,15
county,06059,446,3385710,,1082
county,06061,446,316447,,122
county,06063,446,15912,,6
county,06065,446,1962154,,533
county,06067,446,1095806,,313
county,06069,446,25776,,6
county,06071,446,1503030,,461
county,06073,446,2816093,,836
county,06075,446,1492850,,314
county,06077,446,533945,,130
county,06079,446,259642,,81
county,06081,446,660272,,165
county,06083,446,385365,,110
county,06085,446,1462039,,447
county,06087,446,317056,,70
county,06089,446,156544,,48
county,06093,446,32819,,6
county,06095,446,228876,,83
county,06097,446,357965,,114
county,06099,446,463145,,126
county,06101,446,87035,,23
county,06103,446,35298,,9
county,06105,446,,D,
county,06107,446,291187,,79
county,06109,446,32943,,11
county,06111,446,778504,,248
county,06113,446,122531,,30
county,06115,446,47531,,10
county,08001,446,267873,,68
county,08003,446,16721,,8
county,08005,446,437120,,149
county,08007,446,7080,,3
county,08013,446,340578,,93
county,08014,446,73781,,27
county,08015,446,,D,
county,08019,446,,D,
county,08029,446,3707,,4
county,08031,446,487540,,171
county,08035,446,182356,,84
county,08037,446,17333,,12
county,08041,446,436757,,156
county,08043,446,27998,,8
county,08045,446,15431,,13
county,08059,446,295762,,123
county,08067,446,28623,,14
county,08069,446,199930,,79
county,08071,446,,D,
county,08073,446,,D,
county,08075,446,27772,,12
county,08077,446,81895,,39
county,08083,446,9584,,8
county,08085,446,17354,,12
county,08087,446,,D,
county,08089,446,7602,,3
county,08097,446,27879,,14
county,08101,446,151392,,43
county,08107,446,12125,,8
county,08113,446,9752,,6
county,08117,446,16736,,17
county,08119,446,12040,,5
county,08123,446,131393,,41
county,09001,446,1412209,,311
county,09003,446,1477406,,299
county,09005,446,207114,,49
county,09007,446,227759,,50
county,09009,446,1386795,,274
county,09011,446,359947,,89
county,09013,446,172165,,30
county,09015,446,108353,,24
county,10001,446,195969,,51
county,10003,446,780349,,194
county,10005,446,301033,,72
county,11001,446,1212596,,220
county,12001,446,249105,,88
county,12003,446,26629,,6
county,12005,446,,D,
county,12007,446,15873,,5
county,12009,446,586412,,199
county,12011,446,2518729,,793
county,12015,446,157554,,62
county,12017,446,135945,,43
county,12019,446,144534,,57
county,12021,446,388522,,141
county,12023,446,77264,,24
county,12027,446,14932,,5
county,12031,446,982056,,329
county,12033,446,349042,,97
county,12035,446,94471,,29
county,12039,446,,D,
county,12049,446,11273,,3
county,12051,446,18835,,9
county,12053,446,175977,,65
county,12055,446,88307,,37
county,12057,446,1623640,,551
county,12059,446,9220,,3
county,12061,446,183393,,64
county,12063,446,28347,,11
county,12069,446,408961,,130
county,12071,446,766752,,263
county,12073,446,273353,,89
county,12075,446,34718,,12
county,12079,446,9307,,3
county,12081,446,358584,,119
county,12083,446,300648,,95
county,12085,446,198070,,65
county,12086,446,4331312,,1159
county,12087,446,139918,,34
county,12089,446,59960,,18
county,12091,446,155866,,62
county,12093,446,35943,,8
county,12095,446,1560880,,514
county,12097,446,374574,,100
county,12099,446,1880808,,598
county,12101,446,487085,,177
county,12103,446,1288742,,397
county,12105,446,503002,,161
county,12107,446,42385,,13
county,12109,446,265524,,79
county,12111,446,314776,,74
county,12113,446,124954,,36
county,12115,446,476496,,192
county,12117,446,412136,,158
county,12119,446,103490,,22
county,12121,446,29493,,9
county,12123,446,12890,,4
county,12127,446,483764,,178
county,12131,446,48066,,26
county,12133,446,28173,,8
county,13001,446,15982,,5
county,13005,446,13288,,5
county,13009,446,,D,
county,13011,446,7033,,4
county,13013,446,32988,,12
county,13015,446,73264,,22
county,13017,446,12892,,4
county,13019,446,8940,,3
county,13021,446,161110,,72
county,13023,446,14736,,5
county,13025,446,8685,,4
county,13029,446,39328,,9
county,13031,446,73674,,22
county,13033,446,13903,,5
county,13035,446,18599,,5
county,13039,446,32577,,13
county,13043,446,9117,,4
county,13045,446,97406,,31
county,13047,446,65863,,16
county,13049,446,7374,,3
county,13051,446,275206,,122
county,13053,446,,D,
county,13055,446,19007,,4
county,13057,446,142301,,54
county,13059,446,98554,,44
county,13063,446,126679,,68
county,13067,446,628537,,214
county,13069,446,39142,,21
county,13071,446,37978,,16
county,13073,446,96191,,26
county,13075,446,11052,,3
county,13077,446,102990,,35
county,13081,446,31522,,12
county,13083,446,,D,
county,13085,446,51027,,18
county,13087,446,24264,,10
county,13089,446,594064,,243
county,13091,446,37366,,10
county,13095,446,113495,,41
county,13097,446,99504,,44
county,13099,446,9300,,4
county,13103,446,29572,,8
county,13105,446,18644,,9
county,13107,446,17398,,6
county,13109,446,11551,,4
county,13111,446,23909,,7
county,13113,446,135498,,53
county,13115,446,117156,,38
county,13117,446,142622,,49
county,13119,446,23750,,10
county,13121,446,1148838,,348
county,13123,446,36085,,7
county,13127,446,89395,,42
county,13129,446,43693,,18
county,13131,446,16819,,6
county,13133,446,,D,
county,13135,446,685690,,278
county,13137,446,34188,,13
county,13139,446,159279,,52
county,13143,446,46634,,10
county,13147,446,14913,,4
county,13151,446,183376,,68
county,13153,446,137391,,53
county,13155,446,5567,,3
county,13157,446,45201,,17
county,13163,446,13083,,7
county,13169,446,,D,
county,13171,446,10417,,3
county,13175,446,,D,
county,13177,446,,D,
county,13179,446,,D,
county,13185,446,,D,
county,13187,446,,D,
county,13189,446,30945,,9
county,13191,446,8568,,3
county,13193,446,8241,,4
county,13195,446,,D,
county,13199,446,13600,,6
county,13205,446,16306,,9
county,13207,446,,D,
county,13211,446,10368,,4
county,13213,446,32537,,7
county,13215,446,191728,,83
county,13217,446,57675,,17
county,13219,446,,D,
county,13223,446,68262,,25
county,13225,446,14261,,3
county,13227,446,25685,,6
county,13229,446,15074,,6
county,13231,446,,D,
county,13233,446,30443,,9
county,13235,446,10223,,4
county,13241,446,,D,
county,13243,446,6550,,3
county,13245,446,185387,,75
county,13247,446,67911,,28
county,13251,446,14272,,5
county,13253,446,10402,,5
county,13255,446,57825,,19
county,13257,446,31099,,11
county,13261,446,,D,
county,13267,446,19950,,8
county,13271,446,13125,,4
county,13275,446,39325,,16
county,13277,446,55611,,20
county,13279,446,,D,
county,13281,446,7772,,8
county,13285,446,57299,,19
county,13287,446,,D,
county,13291,446,21903,,6
county,13293,446,19704,,8
county,13295,446,27288,,10
county,13297,446,53123,,13
county,13299,446,46328,,24
county,13303,446,22062,,6
county,13305,446,26696,,8
county,13311,446,14565,,4
county,13313,446,85502,,28
county,13317,446,,D,
county,13319,446,,D,
county,13321,446,9368,,6
county,15001,446,221980,,56
county,15003,446,1295164,,261
county,15007,446,93335,,31
county,15009,446,183454,,53
county,16001,446,301251,,107
county,16005,446,49335,,17
county,16011,446,12099,,5
county,16013,446,13901,,7
county,16017,446,16329,,5
county,16019,446,72420,,31
county,16027,446,,D,
county,16031,446,14917,,7
county,16039,446,6752,,3
county,16051,446,4162,,3
county,16053,446,9274,,3
county,16055,446,94539,,36
county,16057,446,19432,,8
county,16065,446,15347,,7
county,16069,446,28719,,11
county,16083,446,58976,,25
county,16085,446,11321,,3
county,17001,446,49503,,18
county,17007,446,23383,,3
county,17011,446,5717,,6
county,17015,446,4615,,4
county,17019,446,219334,,62
county,17021,446,,D,
county,17023,446,3370,,3
county,17027,446,22140,,7
county,17029,446,60192,,18
county,17031,446,5950272,,1558
county,17033,446,,D,
county,17037,446,86965,,19
county,17039,446,12941,,4
county,17041,446,11762,,9
county,17043,446,1287147,,279
county,17045,446,,D,
county,17049,446,32292,,11
county,17051,446,,D,
county,17053,446,14321,,5
county,17055,446,35554,,6
county,17057,446,23556,,7
county,17063,446,,D,
county,17067,446,,D,
county,17073,446,,D,
county,17075,446,,D,
county,17077,446,44158,,16
county,17081,446,38902,,15
county,17083,446,17723,,5
county,17089,446,431417,,130
county,17091,446,93760,,28
county,17093,446,,D,
county,17095,446,27983,,11
county,17097,446,756315,,190
county,17099,446,100664,,27
county,17101,446,,D,
county,17103,446,21630,,5
county,17105,446,16765,,8
county,17107,446,,D,
county,17109,446,19557,,7
county,17111,446,224351,,55
county,17113,446,142582,,46
county,17115,446,113473,,35
county,17117,446,37144,,11
county,17119,446,246299,,73
county,17121,446,31329,,9
county,17123,446,,D,
county,17125,446,13176,,4
county,17127,446,,D,
county,17131,446,,D,
county,17133,446,32283,,11
county,17135,446,25889,,10
county,17137,446,31960,,9
county,17139,446,,D,
county,17141,446,29293,,6
county,17143,446,186537,,67
county,17145,446,20337,,3
county,17147,446,18255,,5
county,17157,446,10259,,6
county,17159,446,12289,,4
county,17161,446,149826,,32
county,17163,446,268391,,83
county,17165,446,33511,,9
county,17167,446,,D,
county,17173,446,7666,,4
county,17177,446,34319,,12
county,17179,446,120581,,31
county,17183,446,69787,,21
county,17185,446,,D,
county,17189,446,12443,,6
county,17191,446,7443,,4
county,17193,446,9705,,5
county,17195,446,48882,,15
county,17197,446,535629,,160
county,17199,446,80357,,23
county,17201,446,284737,,79
county,17203,446,11835,,5
county,18001,446,18674,,9
county,18003,446,348229,,105
county,18005,446,90876,,27
county,18011,446,63308,,14
county,18017,446,27913,,7
county,18019,446,117562,,32
county,18021,446,,D,
county,18023,446,,D,
county,18027,446,52136,,8
county,18029,446,36959,,12
county,18031,446,16974,,5
county,18033,446,,D,
county,18035,446,124043,,38
county,18037,446,49003,,13
county,18039,446,155508,,49
county,18041,446,16133,,6
county,18043,446,100080,,25
county,18045,446,,D,
county,18047,446,,D,
county,18049,446,16741,,5
county,18051,446,31067,,7
county,18053,446,72595,,17
county,18055,446,24183,,6
county,18057,446,348980,,95
county,18059,446,67072,,13
county,18061,446,31292,,7
county,18063,446,133235,,38
county,18065,446,45107,,13
county,18067,446,112469,,32
county,18069,446,21585,,7
county,18071,446,39632,,9
county,18073,446,,D,
county,18077,446,25994,,6
county,18079,446,16384,,3
county,18081,446,144057,,53
county,18083,446,48954,,12
county,18085,446,68700,,22
county,18087,446,11932,,7
county,18089,446,581856,,151
county,18091,446,110719,,29
county,18093,446,53988,,15
county,18095,446,110561,,25
county,18097,446,1261882,,296
county,18099,446,39577,,11
county,18105,446,126712,,35
county,18107,446,31987,,10
county,18109,446,,D,
county,18113,446,29193,,6
county,18119,446,,D,
county,18127,446,,D,
county,18129,446,,D,
county,18133,446,,D,
county,18135,446,12186,,3
county,18137,446,23412,,6
county,18141,446,,D,
county,18143,446,24723,,10
county,18145,446,34266,,9
county,18151,446,19982,,10
county,18157,446,144023,,49
county,18163,446,246756,,64
county,18167,446,117642,,41
county,18169,446,,D,
county,18173,446,,D,
county,18175,446,22097,,7
county,18177,446,59264,,19
county,18179,446,17314,,4
county,18181,446,11770,,4
county,18183,446,21778,,10
county,19001,446,4779,,3
county,19011,446,,D,
county,19013,446,111413,,36
county,19015,446,14331,,6
county,19017,446,,D,
county,19021,446,,D,
county,19025,446,3777,,3
county,19027,446,25832,,11
county,19033,446,,D,
county,19041,446,14831,,6
county,19043,446,6427,,5
county,19045,446,39286,,13
county,19047,446,3870,,4
county,19049,446,53871,,22
county,19055,446,9983,,4
county,19057,446,43120,,16
county,19059,446,5995,,6
county,19061,446,129654,,35
county,19065,446,22423,,6
county,19067,446,,D,
county,19077,446,,D,
county,19079,446,4569,,3
county,19083,446,11114,,7
county,19085,446,,D,
county,19091,446,,D,
county,19095,446,9198,,8
county,19097,446,11744,,5
county,19099,446,15456,,5
county,19101,446,4201,,4
county,19103,446,122509,,37
county,19105,446,,D,
county,19111,446,,D,
county,19113,446,222800,,55
county,19119,446,,D,
county,19121,446,,D,
county,19123,446,,D,
county,19125,446,14666,,7
county,19127,446,27105,,11
county,19131,446,4343,,3
county,19133,446,12031,,3
county,19137,446,4749,,4
county,19139,446,41879,,7
county,19141,446,9312,,6
county,19145,446,6615,,3
county,19149,446,10602,,5
county,19153,446,453400,,138
county,19155,446,93172,,24
county,19161,446,,D,
county,19163,446,164147,,45
county,19165,446,8245,,4
county,19167,446,18437,,8
county,19169,446,44791,,20
county,19179,446,38210,,11
county,19181,446,,D,
county,19183,446,7480,,7
county,19187,446,27700,,11
county,19191,446,7795,,6
county,19193,446,93487,,28
county,19197,446,5607,,4
county,20005,446,10454,,3
county,20009,446,17104,,9
county,20011,446,,D,
county,20015,446,38803,,13
county,20021,446,18240,,7
county,20029,446,4074,,3
county,20031,446,12935,,4
county,20035,446,29921,,11
county,20037,446,21240,,9
county,20041,446,,D,
county,20045,446,79800,,27
county,20051,446,27560,,13
county,20053,446,5976,,4
county,20055,446,22944,,14
county,20057,446,21117,,9
county,20059,446,,D,
county,20061,446,9803,,7
county,20069,446,6248,,3
county,20079,446,14855,,9
county,20091,446,550450,,172
county,20099,446,20317,,6
county,20103,446,27685,,15
county,20111,446,29052,,12
county,20113,446,11513,,6
county,20117,446,5177,,3
county,20121,446,8729,,4
county,20123,446,,D,
county,20125,446,24192,,11
county,20131,446,9197,,4
county,20133,446,8955,,8
county,20147,446,,D,
county,20149,446,,D,
county,20151,446,,D,
county,20155,446,31844,,20
county,20161,446,,D,
county,20163,446,,D,
county,20167,446,,D,
county,20169,446,36494,,17
county,20173,446,359339,,147
county,20175,446,14935,,5
county,20177,446,199782,,50
county,20183,446,,D,
county,20191,446,,D,
county,20193,446,2809,,3
county,20201,446,,D,
county,20209,446,108317,,34
county,21001,446,20196,,8
county,21003,446,17706,,7
county,21005,446,10451,,4
county,21009,446,82758,,20
county,21011,446,,D,
county,21013,446,46167,,14
county,21015,446,104649,,31
county,21017,446,17433,,5
county,21019,446,55604,,19
county,21021,446,,D,
county,21025,446,14620,,3
county,21027,446,15346,,3
county,21029,446,,D,
county,21033,446,14937,,4
county,21035,446,53225,,11
county,21037,446,63729,,20
county,21043,446,27244,,6
county,21045,446,15562,,4
county,21047,446,52064,,24
county,21049,446,32481,,11
county,21051,446,34367,,11
county,21053,446,14203,,6
county,21055,446,10136,,3
county,21057,446,10057,,3
county,21059,446,110212,,37
county,21065,446,17952,,5
county,21067,446,315308,,110
county,21071,446,76091,,21
county,21073,446,50774,,22
county,21079,446,6477,,3
county,21081,446,18740,,4
county,21083,446,82127,,9
county,21085,446,23676,,7
county,21087,446,12614,,5
county,21089,446,41409,,8
county,21093,446,108910,,37
county,21095,446,25907,,7
county,21097,446,17930,,8
county,21099,446,17133,,6
county,21101,446,46509,,11
county,21105,446,3470,,3
county,21107,446,56438,,17
county,21109,446,11219,,4
county,21111,446,927009,,238
county,21113,446,40244,,11
county,21115,446,26119,,6
county,21117,446,129768,,33
county,21119,446,12125,,3
county,21121,446,46092,,12
county,21123,446,,D,
county,21125,446,55369,,21
county,21127,446,19370,,4
county,21131,446,19178,,4
county,21133,446,30199,,11
county,21135,446,5963,,4
county,21139,446,,D,
county,21141,446,24155,,8
county,21145,446,118463,,41
county,21147,446,21298,,5
county,21149,446,,D,
county,21151,446,65053,,31
county,21153,446,19600,,5
county,21155,446,17335,,5
county,21157,446,22425,,6
county,21159,446,18270,,8
county,21161,446,12247,,8
county,21163,446,,D,
county,21167,446,,D,
county,21169,446,7277,,3
county,21171,446,11424,,5
county,21173,446,30653,,14
county,21175,446,13443,,4
county,21177,446,30814,,8
county,21179,446,29866,,12
county,21183,446,21270,,5
county,21185,446,30289,,7
county,21189,446,9642,,5
county,21193,446,67528,,16
county,21195,446,103730,,35
county,21197,446,11165,,4
county,21199,446,74309,,24
county,21203,446,21877,,4
county,21205,446,17192,,6
county,21207,446,13000,,7
county,21209,446,32466,,12
county,21211,446,28199,,9
county,21213,446,17200,,5
county,21217,446,,D,
county,21227,446,132103,,46
county,21231,446,17900,,4
county,21233,446,14008,,6
county,21235,446,47768,,18
county,21237,446,9989,,3
county,21239,446,10727,,5
county,22001,446,83573,,17
county,22003,446,15329,,5
county,22005,446,127127,,36
county,22009,446,41802,,17
county,22011,446,15753,,6
county,22013,446,,D,
county,22015,446,100549,,44
county,22017,446,,D,
county,22019,446,213409,,68
county,22025,446,10908,,5
county,22027,446,10811,,5
county,22029,446,13666,,6
county,22031,446,,D,
county,22033,446,565886,,191
county,22039,446,23440,,11
county,22041,446,15846,,6
county,22045,446,76751,,30
county,22047,446,31447,,9
county,22049,446,,D,
county,22051,446,717965,,203
county,22053,446,37626,,13
county,22055,446,383827,,114
county,22057,446,110498,,33
county,22059,446,15351,,5
county,22061,446,42207,,17
county,22063,446,169512,,29
county,22065,446,7851,,3
county,22067,446,22512,,9
county,22069,446,30656,,14
county,22071,446,425717,,132
county,22073,446,212211,,73
county,22075,446,11583,,4
county,22077,446,6415,,4
county,22079,446,,D,
county,22083,446,19522,,10
county,22085,446,15333,,6
county,22087,446,38921,,14
county,22089,446,35482,,11
county,22093,446,9942,,3
county,22095,446,41068,,15
county,22097,446,90636,,33
county,22099,446,40121,,21
county,22101,446,54170,,19
county,22103,446,364570,,104
county,22105,446,134559,,39
county,22109,446,117881,,36
county,22111,446,5952,,3
county,22113,446,51810,,20
county,22115,446,29615,,12
county,22117,446,61196,,21
county,22119,446,54751,,13
county,22121,446,22907,,7
county,22127,446,10830,,5
county,23001,446,110245,,32
county,23003,446,78678,,19
county,23005,446,431860,,90
county,23007,446,14501,,7
county,23009,446,49568,,13
county,23011,446,142544,,37
county,23013,446,29185,,8
county,23015,446,,D,
county,23017,446,,D,
county,23019,446,152385,,47
county,23021,446,21544,,5
county,23023,446,30458,,5
county,23025,446,39393,,7
county,23027,446,22773,,5
county,23029,446,21848,,5
county,23031,446,130975,,34
county,24001,446,112958,,34
county,24003,446,610605,,176
county,24005,446,913702,,290
county,24009,446,71617,,12
county,24011,446,18161,,5
county,24013,446,161247,,45
county,24015,446,71051,,17
county,24017,446,175599,,53
county,24019,446,37832,,8
county,24021,446,266292,,63
county,24023,446,30512,,10
county,24025,446,233829,,64
county,24027,446,258172,,84
county,24029,446,31998,,8
county,24031,446,998627,,267
county,24033,446,784204,,257
county,24035,446,57442,,15
county,24037,446,115434,,22
county,24039,446,16208,,4
county,24041,446,44710,,12
county,24043,446,191211,,60
county,24045,446,129608,,40
county,24047,446,69850,,23
county,24510,446,809774,,198
county,25001,446,333011,,87
county,25003,446,113317,,36
county,25005,446,819992,,173
county,25007,446,17865,,7
county,25009,446,1068559,,221
county,25011,446,52935,,12
county,25013,446,615224,,134
county,25015,446,143507,,34
county,25017,446,1928390,,442
county,25019,446,15486,,6
county,25021,446,1061242,,230
county,25023,446,657453,,138
county,25025,446,1037427,,229
county,25027,446,872192,,178
county,26005,446,72890,,23
county,26007,446,25494,,9
county,26009,446,8763,,4
county,26011,446,11527,,3
county,26015,446,29257,,10
county,26017,446,105048,,35
county,26019,446,9951,,6
county,26021,446,134092,,42
county,26023,446,25921,,13
county,26025,446,118379,,36
county,26029,446,15519,,8
county,26031,446,13970,,4
county,26033,446,23090,,6
county,26035,446,33078,,7
county,26037,446,24973,,13
county,26039,446,14213,,3
county,26041,446,22507,,8
county,26043,446,29016,,6
county,26045,446,76604,,37
county,26047,446,38712,,13
county,26049,446,642645,,152
county,26051,446,17066,,6
county,26053,446,,D,
county,26055,446,110137,,45
county,26057,446,24243,,10
county,26059,446,26225,,10
county,26061,446,20398,,9
county,26063,446,27619,,10
county,26065,446,266133,,95
county,26067,446,34628,,13
county,26069,446,24895,,9
county,26071,446,,D,
county,26073,446,62055,,22
county,26075,446,123777,,49
county,26077,446,294523,,92
county,26079,446,,D,
county,26081,446,542802,,193
county,26087,446,52095,,25
county,26089,446,,D,
county,26091,446,83851,,28
county,26093,446,115576,,46
county,26095,446,8268,,4
county,26099,446,1047444,,336
county,26101,446,19425,,7
county,26103,446,56314,,23
county,26105,446,25990,,6
county,26107,446,24642,,12
county,26111,446,70850,,24
county,26115,446,100312,,39
county,26117,446,34427,,14
county,26121,446,152437,,42
county,26123,446,33074,,9
county,26125,446,1736600,,652
county,26127,446,,D,
county,26129,446,21854,,12
county,26133,446,20764,,8
county,26135,446,,D,
county,26137,446,20766,,11
county,26139,446,137244,,41
county,26143,446,25265,,10
county,26145,446,202386,,84
county,26147,446,128010,,47
county,26149,446,40241,,17
county,26151,446,34242,,12
county,26155,446,47209,,15
county,26157,446,24418,,11
county,26159,446,57410,,15
county,26161,446,318740,,123
county,26163,446,1999829,,804
county,26165,446,,D,
county,27001,446,9737,,3
county,27003,446,246666,,82
county,27005,446,18614,,8
county,27007,446,43602,,18
county,27009,446,15571,,4
county,27013,446,67696,,22
county,27015,446,18376,,6
county,27017,446,27415,,7
county,27019,446,61041,,16
county,27021,446,,D,
county,27023,446,3230,,4
county,27025,446,28607,,10
county,27027,446,52106,,18
county,27033,446,10881,,4
county,27035,446,,D,
county,27037,446,311365,,97
county,27041,446,32381,,17
county,27047,446,14947,,6
county,27049,446,19603,,11
county,27053,446,1252158,,364
county,27059,446,19686,,6
county,27061,446,32162,,12
county,27067,446,35861,,17
county,27073,446,5977,,5
county,27081,446,4234,,4
county,27083,446,7052,,8
county,27085,446,13864,,10
county,27091,446,13860,,4
county,27093,446,3729,,3
county,27095,446,22880,,6
county,27097,446,9389,,5
county,27099,446,19341,,5
county,27103,446,,D,
county,27105,446,11836,,7
county,27109,446,87497,,44
county,27111,446,26087,,12
county,27113,446,7812,,6
county,27119,446,,D,
county,27123,446,509225,,160
county,27127,446,7755,,3
county,27129,446,5209,,3
county,27131,446,30692,,12
county,27135,446,,D,
county,27137,446,194906,,51
county,27139,446,63253,,18
county,27141,446,27237,,10
county,27143,446,,D,
county,27145,446,104070,,39
county,27147,446,27282,,8
county,27153,446,8660,,5
county,27159,446,9125,,6
county,27161,446,15592,,4
county,27163,446,180115,,52
county,27169,446,20506,,8
county,27171,446,65883,,25
county,27173,446,,D,
county,28001,446,31720,,12
county,28003,446,62381,,15
county,28005,446,6552,,4
county,28007,446,16373,,6
county,28011,446,27603,,10
county,28013,446,11818,,5
county,28017,446,17057,,7
county,28021,446,,D,
county,28023,446,,D,
county,28025,446,13622,,6
county,28027,446,20728,,8
county,28029,446,22360,,9
county,28031,446,16188,,8
county,28033,446,216499,,53
county,28035,446,,D,
county,28037,446,5839,,3
county,28039,446,10945,,6
county,28041,446,6901,,3
county,28043,446,26146,,10
county,28045,446,36036,,9
county,28047,446,180879,,78
county,28049,446,254105,,69
county,28051,446,13554,,8
county,28053,446,7831,,4
county,28057,446,14129,,5
county,28059,446,113996,,44
county,28065,446,8519,,3
county,28067,446,,D,
county,28071,446,43243,,17
county,28073,446,79610,,38
county,28075,446,74063,,36
county,28077,446,9267,,3
county,28079,446,12490,,7
county,28081,446,108425,,47
county,28083,446,,D,
county,28085,446,29602,,10
county,28087,446,66016,,31
county,28089,446,143401,,55
county,28091,446,27160,,12
county,28093,446,,D,
county,28095,446,21560,,8
county,28097,446,12676,,4
county,28099,446,20520,,8
county,28101,446,11730,,7
county,28103,446,8819,,3
county,28105,446,30941,,12
county,28107,446,24439,,12
county,28109,446,52588,,16
county,28113,446,61746,,15
county,28115,446,18516,,4
county,28117,446,25678,,10
county,28121,446,194855,,61
county,28123,446,33857,,9
county,28125,446,5448,,3
county,28127,446,,D,
county,28129,446,,D,
county,28131,446,13819,,5
county,28133,446,14603,,8
county,28135,446,3548,,4
county,28137,446,23023,,8
county,28139,446,,D,
county,28141,446,22252,,6
county,28145,446,,D,
county,28147,446,8119,,3
county,28149,446,47110,,21
county,28151,446,47269,,22
county,28153,446,13580,,5
county,28155,446,10803,,4
county,28159,446,,D,
county,28163,446,,D,
county,29001,446,19293,,6
county,29003,446,,D,
county,29007,446,20387,,9
county,29009,446,17290,,5
county,29013,446,7818,,5
county,29015,446,12566,,3
county,29019,446,195301,,46
county,29021,446,110465,,26
county,29023,446,41824,,18
county,29027,446,,D,
county,29029,446,38944,,18
county,29031,446,115035,,45
county,29037,446,62170,,16
county,29039,446,14979,,4
county,29043,446,62381,,22
county,29047,446,232950,,66
county,29049,446,,D,
county,29051,446,63375,,29
county,29053,446,,D,
county,29055,446,,D,
county,29057,446,6193,,3
county,29069,446,41092,,9
county,29071,446,87756,,25
county,29073,446,13043,,4
county,29077,446,406447,,110
county,29083,446,21986,,6
county,29089,446,,D,
county,29091,446,32807,,15
county,29093,446,9112,,3
county,29095,446,716811,,197
county,29097,446,102304,,39
county,29099,446,135272,,34
county,29101,446,,D,
county,29105,446,31676,,7
county,29107,446,19031,,7
county,29109,446,21422,,9
county,29113,446,27578,,8
county,29115,446,,D,
county,29117,446,14234,,7
county,29121,446,8629,,3
county,29123,446,,D,
county,29127,446,34999,,11
county,29131,446,13802,,3
county,29133,446,10455,,3
county,29141,446,13491,,4
county,29143,446,13219,,6
county,29145,446,43571,,17
county,29147,446,,D,
county,29149,446,5850,,4
county,29155,446,17530,,7
county,29157,446,9663,,5
county,29159,446,39115,,13
county,29161,446,43031,,16
county,29165,446,147239,,28
county,29167,446,29439,,8
county,29169,446,11919,,9
county,29175,446,25011,,7
county,29177,446,11613,,4
county,29181,446,12919,,3
county,29183,446,341392,,106
county,29187,446,69543,,22
county,29189,446,1210232,,375
county,29195,446,23685,,9
county,29201,446,38641,,11
county,29207,446,23058,,7
county,29209,446,20276,,5
county,29211,446,,D,
county,29213,446,57939,,30
county,29215,446,13593,,5
county,29217,446,9356,,7
county,29219,446,17988,,5
county,29221,446,12694,,3
county,29225,446,,D,
county,29229,446,15407,,5
county,29510,446,429238,,87
county,30013,446,61718,,30
county,30015,446,,D,
county,30023,446,10001,,3
county,30029,446,56130,,24
county,30031,446,46912,,27
county,30041,446,,D,
county,30047,446,12058,,6
county,30049,446,29952,,12
county,30063,446,64554,,38
county,30067,446,,D,
county,30081,446,40016,,15
county,30093,446,24509,,12
county,30111,446,,D,
county,31001,446,44663,,15
county,31003,446,4766,,3
county,31011,446,7524,,3
county,31019,446,,D,
county,31025,446,,D,
county,31027,446,,D,
county,31041,446,8634,,3
county,31047,446,18676,,9
county,31053,446,24353,,13
county,31055,446,548796,,149
county,31067,446,16428,,11
county,31079,446,59078,,25
county,31109,446,336223,,93
county,31111,446,38666,,15
county,31119,446,,D,
county,31125,446,,D,
county,31131,446,16549,,3
county,31137,446,11263,,3
county,31141,446,37131,,14
county,31145,446,,D,
county,31151,446,5386,,3
county,31153,446,116108,,41
county,31155,446,16683,,3
county,31157,446,26027,,12
county,31159,446,4302,,3
county,31177,446,,D,
county,31185,446,12637,,4
county,32001,446,13803,,5
county,32003,446,2320280,,682
county,32005,446,19836,,4
county,32007,446,17126,,7
county,32013,446,,D,
county,32019,446,14555,,4
county,32023,446,23761,,5
county,32031,446,325976,,101
county,32510,446,39403,,12
county,33001,446,55511,,19
county,33003,446,,D,
county,33005,446,71182,,13
county,33007,446,,D,
county,33009,446,107123,,28
county,33011,446,426969,,119
county,33013,446,189794,,55
county,33015,446,373079,,124
county,33017,446,122862,,32
county,33019,446,,D,
county,34001,446,476462,,99
county,34003,446,1404592,,386
county,34005,446,489669,,143
county,34007,446,690815,,182
county,34009,446,126624,,39
county,34011,446,237462,,39
county,34013,446,1134237,,312
county,34015,446,378462,,84
county,34017,446,894991,,274
county,34019,446,121644,,36
county,34021,446,535093,,140
county,34023,446,1026795,,286
county,34025,446,939561,,260
county,34027,446,597128,,176
county,34029,446,767856,,191
county,34031,446,723187,,218
county,34033,446,43503,,11
county,34035,446,364262,,103
county,34037,446,118328,,34
county,34039,446,766692,,168
county,34041,446,94278,,30
county,35001,446,582486,,167
county,35005,446,42811,,15
county,35006,446,,D,
county,35007,446,3208,,3
county,35009,446,32847,,13
county,35013,446,130849,,40
county,35015,446,31425,,10
county,35017,446,16213,,5
county,35025,446,44070,,14
county,35027,446,19860,,7
county,35031,446,20273,,9
county,35035,446,19396,,8
county,35039,446,,D,
county,35043,446,69661,,14
county,35045,446,59403,,21
county,35047,446,20949,,6
county,35049,446,143082,,46
county,35055,446,,D,
county,35061,446,,D,
county,36001,446,427644,,120
county,36003,446,37421,,11
county,36005,446,2048462,,587
county,36007,446,272406,,57
county,36009,446,87838,,26
county,36011,446,74205,,22
county,36013,446,139934,,41
county,36015,446,88191,,25
county,36017,446,38325,,9
county,36019,446,102554,,25
county,36021,446,53076,,16
county,36023,446,55342,,10
county,36025,446,43784,,8
county,36027,446,343505,,86
county,36029,446,1195924,,329
county,36031,446,42951,,11
county,36033,446,67986,,13
county,36035,446,59310,,16
county,36037,446,47392,,18
county,36039,446,46616,,12
county,36043,446,56412,,11
county,36045,446,144282,,40
county,36047,446,4055641,,1337
county,36049,446,,D,
county,36051,446,44666,,16
county,36053,446,73706,,17
county,36055,446,547185,,182
county,36057,446,45464,,13
county,36059,446,2413088,,621
county,36061,446,5629363,,1399
county,36063,446,236819,,70
county,36065,446,293452,,79
county,36067,446,539562,,145
county,36069,446,107293,,46
county,36071,446,529759,,152
county,36073,446,28085,,7
county,36075,446,113575,,23
county,36077,446,51254,,16
county,36079,446,79064,,21
county,36081,446,3670675,,1165
county,36083,446,158151,,32
county,36085,446,708452,,160
county,36087,446,461779,,131
county,36089,446,123811,,30
county,36091,446,242670,,60
county,36093,446,168138,,39
county,36095,446,15358,,5
county,36097,446,,D,
county,36099,446,27913,,9
county,36101,446,72258,,24
county,36103,446,2197269,,549
county,36105,446,55997,,15
county,36107,446,33672,,8
county,36109,446,85309,,30
county,36111,446,191535,,44
county,36113,446,86156,,36
county,36115,446,73167,,12
county,36117,446,67614,,14
county,36119,446,1466072,,347
county,36121,446,73770,,9
county,36123,446,24442,,6
county,37001,446,177807,,62
county,37003,446,27797,,7
county,37007,446,13217,,3
county,37009,446,36467,,7
county,37011,446,21700,,6
county,37013,446,75942,,13
county,37015,446,11320,,4
county,37017,446,25952,,6
county,37019,446,148905,,39
county,37021,446,376113,,92
county,37023,446,93772,,24
county,37025,446,198883,,67
county,37027,446,79732,,19
county,37031,446,75446,,24
county,37035,446,196028,,56
county,37037,446,43474,,12
county,37039,446,29733,,6
county,37041,446,19847,,3
county,37045,446,106670,,29
county,37047,446,57972,,20
county,37049,446,99853,,34
county,37051,446,315393,,106
county,37055,446,,D,
county,37057,446,142199,,31
county,37059,446,40747,,9
county,37061,446,51432,,13
county,37063,446,375678,,97
county,37065,446,44372,,10
county,37067,446,385340,,140
county,37069,446,36127,,11
county,37071,446,250522,,68
county,37075,446,,D,
county,37077,446,43063,,11
county,37081,446,531887,,146
county,37083,446,,D,
county,37085,446,109111,,25
county,37087,446,,D,
county,37089,446,89894,,35
county,37091,446,31921,,9
county,37093,446,17299,,7
county,37097,446,187626,,53
county,37099,446,26799,,10
county,37101,446,178274,,43
county,37103,446,5336,,3
county,37105,446,70864,,22
county,37107,446,82095,,16
county,37109,446,70890,,17
county,37111,446,37149,,13
county,37113,446,25070,,9
county,37117,446,17867,,6
county,37119,446,1304118,,358
county,37121,446,9859,,5
county,37123,446,13055,,7
county,37125,446,103384,,29
county,37127,446,119545,,33
county,37129,446,301623,,84
county,37133,446,147128,,46
county,37135,446,100952,,30
county,37137,446,13563,,3
county,37139,446,56290,,13
county,37141,446,36980,,11
county,37145,446,29982,,8
county,37147,446,188107,,49
county,37149,446,16409,,7
county,37151,446,132708,,32
county,37153,446,49768,,15
county,37155,446,133586,,38
county,37157,446,100140,,26
county,37159,446,119327,,31
county,37161,446,56698,,13
county,37163,446,58075,,14
county,37165,446,27316,,11
county,37167,446,58583,,13
county,37169,446,34639,,9
county,37171,446,105173,,24
county,37173,446,15411,,3
county,37175,446,33979,,13
county,37179,446,239492,,53
county,37181,446,48543,,18
county,37183,446,1136363,,328
county,37185,446,16369,,3
county,37187,446,13027,,3
county,37189,446,55197,,14
county,37191,446,93692,,32
county,37193,446,,D,
county,37195,446,72874,,18
county,37197,446,25234,,4
county,38003,446,9575,,3
county,38015,446,121876,,40
county,38017,446,178633,,61
county,38021,446,6844,,3
county,38035,446,,D,
county,38055,446,7344,,4
county,38059,446,,D,
county,38061,446,4887,,3
county,38067,446,4344,,3
county,38071,446,11493,,5
county,38077,446,,D,
county,38079,446,5774,,3
county,38089,446,29183,,13
county,38093,446,21244,,5
county,38099,446,11271,,3
county,38101,446,,D,
county,38105,446,27936,,7
county,39001,446,15702,,7
county,39003,446,102622,,36
county,39005,446,35184,,12
county,39007,446,98363,,24
county,39009,446,35950,,11
county,39011,446,25225,,10
county,39013,446,52287,,21
county,39015,446,20266,,6
county,39017,446,264654,,79
county,39019,446,,D,
county,39021,446,17331,,4
county,39023,446,120709,,32
county,39025,446,120147,,39
county,39027,446,26976,,9
county,39029,446,83088,,25
county,39031,446,27594,,10
county,39033,446,36891,,7
county,39035,446,1360971,,414
county,39037,446,24828,,8
county,39039,446,25232,,13
county,39041,446,174060,,70
county,39043,446,55101,,22
county,39045,446,121377,,32
county,39047,446,22037,,10
county,39049,446,1153783,,344
county,39051,446,36855,,12
county,39053,446,25101,,11
county,39055,446,103594,,22
county,39057,446,139874,,56
county,39059,446,20738,,3
county,39061,446,800101,,238
county,39063,446,51774,,18
county,39067,446,16121,,3
county,39069,446,16130,,3
county,39071,446,32312,,8
county,39075,446,6700,,5
county,39077,446,54154,,10
county,39079,446,28291,,7
county,39081,446,80713,,20
county,39083,446,39258,,15
county,39085,446,198470,,52
county,39087,446,56896,,15
county,39089,446,127296,,41
county,39091,446,29789,,11
county,39093,446,291510,,66
county,39095,446,351078,,117
county,39097,446,,D,
county,39099,446,252390,,79
county,39101,446,51948,,16
county,39103,446,168192,,41
county,39105,446,14444,,4
county,39107,446,35154,,12
county,39109,446,51404,,18
county,39111,446,,D,
county,39113,446,487209,,152
county,39117,446,,D,
county,39119,446,124253,,28
county,39121,446,,D,
county,39127,446,,D,
county,39129,446,25304,,7
county,39131,446,13685,,5
county,39133,446,111023,,36
county,39135,446,26163,,7
county,39137,446,15788,,7
county,39139,446,98939,,39
county,39141,446,68504,,18
county,39143,446,48933,,13
county,39145,446,87630,,28
county,39147,446,15066,,7
county,39149,446,24024,,8
county,39151,446,,D,
county,39153,446,573438,,161
county,39155,446,223435,,69
county,39157,446,86626,,28
county,39159,446,,D,
county,39161,446,20715,,7
county,39165,446,154540,,41
county,39167,446,58117,,16
county,39169,446,98557,,30
county,39171,446,28501,,11
county,39173,446,57077,,25
county,39175,446,16208,,7
county,40005,446,13088,,4
county,40009,446,20260,,9
county,40013,446,31813,,10
county,40015,446,29974,,5
county,40017,446,116521,,30
county,40019,446,55064,,17
county,40021,446,26683,,11
county,40023,446,8611,,4
county,40027,446,239190,,67
county,40031,446,,D,
county,40037,446,33885,,11
county,40039,446,29862,,15
county,40041,446,17604,,8
county,40043,446,3957,,4
county,40047,446,77131,,28
county,40049,446,16394,,6
county,40051,446,33352,,10
county,40055,446,6532,,4
county,40061,446,6211,,3
county,40065,446,22364,,7
county,40067,446,5844,,3
county,40071,446,38347,,11
county,40073,446,15055,,6
county,40075,446,5789,,4
county,40079,446,18246,,8
county,40081,446,10902,,3
county,40083,446,17535,,9
county,40087,446,31590,,10
county,40091,446,11954,,3
county,40095,446,5457,,3
county,40097,446,16595,,7
county,40099,446,12125,,6
county,40101,446,71811,,21
county,40107,446,7869,,3
county,40109,446,872614,,263
county,40111,446,19296,,5
county,40113,446,,D,
county,40115,446,,D,
county,40119,446,72271,,24
county,40121,446,33807,,11
county,40123,446,31846,,16
county,40125,446,62961,,19
county,40127,446,7652,,3
county,40131,446,61112,,17
county,40133,446,,D,
county,40135,446,,D,
county,40137,446,41999,,15
county,40139,446,6487,,5
county,40143,446,780899,,215
county,40145,446,19889,,6
county,40147,446,,D,
county,40149,446,3636,,3
county,40153,446,19708,,8
county,41001,446,,D,
county,41003,446,26749,,12
county,41005,446,212402,,82
county,41007,446,26461,,14
county,41009,446,,D,
county,41011,446,27556,,9
county,41013,446,12759,,6
county,41015,446,10238,,7
county,41017,446,86602,,43
county,41019,446,51499,,23
county,41027,446,15943,,5
county,41029,446,102454,,52
county,41031,446,,D,
county,41033,446,42026,,14
county,41035,446,20569,,7
county,41039,446,190502,,87
county,41041,446,37561,,22
county,41043,446,54663,,22
county,41045,446,,D,
county,41047,446,171609,,69
county,41051,446,526870,,190
county,41053,446,25160,,5
county,41057,446,,D,
county,41059,446,,D,
county,41061,446,8558,,6
county,41065,446,18014,,6
county,41067,446,385773,,115
county,41071,446,45039,,19
county,42001,446,68807,,23
county,42003,446,1464490,,435
county,42005,446,100428,,19
county,42007,446,193427,,54
county,42009,446,44010,,20
county,42011,446,390498,,107
county,42013,446,118042,,44
county,42015,446,48137,,16
county,42017,446,860220,,233
county,42019,446,188530,,62
county,42021,446,158556,,58
county,42025,446,37624,,13
county,42027,446,91516,,40
county,42029,446,557301,,136
county,42031,446,29687,,12
county,42033,446,71764,,30
county,42035,446,,D,
county,42037,446,58437,,19
county,42039,446,98266,,25
county,42041,446,265120,,82
county,42043,446,302612,,82
county,42045,446,886262,,203
county,42047,446,31781,,10
county,42049,446,235468,,74
county,42051,446,132237,,37
county,42055,446,137841,,42
county,42057,446,,D,
county,42059,446,39982,,12
county,42061,446,28389,,10
county,42063,446,75573,,24
county,42065,446,,D,
county,42067,446,10718,,3
county,42069,446,292068,,82
county,42071,446,452046,,139
county,42073,446,83776,,25
county,42075,446,114455,,33
county,42077,446,489779,,117
county,42079,446,391598,,119
county,42081,446,96906,,34
county,42083,446,,D,
county,42085,446,109617,,41
county,42087,446,37493,,10
county,42089,446,217181,,49
county,42091,446,1226583,,345
county,42093,446,18043,,4
county,42095,446,333551,,80
county,42097,446,78587,,21
county,42099,446,32121,,8
county,42101,446,2159482,,619
county,42103,446,24577,,9
county,42105,446,19675,,6
county,42107,446,115950,,42
county,42109,446,26913,,13
county,42111,446,55840,,21
county,42115,446,,D,
county,42117,446,35684,,13
county,42119,446,,D,
county,42121,446,46923,,15
county,42123,446,,D,
county,42125,446,225090,,60
county,42127,446,,D,
county,42129,446,362820,,120
county,42131,446,29577,,7
county,42133,446,383149,,98
county,44001,446,52573,,13
county,44003,446,277581,,61
county,44005,446,106075,,31
county,44007,446,1007896,,194
county,44009,446,189249,,42
county,45001,446,,D,
county,45003,446,124261,,44
county,45007,446,197483,,57
county,45009,446,15149,,7
county,45011,446,18134,,7
county,45013,446,147367,,52
county,45015,446,135233,,35
county,45019,446,538744,,176
county,45021,446,43648,,18
county,45023,446,10955,,6
county,45025,446,30198,,11
county,45027,446,23426,,7
county,45029,446,32398,,12
county,45031,446,53835,,15
county,45033,446,25656,,9
county,45035,446,122012,,32
county,45037,446,,D,
county,45039,446,,D,
county,45041,446,197595,,72
county,45043,446,69733,,22
county,45045,446,533391,,154
county,45047,446,,D,
county,45049,446,12260,,6
county,45051,446,379154,,126
county,45053,446,13565,,5
county,45055,446,33778,,13
county,45057,446,65410,,21
county,45059,446,33945,,13
county,45061,446,8773,,5
county,45063,446,374191,,103
county,45067,446,28391,,11
county,45069,446,14672,,7
county,45071,446,36282,,14
county,45073,446,69644,,16
county,45075,446,109789,,27
county,45077,446,97782,,29
county,45079,446,479983,,127
county,45081,446,17984,,4
county,45083,446,,D,
county,45085,446,96051,,41
county,45087,446,,D,
county,45089,446,26900,,8
county,45091,446,236539,,58
county,46005,446,,D,
county,46011,446,14054,,9
county,46013,446,,D,
county,46029,446,19336,,9
county,46035,446,20364,,6
county,46065,446,12391,,5
county,46067,446,7964,,4
county,46081,446,14587,,6
county,46083,446,38734,,13
county,46093,446,,D,
county,46099,446,171432,,46
county,46103,446,88555,,37
county,46127,446,,D,
county,46135,446,14054,,6
county,47001,446,100988,,29
county,47003,446,29023,,8
county,47005,446,9423,,4
county,47007,446,6656,,3
county,47009,446,141356,,30
county,47011,446,113164,,38
county,47013,446,61139,,16
county,47015,446,13875,,5
county,47017,446,,D,
county,47019,446,52226,,13
county,47021,446,22307,,5
county,47023,446,11206,,4
county,47025,446,36594,,11
county,47027,446,10119,,4
county,47029,446,46356,,9
county,47031,446,59528,,20
county,47033,446,8729,,4
county,47035,446,,D,
county,47037,446,915424,,207
county,47039,446,11210,,4
county,47041,446,15900,,7
county,47043,446,41298,,15
county,47045,446,41532,,14
county,47047,446,19011,,6
county,47049,446,22050,,6
county,47051,446,31651,,10
county,47053,446,46041,,18
county,47055,446,24310,,4
county,47057,446,15025,,4
county,47059,446,75392,,19
county,47061,446,10013,,4
county,47063,446,104144,,29
county,47065,446,477695,,130
county,47069,446,,D,
county,47071,446,35943,,13
county,47073,446,51044,,15
county,47075,446,10319,,6
county,47077,446,29526,,9
county,47079,446,31281,,11
county,47081,446,10949,,5
county,47085,446,12937,,4
county,47089,446,42432,,5
county,47091,446,15813,,4
county,47093,446,529048,,142
county,47097,446,16015,,5
county,47099,446,35123,,15
county,47103,446,,D,
county,47105,446,40330,,10
county,47107,446,53915,,17
county,47109,446,20733,,9
county,47111,446,9392,,4
county,47113,446,119024,,39
county,47115,446,34410,,7
county,47117,446,18824,,6
county,47119,446,91364,,28
county,47123,446,44879,,10
county,47125,446,,D,
county,47129,446,11394,,4
county,47131,446,,D,
county,47133,446,,D,
county,47139,446,14280,,5
county,47141,446,95404,,33
county,47143,446,28965,,9
county,47145,446,33558,,10
county,47147,446,60264,,17
county,47149,446,285721,,92
county,47151,446,25251,,8
county,47155,446,112573,,44
county,47157,446,1009954,,261
county,47159,446,14342,,3
county,47161,446,8342,,3
county,47163,446,222122,,58
county,47165,446,143729,,42
county,47167,446,42879,,15
county,47169,446,10277,,3
county,47171,446,18573,,6
county,47173,446,13397,,3
county,47177,446,31196,,13
county,47179,446,163038,,52
county,47181,446,12878,,5
county,47183,446,18198,,7
county,47185,446,19397,,5
county,47187,446,274224,,69
county,47189,446,102116,,34
county,48001,446,34365,,9
county,48003,446,,D,
county,48005,446,81171,,23
county,48007,446,,D,
county,48013,446,26390,,11
county,48015,446,,D,
county,48021,446,51222,,13
county,48025,446,19316,,10
county,48027,446,125377,,56
county,48029,446,1968847,,528
county,48037,446,80254,,23
county,48039,446,283603,,86
county,48041,446,143418,,41
county,48043,446,4520,,3
county,48049,446,60263,,17
county,48053,446,31470,,11
county,48055,446,14836,,7
county,48057,446,13569,,4
county,48061,446,311747,,116
county,48063,446,9056,,3
county,48067,446,16561,,6
county,48071,446,,D,
county,48073,446,25152,,8
county,48085,446,880021,,306
county,48089,446,4867,,4
county,48091,446,152128,,33
county,48097,446,,D,
county,48099,446,29776,,9
county,48113,446,2579071,,743
county,48117,446,26415,,6
county,48121,446,721577,,169
county,48123,446,9672,,4
county,48133,446,,D,
county,48135,446,144472,,44
county,48139,446,116147,,31
county,48141,446,625909,,210
county,48143,446,27325,,9
county,48145,446,4062,,3
county,48147,446,,D,
county,48149,446,7661,,3
county,48157,446,625400,,177
county,48159,446,,D,
county,48163,446,3528,,3
county,48165,446,4310,,3
county,48167,446,277454,,73
county,48171,446,19793,,9
county,48179,446,5408,,5
county,48181,446,95015,,33
county,48183,446,170334,,49
county,48187,446,62763,,14
county,48189,446,12798,,7
county,48193,446,8088,,4
county,48199,446,37289,,7
county,48201,446,4872932,,1330
county,48203,446,29101,,12
county,48209,446,167744,,58
county,48213,446,48594,,17
county,48215,446,653863,,268
county,48217,446,16559,,8
county,48219,446,7048,,3
county,48221,446,34459,,8
county,48223,446,25506,,10
county,48227,446,3760,,6
county,48231,446,36665,,13
county,48233,446,8615,,4
county,48241,446,22164,,10
county,48245,446,283301,,92
county,48249,446,34006,,8
county,48251,446,107237,,25
county,48255,446,2619,,3
county,48257,446,57123,,15
county,48259,446,37278,,13
county,48265,446,45110,,17
county,48273,446,21793,,11
county,48277,446,35671,,15
county,48281,446,8583,,3
county,48291,446,,D,
county,48293,446,12308,,6
county,48299,446,13588,,6
county,48303,446,507609,,87
county,48309,446,139350,,53
county,48321,446,29083,,10
county,48323,446,23189,,12
county,48325,446,4037,,4
county,48329,446,141867,,40
county,48337,446,11876,,5
county,48339,446,474680,,136
county,48341,446,9021,,3
county,48347,446,42745,,9
county,48349,446,,D,
county,48355,446,292133,,102
county,48361,446,84878,,22
county,48363,446,,D,
county,48365,446,,D,
county,48367,446,84736,,22
county,48371,446,7866,,5
county,48373,446,24245,,7
county,48375,446,118842,,41
county,48381,446,,D,
county,48395,446,5977,,3
county,48397,446,95905,,28
county,48401,446,,D,
county,48409,446,,D,
county,48419,446,10147,,4
county,48423,446,217902,,68
county,48427,446,40680,,18
county,48439,446,2766144,,566
county,48441,446,137674,,45
county,48445,446,7444,,4
county,48449,446,30826,,8
county,48451,446,89184,,28
county,48453,446,998803,,282
county,48459,446,,D,
county,48463,446,12346,,6
county,48465,446,11609,,7
county,48467,446,23125,,8
county,48469,446,91855,,29
county,48471,446,,D,
county,48477,446,26521,,8
county,48479,446,141208,,83
county,48481,446,16740,,6
county,48485,446,,D,
county,48491,446,513362,,129
county,48493,446,,D,
county,48497,446,,D,
county,48499,446,24766,,7
county,48503,446,9636,,4
county,49003,446,,D,
county,49005,446,,D,
county,49011,446,168774,,86
county,49021,446,21429,,7
county,49029,446,,D,
county,49035,446,769038,,280
county,49037,446,4024,,3
county,49039,446,5668,,3
county,49041,446,3769,,3
county,49043,446,20318,,18
county,49045,446,34167,,7
county,49047,446,10899,,5
county,49049,446,269317,,113
county,49051,446,,D,
county,49053,446,100459,,40
county,49057,446,118767,,60
county,50001,446,,D,
county,50003,446,45840,,14
county,50005,446,38892,,7
county,50007,446,164358,,55
county,50011,446,,D,
county,50015,446,,D,
county,50017,446,,D,
county,50019,446,,D,
county,50021,446,84102,,20
county,50023,446,64107,,17
county,50025,446,52417,,10
county,50027,446,46214,,13
county,51001,446,20206,,7
county,51003,446,51686,,20
county,51005,446,,D,
county,51009,446,,D,
county,51011,446,,D,
county,51013,446,279300,,72
county,51015,446,23239,,10
county,51019,446,38933,,13
county,51023,446,10927,,5
county,51027,446,29395,,10
county,51031,446,50565,,12
county,51035,446,20265,,8
county,51041,446,320484,,77
county,51047,446,32969,,12
county,51051,446,21787,,7
county,51053,446,22203,,4
county,51057,446,6731,,3
county,51059,446,881246,,278
county,51061,446,63538,,16
county,51065,446,9511,,3
county,51067,446,,D,
county,51069,446,,D,
county,51073,446,26720,,9
county,51075,446,5162,,3
county,51083,446,61666,,6
county,51085,446,141904,,33
county,51087,446,403998,,121
county,51093,446,,D,
county,51095,446,45991,,26
county,51101,446,12098,,3
county,51103,446,15098,,7
county,51105,446,19567,,5
county,51107,446,341704,,77
county,51109,446,19444,,4
county,51117,446,25534,,8
county,51121,446,92196,,24
county,51131,446,14997,,5
county,51133,446,,D,
county,51135,446,6883,,4
county,51137,446,25449,,6
county,51143,446,15471,,3
county,51147,446,33268,,9
county,51149,446,7583,,5
county,51153,446,259677,,92
county,51155,446,35211,,11
county,51161,446,74292,,24
county,51165,446,25897,,8
county,51167,446,24515,,7
county,51169,446,21215,,5
county,51171,446,24556,,9
county,51173,446,33851,,12
county,51177,446,113563,,32
county,51179,446,92662,,18
county,51185,446,52470,,18
county,51187,446,28472,,12
county,51191,446,46713,,14
county,51195,446,42470,,14
county,51197,446,25387,,9
county,51199,446,42296,,11
county,51510,446,146306,,39
county,51520,446,26102,,14
county,51540,446,73260,,20
county,51550,446,191187,,69
county,51570,446,55902,,20
county,51590,446,76204,,25
county,51595,446,16845,,5
county,51600,446,98117,,31
county,51610,446,34967,,12
county,51620,446,11463,,5
county,51630,446,40018,,19
county,51640,446,18468,,4
county,51650,446,116767,,48
county,51660,446,59964,,25
county,51670,446,33491,,5
county,51678,446,23570,,6
county,51680,446,68913,,27
county,51683,446,51855,,12
county,51690,446,,D,
county,51700,446,136917,,63
county,51710,446,190838,,82
county,51720,446,13900,,6
county,51730,446,,D,
county,51740,446,82584,,23
county,51760,446,223626,,59
county,51770,446,116971,,43
county,51775,446,37925,,17
county,51790,446,29541,,11
county,51800,446,71013,,20
county,51810,446,365439,,123
county,51820,446,33086,,12
county,51830,446,38042,,9
county,51840,446,60863,,24
county,53003,446,18410,,7
county,53005,446,123481,,49
county,53007,446,35759,,15
county,53009,446,52918,,17
county,53011,446,221265,,73
county,53015,446,47048,,18
county,53017,446,10153,,4
county,53021,446,53490,,10
county,53025,446,37181,,11
county,53027,446,49857,,15
county,53029,446,46009,,15
county,53033,446,1739497,,558
county,53035,446,144441,,60
county,53037,446,12126,,8
county,53039,446,5681,,3
county,53041,446,44891,,14
county,53043,446,5593,,3
county,53045,446,13760,,7
county,53047,446,21885,,10
county,53049,446,17800,,6
county,53053,446,517578,,169
county,53055,446,8002,,4
county,53057,446,69154,,29
county,53061,446,567391,,175
county,53063,446,382686,,120
county,53065,446,,D,
county,53067,446,151096,,59
county,53071,446,,D,
county,53073,446,164342,,56
county,53075,446,23816,,7
county,53077,446,102396,,38
county,54003,446,86208,,20
county,54005,446,25816,,9
county,54007,446,17612,,4
county,54009,446,30556,,8
county,54011,446,147006,,51
county,54015,446,8574,,3
county,54019,446,27975,,11
county,54023,446,,D,
county,54025,446,38412,,15
county,54027,446,,D,
county,54029,446,25186,,11
county,54033,446,,D,
county,54035,446,18583,,7
county,54037,446,,D,
county,54039,446,329907,,80
county,54041,446,14081,,5
county,54043,446,15582,,5
county,54045,446,60713,,16
county,54047,446,27443,,7
county,54049,446,62343,,19
county,54051,446,35087,,6
county,54053,446,17825,,3
county,54055,446,75449,,23
county,54057,446,25796,,9
county,54059,446,23529,,7
county,54061,446,97976,,34
county,54065,446,,D,
county,54067,446,33190,,10
county,54069,446,49180,,14
county,54077,446,20608,,8
county,54079,446,68558,,19
county,54081,446,129749,,47
county,54083,446,24649,,10
county,54085,446,11030,,4
county,54087,446,10302,,4
county,54097,446,16107,,5
county,54099,446,37524,,14
county,54101,446,,D,
county,54103,446,10963,,4
county,54107,446,,D,
county,54109,446,34907,,9
county,55003,446,15954,,5
county,55005,446,44295,,17
county,55007,446,1149,,4
county,55009,446,245519,,64
county,55013,446,11823,,4
county,55015,446,,D,
county,55017,446,26309,,9
county,55021,446,64168,,17
county,55023,446,,D,
county,55025,446,598380,,148
county,55027,446,39510,,14
county,55029,446,18608,,10
county,55031,446,28442,,7
county,55033,446,19341,,4
county,55035,446,113727,,32
county,55039,446,106414,,25
county,55043,446,25917,,7
county,55045,446,,D,
county,55047,446,7982,,3
county,55049,446,,D,
county,55055,446,53581,,14
county,55057,446,20503,,5
county,55059,446,162422,,39
county,55063,446,,D,
county,55067,446,23676,,3
county,55069,446,17255,,5
county,55071,446,49743,,14
county,55073,446,86891,,27
county,55075,446,32243,,13
county,55079,446,1126474,,254
county,55081,446,14632,,4
county,55083,446,,D,
county,55085,446,26811,,9
county,55087,446,188805,,48
county,55089,446,70825,,23
county,55093,446,7765,,4
county,55095,446,15541,,5
county,55097,446,36456,,12
county,55099,446,7589,,4
county,55101,446,192480,,37
county,55105,446,176923,,43
county,55109,446,35678,,12
county,55111,446,81703,,24
county,55113,446,10996,,5
county,55115,446,29227,,10
county,55117,446,79890,,31
county,55121,446,13570,,6
county,55123,446,20530,,5
county,55125,446,,D,
county,55127,446,70900,,13
county,55129,446,,D,
county,55131,446,95495,,25
county,55133,446,475001,,115
county,55135,446,37684,,13
county,55139,446,132165,,37
county,55141,446,46512,,16
county,56001,446,12160,,5
county,56005,446,26078,,10
county,56013,446,,D,
county,56021,446,58805,,25
county,56025,446,56594,,21
county,56029,446,17404,,6
county,56033,446,18872,,7
county,56037,446,10893,,5
county,56039,446,,D,
county,56041,446,811,,3
county,56043,446,,D,
county,01001,447,77996,,33
county,01003,447,462794,,119
county,01005,447,41833,,21
county,01007,447,22974,,13
county,01009,447,65454,,28
county,01011,447,22928,,6
county,01013,447,44914,,22
county,01015,447,188351,,79
county,01017,447,61867,,25
county,01019,447,38688,,18
county,01021,447,131400,,35
county,01023,447,24998,,14
county,01025,447,55024,,15
county,01027,447,17906,,8
county,01029,447,29402,,12
county,01031,447,91335,,30
county,01033,447,143174,,49
county,01035,447,70978,,16
county,01037,447,11214,,8
county,01039,447,97540,,36
county,01041,447,22277,,6
county,01043,447,126513,,55
county,01045,447,99705,,31
county,01047,447,43712,,26
county,01049,447,112399,,53
county,01051,447,108407,,58
county,01053,447,71038,,28
county,01055,447,154866,,76
county,01057,447,17834,,8
county,01059,447,39473,,21
county,01061,447,38913,,18
county,01063,447,12091,,10
county,01065,447,13775,,9
county,01067,447,21410,,9
county,01069,447,221856,,75
county,01071,447,67821,,38
county,01073,447,978111,,432
county,01075,447,27332,,12
county,01077,447,117025,,52
county,01079,447,50394,,24
county,01081,447,224531,,72
county,01083,447,117112,,64
county,01085,447,59982,,11
county,01087,447,85183,,14
county,01089,447,444645,,205
county,01091,447,49992,,19
county,01093,447,46889,,25
county,01095,447,132915,,67
county,01097,447,753770,,242
county,01099,447,32869,,16
county,01101,447,336804,,157
county,01103,447,295645,,103
county,01105,447,8749,,8
county,01107,447,12929,,9
county,01109,447,68249,,22
county,01111,447,44481,,18
county,01113,447,109761,,35
county,01115,447,214110,,55
county,01117,447,364592,,115
county,01119,447,21122,,17
county,01121,447,217628,,78
county,01123,447,68131,,35
county,01125,447,416920,,124
county,01127,447,124974,,46
county,01129,447,18937,,9
county,01131,447,18519,,12
county,01133,447,24174,,17
county,02020,447,270041,,51
county,02050,447,16058,,7
county,02070,447,2975,,3
county,02090,447,94324,,27
county,02110,447,6580,,5
county,02122,447,64143,,20
county,02130,447,10199,,5
county,02158,447,,D,
county,02170,447,96313,,17
county,02185,447,33133,,3
county,02198,447,6943,,3
county,02240,447,21774,,7
county,02261,447,13644,,8
county,02290,447,10063,,10
county,04001,447,143187,,39
county,04003,447,232956,,65
county,04005,447,352291,,77
county,04007,447,95483,,30
county,04009,447,52439,,16
county,04011,447,26035,,6
county,04012,447,285833,,22
county,04013,447,5014662,,787
county,04015,447,637098,,93
county,04017,447,317650,,55
county,04019,447,1088947,,230
county,04021,447,538593,,77
county,04023,447,103563,,18
county,04025,447,274699,,85
county,04027,447,325500,,64
county,05001,447,45971,,16
county,05003,447,45232,,15
county,05005,447,51240,,16
county,05007,447,299416,,76
county,05009,447,92085,,23
county,05011,447,21980,,7
county,05013,447,5686,,3
county,05015,447,35275,,18
county,05017,447,21230,,8
county,05019,447,100343,,13
county,05021,447,17056,,8
county,05023,447,39165,,14
county,05025,447,4449,,6
county,05027,447,32052,,17
county,05029,447,49016,,13
county,05031,447,193679,,46
county,05033,447,85873,,24
county,05035,447,285014,,34
county,05037,447,29736,,12
county,05039,447,13732,,9
county,05041,447,21388,,8
county,05043,447,,D,
county,05045,447,167900,,49
county,05047,447,72615,,13
county,05049,447,14287,,5
county,05051,447,122498,,49
county,05053,447,31622,,13
county,05055,447,71273,,19
county,05057,447,36920,,15
county,05059,447,49141,,17
county,05061,447,28696,,13
county,05063,447,65670,,22
county,05065,447,14585,,7
county,05067,447,33189,,11
county,05069,447,79747,,52
county,05071,447,35522,,14
county,05073,447,9598,,5
county,05075,447,32573,,10
county,05079,447,37926,,10
county,05081,447,35072,,6
county,05083,447,26967,,16
county,05085,447,95018,,33
county,05087,447,23558,,8
county,05089,447,15085,,4
county,05091,447,141022,,28
county,05093,447,95433,,24
county,05095,447,11908,,6
county,05097,447,7475,,6
county,05099,447,78170,,7
county,05101,447,2995,,4
county,05103,447,52661,,20
county,05105,447,9795,,5
county,05107,447,37791,,10
county,05109,447,23616,,8
county,05111,447,54124,,21
county,05113,447,31144,,11
county,05115,447,153115,,33
county,05117,447,21182,,9
county,05119,447,769917,,212
county,05121,447,22463,,10
county,05123,447,98428,,17
county,05125,447,178062,,41
county,05127,447,14980,,7
county,05129,447,10111,,8
county,05131,447,246133,,70
county,05133,447,52325,,15
county,05135,447,28774,,10
county,05137,447,12348,,5
county,05139,447,102352,,31
county,05141,447,31263,,10
county,05143,447,332265,,70
county,05145,447,176057,,46
county,05147,447,,D,
county,05149,447,27034,,13
county,06001,447,1555939,,300
county,06005,447,,D,
county,06007,447,286501,,65
county,06009,447,93853,,21
county,06011,447,45235,,13
county,06013,447,1144679,,213
county,06015,447,26396,,7
county,06017,447,227453,,51
county,06019,447,1007408,,235
county,06021,447,84938,,12
county,06023,447,262952,,66
county,06025,447,186735,,54
county,06027,447,56725,,18
county,06029,447,1545288,,270
county,06031,447,158462,,36
county,06033,447,110697,,23
county,06035,447,37119,,18
county,06037,447,10216310,,1712
county,06039,447,277139,,52
county,06041,447,231855,,38
county,06043,447,,D,
county,06045,447,117862,,35
county,06047,447,483685,,71
county,06049,447,6054,,4
county,06051,447,35681,,12
county,06053,447,709550,,120
county,06055,447,172973,,30
county,06057,447,171984,,29
county,06059,447,3700252,,562
county,06061,447,584288,,118
county,06063,447,36237,,15
county,06065,447,2779683,,407
county,06067,447,1612844,,315
county,06069,447,36233,,11
county,06071,447,3149090,,463
county,06073,447,3476409,,619
county,06075,447,550651,,83
county,06077,447,1004862,,161
county,06079,447,422242,,82
county,06081,447,747607,,136
county,06083,447,396953,,87
county,06085,447,1693868,,320
county,06087,447,252620,,54
county,06089,447,361194,,85
county,06093,447,149608,,34
county,06095,447,517719,,104
county,06097,447,537228,,107
county,06099,447,739484,,142
county,06101,447,144015,,37
county,06103,447,209777,,35
county,06105,447,21639,,11
county,06107,447,646690,,155
county,06109,447,70451,,19
county,06111,447,901655,,161
county,06113,447,314669,,47
county,06115,447,103431,,23
county,08001,447,765487,,161
county,08003,447,26670,,8
county,08005,447,610734,,169
county,08007,447,20626,,6
county,08009,447,17890,,5
county,08011,447,8853,,3
county,08013,447,229614,,64
county,08014,447,85296,,13
county,08015,447,57800,,15
county,08017,447,,D,
county,08019,447,49888,,11
county,08021,447,6923,,3
county,08023,447,6767,,4
county,08027,447,,D,
county,08029,447,48249,,14
county,08031,447,622900,,192
county,08035,447,374423,,63
county,08037,447,74795,,20
county,08039,447,17306,,6
county,08041,447,773557,,217
county,08043,447,115687,,17
county,08045,447,273085,,29
county,08049,447,26469,,7
county,08051,447,19441,,6
county,08055,447,,D,
county,08057,447,9945,,3
county,08059,447,509717,,150
county,08061,447,25659,,4
county,08063,447,65767,,12
county,08065,447,15870,,7
county,08067,447,96275,,24
county,08069,447,385883,,101
county,08071,447,,D,
county,08073,447,90494,,11
county,08075,447,62019,,15
county,08077,447,248227,,51
county,08081,447,30043,,8
county,08083,447,44872,,14
county,08085,447,49747,,14
county,08087,447,56937,,13
county,08089,447,39232,,11
county,08093,447,,D,
county,08097,447,20468,,6
county,08099,447,48197,,13
county,08101,447,296867,,59
county,08103,447,26269,,7
county,08105,447,43803,,8
county,08107,447,47078,,10
county,08109,447,6532,,5
county,08113,447,9726,,4
county,08117,447,71296,,16
county,08119,447,51973,,10
county,08121,447,17473,,4
county,08123,447,421215,,95
county,08125,447,16593,,7
county,09001,447,1027313,,262
county,09003,447,908500,,247
county,09005,447,249690,,79
county,09007,447,207674,,58
county,09009,447,985069,,267
county,09011,447,306895,,96
county,09013,447,192572,,45
county,09015,447,115073,,42
county,10001,447,344872,,50
county,10003,447,829261,,129
county,10005,447,521781,,77
county,11001,447,186807,,84
county,12001,447,396182,,106
county,12003,447,57414,,18
county,12005,447,305625,,100
county,12007,447,51090,,16
county,12009,447,836343,,261
county,12011,447,1798081,,509
county,12013,447,11102,,3
county,12015,447,304533,,58
county,12017,447,186740,,51
county,12019,447,235294,,58
county,12021,447,418558,,101
county,12023,447,158502,,53
county,12027,447,37531,,8
county,12029,447,18771,,9
county,12031,447,1432721,,296
county,12033,447,447887,,121
county,12035,447,137496,,27
county,12037,447,12815,,6
county,12039,447,126892,,30
county,12041,447,23344,,9
county,12043,447,20337,,4
county,12045,447,17006,,8
county,12047,447,151326,,17
county,12049,447,37758,,13
county,12051,447,41000,,21
county,12053,447,251163,,59
county,12055,447,131925,,42
county,12057,447,1705885,,515
county,12059,447,32931,,11
county,12061,447,198039,,57
county,12063,447,191003,,35
county,12065,447,22899,,14
county,12067,447,,D,
county,12069,447,496986,,119
county,12071,447,1035190,,239
county,12073,447,342313,,107
county,12075,447,61574,,26
county,12077,447,,D,
county,12079,447,85195,,16
county,12081,447,537644,,110
county,12083,447,676323,,160
county,12085,447,236203,,56
county,12086,447,1885386,,592
county,12087,447,164929,,46
county,12089,447,77456,,20
county,12091,447,318513,,97
county,12093,447,155454,,18
county,12095,447,1993413,,522
county,12097,447,597812,,126
county,12099,447,1478928,,345
county,12101,447,613612,,157
county,12103,447,981708,,304
county,12105,447,987676,,243
county,12107,447,114736,,34
county,12109,447,462162,,61
county,12111,447,486254,,92
county,12113,447,254710,,51
county,12115,447,477351,,101
county,12117,447,597093,,156
county,12119,447,266562,,36
county,12121,447,99599,,31
county,12123,447,80472,,22
county,12125,447,19616,,6
county,12127,447,846350,,225
county,12129,447,56724,,11
county,12131,447,183349,,35
county,12133,447,38875,,12
county,13001,447,41021,,16
county,13003,447,16274,,6
county,13005,447,29172,,11
county,13009,447,68135,,28
county,13011,447,66539,,8
county,13013,447,92526,,42
county,13015,447,323611,,68
county,13017,447,44051,,16
county,13019,447,20391,,14
county,13021,447,285641,,116
county,13023,447,17756,,11
county,13025,447,32252,,14
county,13027,447,,D,
county,13029,447,139467,,28
county,13031,447,128714,,50
county,13033,447,38251,,14
county,13035,447,206743,,21
county,13037,447,2090,,3
county,13039,447,194026,,40
county,13043,447,43229,,16
county,13045,447,286901,,87
county,13047,447,103114,,33
county,13049,447,25670,,8
county,13051,447,482265,,149
county,13055,447,29892,,17
county,13057,447,290226,,70
county,13059,447,179706,,64
county,13063,447,463816,,127
county,13065,447,10480,,9
county,13067,447,1123418,,217
county,13069,447,91844,,36
county,13071,447,73564,,32
county,13073,447,178379,,42
county,13075,447,59609,,18
county,13077,447,216363,,51
county,13079,447,6858,,7
county,13081,447,77129,,21
county,13083,447,78699,,22
county,13085,447,43968,,13
county,13087,447,64686,,21
county,13089,447,1129777,,281
county,13091,447,30102,,12
county,13093,447,48009,,14
county,13095,447,178262,,78
county,13097,447,259273,,62
county,13099,447,21985,,13
county,13103,447,83573,,27
county,13105,447,12005,,16
county,13107,447,39472,,17
county,13109,447,21691,,13
county,13111,447,29765,,16
county,13113,447,135601,,39
county,13115,447,118724,,61
county,13117,447,260997,,64
county,13119,447,103203,,18
county,13121,447,1260342,,330
county,13123,447,31981,,16
county,13127,447,214503,,45
county,13129,447,148590,,37
county,13131,447,50307,,16
county,13133,447,61688,,19
county,13135,447,1374100,,309
county,13137,447,68025,,35
county,13139,447,317420,,97
county,13141,447,9008,,10
county,13143,447,125731,,28
county,13145,447,38243,,16
county,13147,447,30539,,16
county,13149,447,11670,,9
county,13151,447,344550,,97
county,13153,447,201265,,93
county,13155,447,10452,,6
county,13157,447,175557,,36
county,13159,447,23308,,7
county,13161,447,31047,,12
county,13163,447,50366,,19
county,13165,447,12769,,5
county,13167,447,18334,,6
county,13169,447,23102,,11
county,13171,447,13159,,9
county,13173,447,9138,,4
county,13175,447,172377,,48
county,13177,447,32493,,13
county,13179,447,91512,,43
county,13181,447,12687,,4
county,13183,447,9300,,6
county,13185,447,285549,,84
county,13187,447,22893,,10
county,13189,447,90094,,21
county,13191,447,31027,,12
county,13193,447,4326,,7
county,13195,447,37025,,19
county,13197,447,,D,
county,13199,447,18636,,14
county,13201,447,11921,,4
county,13205,447,34139,,17
county,13207,447,42505,,19
county,13209,447,13811,,8
county,13211,447,84395,,14
county,13213,447,36194,,22
county,13215,447,298646,,95
county,13217,447,127698,,49
county,13219,447,70625,,13
county,13221,447,8989,,4
county,13223,447,142965,,42
county,13225,447,88304,,22
county,13227,447,64351,,13
county,13229,447,26044,,15
county,13231,447,9366,,9
county,13233,447,48600,,25
county,13235,447,11911,,9
county,13237,447,47161,,20
county,13239,447,9844,,6
county,13241,447,36766,,12
county,13243,447,7576,,6
county,13245,447,345464,,111
county,13247,447,147752,,43
county,13249,447,2785,,3
county,13251,447,18729,,14
county,13253,447,8303,,9
county,13255,447,75456,,39
county,13257,447,35931,,18
county,13259,447,7966,,3
county,13261,447,43507,,26
county,13267,447,29170,,23
county,13269,447,10324,,4
county,13271,447,22270,,9
county,13273,447,13633,,8
county,13275,447,96715,,36
county,13277,447,215391,,41
county,13279,447,65385,,26
county,13281,447,18811,,9
county,13283,447,14471,,9
county,13285,447,168719,,53
county,13287,447,13432,,15
county,13289,447,15936,,6
county,13291,447,39324,,18
county,13293,447,30510,,18
county,13295,447,72304,,40
county,13297,447,103900,,41
county,13299,447,87014,,34
county,13301,447,3461,,4
county,13303,447,36927,,15
county,13305,447,60560,,23
county,13309,447,9676,,6
county,13311,447,41064,,16
county,13313,447,217499,,64
county,13315,447,4646,,5
county,13317,447,16398,,9
county,13319,447,11425,,9
county,13321,447,20218,,12
county,15001,447,280887,,56
county,15003,447,693612,,141
county,15007,447,73724,,16
county,15009,447,189297,,36
county,16001,447,599756,,112
county,16003,447,11104,,4
county,16005,447,170545,,34
county,16007,447,13527,,6
county,16009,447,25940,,6
county,16011,447,62552,,20
county,16013,447,,D,
county,16015,447,,D,
county,16017,447,89602,,26
county,16019,447,237015,,49
county,16021,447,39915,,7
county,16023,447,7011,,3
county,16027,447,353985,,58
county,16029,447,15944,,5
county,16031,447,69251,,22
county,16035,447,17333,,6
county,16037,447,14571,,8
county,16039,447,88557,,13
county,16041,447,19428,,7
county,16043,447,21395,,6
county,16045,447,,D,
county,16047,447,34278,,8
county,16049,447,21780,,10
county,16051,447,40255,,9
county,16053,447,109733,,14
county,16055,447,336577,,63
county,16057,447,35909,,16
county,16059,447,18547,,7
county,16065,447,41439,,10
county,16067,447,68963,,12
county,16069,447,,D,
county,16071,447,16060,,4
county,16073,447,,D,
county,16075,447,,D,
county,16079,447,24418,,12
county,16081,447,18218,,5
county,16083,447,172899,,38
county,16085,447,29388,,11
county,16087,447,,D,
county,17001,447,62197,,28
county,17003,447,5285,,4
county,17005,447,54207,,9
county,17007,447,115846,,21
county,17009,447,10123,,3
county,17011,447,,D,
county,17015,447,30760,,11
county,17017,447,27673,,11
county,17019,447,266814,,64
county,17021,447,71767,,23
county,17023,447,40688,,9
county,17025,447,26106,,9
county,17027,447,54600,,18
county,17029,447,82113,,19
county,17031,447,3682125,,1049
county,17033,447,37800,,11
county,17035,447,45865,,8
county,17037,447,164374,,40
county,17039,447,33368,,7
county,17041,447,52251,,14
county,17043,447,1392483,,245
county,17045,447,32247,,10
county,17047,447,13820,,5
county,17049,447,253690,,22
county,17051,447,48834,,11
county,17053,447,26564,,9
county,17055,447,75149,,22
county,17057,447,57302,,20
county,17061,447,26547,,10
county,17063,447,221515,,22
county,17065,447,11883,,5
county,17067,447,29777,,16
county,17069,447,5623,,3
county,17071,447,8132,,6
county,17073,447,137798,,34
county,17075,447,105444,,17
county,17077,447,78626,,25
county,17079,447,19539,,6
county,17081,447,178499,,19
county,17083,447,27265,,8
county,17085,447,41662,,14
county,17087,447,39188,,8
county,17089,447,673087,,126
county,17091,447,219153,,45
county,17093,447,152342,,26
county,17095,447,97015,,25
county,17097,447,1062710,,195
county,17099,447,335028,,57
county,17101,447,21628,,6
county,17103,447,75342,,20
county,17105,447,88970,,23
county,17107,447,72993,,11
county,17109,447,34891,,12
county,17111,447,344673,,74
county,17113,447,360072,,69
county,17115,447,214938,,50
county,17117,447,75570,,27
county,17119,447,532167,,99
county,17121,447,62294,,17
county,17123,447,,D,
county,17125,447,37088,,10
county,17127,447,16159,,5
county,17129,447,17734,,6
county,17131,447,27339,,13
county,17133,447,63941,,14
county,17135,447,83161,,28
county,17137,447,72621,,22
county,17139,447,32563,,9
county,17141,447,136302,,31
county,17143,447,242937,,68
county,17145,447,27114,,8
county,17147,447,23318,,8
county,17149,447,37615,,14
county,17153,447,4818,,4
county,17157,447,53784,,18
county,17159,447,29937,,5
county,17161,447,175712,,68
county,17163,447,444615,,107
county,17165,447,70646,,20
county,17167,447,344985,,64
county,17169,447,9164,,5
county,17171,447,5271,,3
county,17173,447,38830,,15
county,17177,447,68129,,21
county,17179,447,223882,,57
county,17181,447,20133,,7
county,17183,447,176516,,35
county,17185,447,16013,,5
county,17187,447,43668,,8
county,17189,447,43557,,11
county,17191,447,28924,,10
county,17193,447,35675,,11
county,17195,447,77232,,24
county,17197,447,1174161,,179
county,17199,447,154292,,32
county,17201,447,613906,,117
county,17203,447,53000,,19
county,18001,447,51538,,17
county,18003,447,699414,,139
county,18005,447,173368,,33
county,18007,447,19699,,6
county,18009,447,21113,,8
county,18011,447,187148,,21
county,18013,447,14034,,5
county,18015,447,19768,,8
county,18017,447,50974,,17
county,18019,447,229069,,41
county,18021,447,101259,,17
county,18023,447,69697,,15
county,18025,447,50453,,9
county,18027,447,91268,,13
county,18029,447,79923,,21
county,18031,447,86768,,14
county,18033,447,68490,,19
county,18035,447,205963,,61
county,18037,447,84077,,24
county,18039,447,356716,,92
county,18041,447,23246,,9
county,18043,447,106511,,22
county,18045,447,36200,,12
county,18047,447,27918,,12
county,18049,447,81635,,14
county,18051,447,186102,,22
county,18053,447,168642,,50
county,18055,447,44634,,14
county,18057,447,338376,,60
county,18059,447,145760,,19
county,18061,447,46494,,15
county,18063,447,271336,,38
county,18065,447,204764,,29
county,18067,447,135901,,41
county,18069,447,69304,,24
county,18071,447,106788,,26
county,18073,447,200863,,22
county,18075,447,34828,,10
county,18077,447,35857,,9
county,18079,447,19449,,7
county,18081,447,273114,,43
county,18083,447,77574,,20
county,18085,447,131125,,34
county,18087,447,54716,,17
county,18089,447,1347802,,208
county,18091,447,224618,,62
county,18093,447,75768,,28
county,18095,447,236039,,56
county,18097,447,1408400,,332
county,18099,447,130004,,21
county,18101,447,22506,,6
county,18103,447,68084,,17
county,18105,447,142310,,40
county,18107,447,101005,,26
county,18109,447,106097,,34
county,18111,447,29052,,9
county,18113,447,66951,,22
county,18117,447,32415,,9
county,18119,447,27289,,8
county,18121,447,36470,,9
county,18123,447,30639,,11
county,18125,447,23847,,9
county,18127,447,345230,,58
county,18129,447,50778,,12
county,18131,447,43302,,9
county,18133,447,62038,,17
county,18135,447,35819,,11
county,18137,447,58370,,18
county,18139,447,21268,,7
county,18141,447,327952,,101
county,18143,447,59893,,14
county,18145,447,106774,,21
county,18147,447,44888,,13
county,18149,447,25166,,9
county,18151,447,192744,,28
county,18153,447,32267,,9
county,18155,447,23199,,6
county,18157,447,230725,,57
county,18159,447,22220,,5
county,18161,447,,D,
county,18163,447,296533,,77
county,18165,447,57041,,12
county,18167,447,200833,,42
county,18169,447,50307,,16
county,18171,447,11132,,5
county,18173,447,86842,,18
county,18175,447,17955,,7
county,18177,447,139358,,32
county,18179,447,30714,,8
county,18181,447,58557,,18
county,18183,447,41057,,17
county,19001,447,21768,,8
county,19005,447,30353,,10
county,19007,447,,D,
county,19009,447,9849,,5
county,19011,447,,D,
county,19013,447,254466,,64
county,19015,447,54520,,12
county,19017,447,63001,,13
county,19019,447,37852,,11
county,19021,447,44459,,13
county,19023,447,32935,,9
county,19025,447,75853,,9
county,19027,447,51437,,18
county,19029,447,29215,,12
county,19031,447,85587,,17
county,19033,447,144375,,26
county,19035,447,18533,,10
county,19037,447,32365,,10
county,19039,447,53083,,6
county,19041,447,,D,
county,19043,447,42042,,16
county,19045,447,110776,,26
county,19047,447,38018,,10
county,19049,447,143210,,37
county,19051,447,12388,,7
county,19053,447,,D,
county,19055,447,30855,,10
county,19057,447,103775,,26
county,19059,447,45182,,17
county,19061,447,188112,,48
county,19063,447,23289,,6
county,19065,447,41991,,19
county,19067,447,55705,,11
county,19069,447,33895,,9
county,19071,447,89772,,10
county,19073,447,22566,,10
county,19075,447,30399,,7
county,19077,447,40164,,7
county,19079,447,89998,,10
county,19081,447,26200,,8
county,19083,447,34781,,14
county,19085,447,52696,,16
county,19087,447,58808,,10
county,19089,447,23185,,6
county,19091,447,24810,,10
county,19093,447,18016,,8
county,19095,447,46537,,14
county,19097,447,45253,,19
county,19099,447,100347,,24
county,19101,447,24779,,11
county,19103,447,183455,,48
county,19105,447,,D,
county,19107,447,21782,,7
county,19109,447,31769,,14
county,19111,447,53225,,21
county,19113,447,,D,
county,19115,447,22230,,7
county,19117,447,28570,,8
county,19119,447,36813,,12
county,19121,447,29820,,9
county,19123,447,36665,,12
county,19125,447,62136,,20
county,19127,447,65099,,18
county,19129,447,24115,,8
county,19131,447,20062,,7
county,19133,447,22354,,8
county,19137,447,23103,,9
county,19139,447,83721,,23
county,19141,447,26961,,14
county,19143,447,,D,
county,19147,447,20674,,7
county,19149,447,75610,,17
county,19151,447,18575,,8
county,19153,447,1054858,,176
county,19155,447,344227,,51
county,19157,447,122978,,16
county,19159,447,22587,,4
county,19161,447,26248,,12
county,19163,447,508994,,88
county,19165,447,27954,,13
county,19167,447,116308,,30
county,19169,447,140326,,34
county,19171,447,46343,,14
county,19173,447,10983,,4
county,19177,447,14357,,9
county,19179,447,65994,,24
county,19181,447,96969,,25
county,19183,447,36164,,14
county,19185,447,20123,,8
county,19187,447,74847,,26
county,19189,447,28628,,8
county,19191,447,37542,,11
county,19193,447,257682,,50
county,19195,447,19279,,6
county,19197,447,27805,,13
county,20001,447,32119,,8
county,20003,447,29889,,4
county,20005,447,18814,,7
county,20007,447,9162,,5
county,20009,447,60006,,15
county,20011,447,,D,
county,20013,447,17064,,6
county,20015,447,113873,,25
county,20017,447,9919,,3
county,20019,447,7752,,3
county,20021,447,20519,,9
county,20027,447,16430,,8
county,20029,447,,D,
county,20031,447,35428,,8
county,20033,447,6190,,4
county,20035,447,42383,,17
county,20037,447,48685,,18
county,20039,447,3190,,3
county,20041,447,32043,,12
county,20043,447,15569,,5
county,20045,447,133684,,25
county,20051,447,78448,,20
county,20053,447,23217,,8
county,20055,447,78380,,16
county,20057,447,80745,,18
county,20059,447,72584,,14
county,20061,447,50918,,15
county,20063,447,66170,,4
county,20065,447,5673,,3
county,20073,447,11179,,6
county,20075,447,13182,,5
county,20077,447,10759,,7
county,20079,447,61871,,14
county,20081,447,10709,,3
county,20085,447,14182,,4
county,20087,447,28984,,10
county,20089,447,4251,,5
county,20091,447,666121,,101
county,20093,447,5482,,3
county,20095,447,17799,,6
county,20099,447,38851,,12
county,20103,447,63030,,18
county,20107,447,29652,,9
county,20111,447,130844,,19
county,20113,447,55711,,13
county,20115,447,14016,,6
county,20117,447,24972,,12
county,20119,447,8898,,6
county,20121,447,36520,,12
county,20123,447,45185,,11
county,20125,447,40652,,19
county,20127,447,6290,,3
county,20131,447,16103,,5
county,20133,447,35866,,8
county,20137,447,17966,,5
county,20139,447,29795,,12
county,20141,447,7638,,4
county,20143,447,6694,,4
county,20147,447,11196,,4
county,20149,447,45640,,14
county,20151,447,27292,,7
county,20153,447,8483,,3
county,20155,447,96701,,32
county,20157,447,23403,,7
county,20159,447,13251,,7
county,20161,447,60140,,22
county,20163,447,26977,,5
county,20165,447,9644,,4
county,20167,447,38519,,10
county,20169,447,169436,,22
county,20171,447,16917,,4
county,20173,447,789736,,120
county,20175,447,53518,,8
county,20177,447,235139,,57
county,20179,447,2741,,3
county,20181,447,29724,,5
county,20183,447,7777,,3
county,20185,447,9931,,4
county,20189,447,10043,,5
county,20191,447,53330,,12
county,20193,447,64378,,6
county,20195,447,24727,,6
county,20197,447,17418,,5
county,20201,447,14172,,9
county,20203,447,4463,,3
county,20205,447,15978,,8
county,20209,447,215389,,50
county,21001,447,36197,,10
county,21003,447,19507,,9
county,21005,447,36683,,12
county,21007,447,10887,,6
county,21009,447,74044,,24
county,21011,447,6831,,7
county,21013,447,38683,,9
county,21015,447,338743,,49
county,21017,447,31615,,9
county,21019,447,109143,,22
county,21021,447,50749,,17
county,21023,447,13049,,6
county,21025,447,,D,
county,21027,447,31330,,8
county,21029,447,213622,,30
county,21031,447,14622,,5
county,21033,447,23897,,9
county,21035,447,103034,,16
county,21037,447,111404,,32
county,21039,447,8951,,5
county,21041,447,21880,,6
county,21043,447,73433,,19
county,21045,447,15573,,9
county,21047,447,191335,,34
county,21049,447,70198,,21
county,21051,447,28923,,12
county,21053,447,18054,,8
county,21055,447,15243,,5
county,21057,447,8435,,5
county,21059,447,181230,,57
county,21061,447,12545,,6
county,21065,447,7043,,5
county,21067,447,385954,,98
county,21069,447,14950,,7
county,21071,447,86681,,25
county,21073,447,80092,,31
county,21075,447,10611,,5
county,21077,447,47850,,5
county,21079,447,24097,,8
county,21081,447,88988,,21
county,21083,447,70917,,21
county,21085,447,55659,,18
county,21087,447,21980,,4
county,21089,447,45392,,17
county,21091,447,12890,,4
county,21093,447,294828,,48
county,21095,447,19094,,11
county,21097,447,31063,,8
county,21099,447,66581,,10
county,21101,447,175348,,28
county,21103,447,120062,,14
county,21105,447,9368,,4
county,21107,447,74901,,23
county,21109,447,5658,,4
county,21111,447,1176934,,226
county,21113,447,89462,,24
county,21115,447,77699,,13
county,21117,447,189018,,45
county,21119,447,19628,,9
county,21121,447,23991,,15
county,21123,447,9535,,5
county,21125,447,197200,,43
county,21127,447,29164,,4
county,21131,447,12541,,7
county,21135,447,10548,,8
county,21137,447,39388,,19
county,21139,447,18283,,8
county,21141,447,45821,,16
county,21143,447,26890,,5
county,21145,447,192349,,30
county,21147,447,13443,,9
county,21149,447,12196,,7
county,21151,447,164088,,44
county,21153,447,13305,,5
county,21155,447,42032,,12
county,21157,447,96089,,13
county,21159,447,50978,,11
county,21161,447,57447,,17
county,21163,447,50123,,19
county,21165,447,5396,,4
county,21167,447,11930,,7
county,21169,447,20927,,5
county,21171,447,28345,,7
county,21173,447,108438,,22
county,21175,447,17584,,5
county,21177,447,51858,,19
county,21179,447,103334,,28
county,21183,447,58352,,17
county,21185,447,80569,,14
county,21191,447,9893,,5
county,21193,447,60411,,20
county,21195,447,170655,,31
county,21197,447,14727,,9
county,21199,447,87185,,43
county,21203,447,10660,,8
county,21205,447,52718,,15
county,21207,447,26648,,15
county,21209,447,142043,,11
county,21211,447,168486,,13
county,21213,447,127536,,11
county,21215,447,43795,,5
county,21217,447,24602,,7
county,21219,447,28071,,6
county,21221,447,31975,,11
county,21223,447,11377,,5
county,21225,447,33748,,13
county,21227,447,164356,,53
county,21229,447,22665,,7
county,21231,447,28179,,9
county,21233,447,23120,,11
county,21235,447,75969,,18
county,21237,447,10187,,5
county,21239,447,58742,,15
county,22001,447,182474,,41
county,22003,447,38950,,16
county,22005,447,238495,,54
county,22007,447,36693,,13
county,22009,447,113088,,38
county,22011,447,67264,,19
county,22013,447,10736,,12
county,22015,447,202009,,39
county,22017,447,551811,,129
county,22019,447,611028,,148
county,22021,447,18731,,5
county,22023,447,20321,,8
county,22025,447,15285,,6
county,22027,447,18627,,9
county,22029,447,35541,,22
county,22031,447,82035,,15
county,22033,447,774139,,201
county,22035,447,,D,
county,22037,447,23216,,13
county,22039,447,36641,,17
county,22041,447,42861,,19
county,22043,447,21648,,9
county,22045,447,95899,,46
county,22047,447,75544,,20
county,22049,447,44721,,17
county,22051,447,695876,,163
county,22053,447,89171,,24
county,22055,447,442717,,129
county,22057,447,273030,,58
county,22059,447,22108,,13
county,22061,447,76606,,27
county,22063,447,290196,,78
county,22065,447,66970,,8
county,22067,447,27070,,13
county,22069,447,140161,,24
county,22071,447,285103,,102
county,22073,447,296731,,91
county,22075,447,33850,,16
county,22077,447,38075,,18
county,22079,447,234607,,96
county,22081,447,3583,,4
county,22083,447,66628,,15
county,22085,447,40159,,12
county,22087,447,72711,,20
county,22089,447,122814,,28
county,22091,447,17779,,8
county,22093,447,51375,,16
county,22095,447,114235,,26
county,22097,447,165221,,51
county,22099,447,158822,,38
county,22101,447,109856,,31
county,22103,447,450072,,108
county,22105,447,375272,,90
county,22107,447,,D,
county,22109,447,206055,,73
county,22111,447,35685,,16
county,22113,447,84357,,28
county,22115,447,69022,,28
county,22117,447,59798,,26
county,22119,447,116797,,36
county,22121,447,165600,,26
county,22123,447,17027,,6
county,22125,447,23144,,9
county,22127,447,15718,,4
county,23001,447,201020,,58
county,23003,447,208246,,68
county,23005,447,506917,,126
county,23007,447,75504,,26
county,23009,447,109260,,28
county,23011,447,270661,,75
county,23013,447,67009,,27
county,23015,447,70395,,23
county,23017,447,107875,,43
county,23019,447,472791,,94
county,23021,447,36351,,16
county,23023,447,86813,,22
county,23025,447,139499,,44
county,23027,447,84242,,25
county,23029,447,104282,,31
county,23031,447,348036,,94
county,24001,447,159989,,30
county,24003,447,718453,,167
county,24005,447,781042,,211
county,24009,447,131841,,25
county,24011,447,50226,,13
county,24013,447,234812,,49
county,24015,447,360866,,42
county,24017,447,127201,,28
county,24019,447,61373,,17
county,24021,447,395945,,62
county,24023,447,99521,,18
county,24025,447,388799,,80
county,24027,447,365245,,70
county,24029,447,24649,,9
county,24031,447,791692,,193
county,24033,447,1041239,,263
county,24035,447,75453,,26
county,24037,447,182091,,41
county,24039,447,30691,,8
county,24041,447,47032,,12
county,24043,447,412809,,56
county,24045,447,213223,,44
county,24047,447,88985,,27
county,24510,447,387013,,148
county,25001,447,363095,,104
county,25003,447,267654,,52
county,25005,447,779341,,212
county,25007,447,,D,
county,25009,447,742795,,213
county,25011,447,105955,,28
county,25013,447,595871,,153
county,25015,447,131412,,36
county,25017,447,1504206,,412
county,25021,447,802398,,229
county,25023,447,675026,,189
county,25025,447,448789,,119
county,25027,447,1177254,,297
county,26001,447,11052,,6
county,26003,447,21851,,11
county,26005,447,220641,,42
county,26007,447,50475,,16
county,26009,447,52322,,14
county,26011,447,50286,,13
county,26013,447,12778,,8
county,26015,447,80478,,24
county,26017,447,136279,,37
county,26019,447,31295,,9
county,26021,447,284424,,60
county,26023,447,53217,,17
county,26025,447,339997,,66
county,26027,447,54212,,20
county,26029,447,49010,,15
county,26031,447,48484,,13
county,26033,447,64089,,22
county,26035,447,81029,,23
county,26037,447,210336,,23
county,26039,447,33512,,8
county,26041,447,115547,,19
county,26043,447,52224,,16
county,26045,447,178212,,29
county,26047,447,82726,,23
county,26049,447,560200,,138
county,26051,447,41248,,18
county,26053,447,29736,,13
county,26055,447,197545,,34
county,26057,447,59783,,19
county,26059,447,59119,,21
county,26061,447,,D,
county,26063,447,63780,,27
county,26065,447,315734,,74
county,26067,447,124037,,23
county,26069,447,45123,,13
county,26071,447,24898,,11
county,26073,447,92111,,26
county,26075,447,198521,,56
county,26077,447,267775,,64
county,26079,447,45267,,12
county,26081,447,861429,,142
county,26085,447,21910,,10
county,26087,447,135356,,31
county,26089,447,28201,,7
county,26091,447,141127,,35
county,26093,447,272787,,58
county,26095,447,24254,,8
county,26097,447,31280,,9
county,26099,447,912792,,270
county,26101,447,48785,,17
county,26103,447,119633,,35
county,26105,447,50939,,13
county,26107,447,71961,,19
county,26109,447,23714,,9
county,26111,447,98966,,24
county,26113,447,27721,,6
county,26115,447,268250,,45
county,26117,447,135342,,35
county,26119,447,23664,,6
county,26121,447,233867,,58
county,26123,447,93214,,24
county,26125,447,1441205,,354
county,26127,447,68328,,17
county,26129,447,60778,,15
county,26131,447,8260,,5
county,26133,447,57502,,13
county,26135,447,22721,,9
county,26137,447,90065,,21
county,26139,447,354473,,66
county,26141,447,23139,,11
county,26143,447,67784,,17
county,26145,447,284726,,62
county,26147,447,310044,,51
county,26149,447,75760,,19
county,26151,447,102701,,27
county,26153,447,31505,,10
county,26155,447,73422,,21
county,26157,447,82366,,23
county,26159,447,143660,,43
county,26161,447,388220,,92
county,26163,447,2005955,,771
county,26165,447,86434,,17
county,27001,447,49475,,17
county,27003,447,532784,,104
county,27005,447,74695,,21
county,27007,447,103452,,26
county,27009,447,92897,,25
county,27011,447,10281,,3
county,27013,447,126488,,24
county,27015,447,50630,,13
county,27017,447,102394,,24
county,27019,447,142994,,26
county,27021,447,65398,,23
county,27023,447,10009,,5
county,27025,447,151703,,28
county,27027,447,93900,,25
county,27029,447,23563,,9
county,27031,447,14704,,5
county,27033,447,23029,,9
county,27035,447,156484,,39
county,27037,447,803097,,117
county,27039,447,,D,
county,27041,447,123939,,27
county,27043,447,30708,,8
county,27045,447,,D,
county,27047,447,123333,,22
county,27049,447,102617,,19
county,27051,447,24025,,6
county,27053,447,1441095,,277
county,27055,447,37577,,9
county,27057,447,34083,,16
county,27059,447,72121,,15
county,27061,447,110626,,38
county,27063,447,25856,,9
county,27065,447,29059,,7
county,27067,447,60829,,23
county,27069,447,13646,,7
county,27071,447,37570,,14
county,27073,447,8659,,4
county,27075,447,34193,,8
county,27079,447,48050,,17
county,27081,447,14301,,6
county,27083,447,58470,,13
county,27085,447,95450,,21
county,27087,447,30736,,4
county,27089,447,20577,,8
county,27091,447,58120,,15
county,27093,447,48278,,18
county,27095,447,68289,,20
county,27097,447,81011,,27
county,27099,447,70223,,22
county,27101,447,14238,,8
county,27103,447,58121,,10
county,27105,447,52090,,13
county,27107,447,,D,
county,27109,447,281332,,40
county,27111,447,111694,,43
county,27113,447,53662,,11
county,27115,447,96827,,25
county,27117,447,25194,,10
county,27119,447,78437,,18
county,27121,447,24758,,10
county,27123,447,653472,,140
county,27125,447,6904,,3
county,27127,447,15861,,7
county,27129,447,44479,,13
county,27131,447,136756,,25
county,27133,447,,D,
county,27135,447,58391,,13
county,27137,447,433544,,120
county,27139,447,207764,,29
county,27141,447,159088,,31
county,27143,447,24581,,13
county,27145,447,352570,,89
county,27147,447,90941,,13
county,27149,447,32424,,7
county,27151,447,31544,,8
county,27153,447,37480,,19
county,27155,447,5346,,4
county,27157,447,71412,,13
county,27159,447,30938,,9
county,27161,447,28125,,9
county,27163,447,342781,,59
county,27165,447,21627,,7
county,27167,447,24854,,5
county,27169,447,126733,,24
county,27171,447,308431,,50
county,27173,447,20841,,7
county,28001,447,50613,,12
county,28003,447,41613,,20
county,28005,447,13847,,10
county,28007,447,30840,,8
county,28009,447,10238,,6
county,28011,447,54130,,24
county,28013,447,18300,,11
county,28015,447,15598,,10
county,28017,447,26909,,16
county,28019,447,4319,,4
county,28021,447,4910,,4
county,28023,447,6605,,9
county,28025,447,40734,,26
county,28027,447,67565,,17
county,28029,447,42540,,24
county,28031,447,44068,,11
county,28033,447,276448,,82
county,28035,447,188480,,67
county,28037,447,13554,,8
county,28039,447,33737,,14
county,28041,447,18470,,9
county,28043,447,60374,,23
county,28045,447,79666,,26
county,28047,447,358708,,79
county,28049,447,366490,,155
county,28051,447,30822,,18
county,28053,447,23967,,10
county,28057,447,17222,,10
county,28059,447,235637,,72
county,28061,447,18978,,14
county,28063,447,3644,,5
county,28065,447,19254,,10
county,28067,447,151702,,47
county,28069,447,7498,,4
county,28071,447,62275,,28
county,28073,447,69183,,24
county,28075,447,291076,,66
county,28077,447,13560,,7
county,28079,447,38909,,19
county,28081,447,148249,,63
county,28083,447,67646,,28
county,28085,447,96260,,31
county,28087,447,63153,,35
county,28089,447,165257,,59
county,28091,447,48199,,18
county,28093,447,64918,,37
county,28095,447,26636,,16
county,28097,447,55230,,11
county,28099,447,36417,,17
county,28101,447,17636,,11
county,28103,447,16556,,10
county,28105,447,82636,,33
county,28107,447,95674,,32
county,28109,447,131749,,33
county,28111,447,52755,,10
county,28113,447,116824,,43
county,28115,447,102233,,21
county,28117,447,28803,,17
county,28119,447,7885,,7
county,28121,447,238710,,88
county,28123,447,93418,,31
county,28125,447,9918,,5
county,28127,447,68005,,24
county,28129,447,19947,,9
county,28131,447,44464,,17
county,28133,447,90405,,18
county,28135,447,22030,,15
county,28137,447,43505,,16
county,28139,447,21076,,11
county,28141,447,14783,,10
county,28143,447,22301,,18
county,28145,447,77822,,20
county,28147,447,15216,,8
county,28149,447,113287,,33
county,28151,447,123229,,44
county,28153,447,45797,,16
county,28155,447,15129,,10
county,28157,447,13172,,5
county,28159,447,19802,,15
county,28161,447,24474,,16
county,28163,447,45168,,21
county,29001,447,35751,,13
county,29003,447,44045,,8
county,29005,447,31602,,9
county,29007,447,45464,,18
county,29009,447,76555,,22
county,29011,447,43071,,10
county,29013,447,38547,,10
county,29015,447,50362,,16
county,29017,447,9120,,5
county,29019,447,275423,,66
county,29021,447,196085,,41
county,29023,447,113884,,27
county,29025,447,22322,,9
county,29027,447,160445,,28
county,29029,447,101068,,33
county,29031,447,175267,,42
county,29033,447,16864,,8
county,29035,447,,D,
county,29037,447,285187,,42
county,29039,447,24505,,7
county,29041,447,15607,,7
county,29043,447,162716,,35
county,29045,447,53512,,7
county,29047,447,589786,,64
county,29049,447,49529,,9
county,29051,447,95906,,31
county,29053,447,136709,,14
county,29055,447,79926,,12
county,29057,447,16897,,8
county,29059,447,33373,,9
county,29061,447,36582,,5
county,29063,447,21830,,8
county,29065,447,18656,,5
county,29067,447,20611,,5
county,29069,447,63456,,23
county,29071,447,321904,,51
county,29073,447,41173,,12
county,29075,447,16056,,6
county,29077,447,644165,,128
county,29079,447,20280,,6
county,29081,447,91312,,13
county,29083,447,48931,,18
county,29085,447,24727,,10
county,29087,447,13293,,8
county,29089,447,14424,,6
county,29091,447,85937,,25
county,29093,447,24676,,12
county,29095,447,1376219,,224
county,29097,447,259260,,56
county,29099,447,485328,,85
county,29101,447,64022,,19
county,29103,447,8379,,4
county,29105,447,95374,,26
county,29107,447,126529,,25
county,29109,447,118848,,25
county,29111,447,24874,,8
county,29113,447,106946,,24
county,29115,447,26831,,10
county,29117,447,31939,,7
county,29119,447,31652,,13
county,29121,447,60714,,12
county,29123,447,28138,,8
county,29125,447,11041,,5
county,29127,447,128390,,29
county,29129,447,14889,,3
county,29131,447,56712,,22
county,29133,447,96880,,14
county,29135,447,25578,,9
county,29137,447,21197,,9
county,29139,447,35612,,8
county,29141,447,30864,,11
county,29143,447,201899,,18
county,29145,447,286007,,35
county,29147,447,45670,,11
county,29149,447,26155,,9
county,29151,447,18239,,7
county,29153,447,18080,,4
county,29155,447,86357,,8
county,29157,447,73012,,14
county,29159,447,97809,,27
county,29161,447,133876,,27
county,29163,447,47798,,13
county,29165,447,266511,,26
county,29167,447,42028,,11
county,29169,447,90163,,25
county,29171,447,16178,,4
county,29173,447,49414,,11
county,29175,447,51413,,12
county,29177,447,42145,,12
county,29179,447,9043,,7
county,29181,447,25753,,12
county,29183,447,844440,,113
county,29185,447,40085,,10
county,29186,447,43326,,11
county,29187,447,123549,,34
county,29189,447,1826244,,303
county,29195,447,62370,,21
county,29197,447,14250,,5
county,29199,447,19436,,5
county,29201,447,91532,,23
county,29203,447,13095,,6
county,29205,447,16847,,6
county,29207,447,79514,,21
county,29209,447,47157,,19
county,29211,447,12351,,6
county,29213,447,131820,,29
county,29215,447,48494,,13
county,29217,447,60972,,14
county,29219,447,111447,,15
county,29221,447,40922,,14
county,29223,447,26039,,11
county,29225,447,57422,,18
county,29229,447,44848,,13
county,29510,447,463692,,101
county,30001,447,41134,,8
county,30003,447,41336,,15
county,30005,447,14508,,3
county,30009,447,,D,
county,30013,447,133430,,34
county,30017,447,38383,,6
county,30021,447,24532,,6
county,30025,447,6994,,3
county,30027,447,19211,,9
county,30029,447,145526,,37
county,30031,447,165561,,36
county,30035,447,36970,,7
county,30039,447,21326,,4
county,30041,447,29669,,11
county,30043,447,25716,,6
county,30047,447,29271,,13
county,30049,447,96766,,26
county,30053,447,33961,,8
county,30055,447,2167,,3
county,30057,447,14842,,4
county,30061,447,34179,,6
county,30063,447,244108,,50
county,30065,447,,D,
county,30067,447,29903,,10
county,30071,447,16275,,3
county,30073,447,15008,,4
county,30081,447,44724,,13
county,30083,447,26210,,8
county,30085,447,45452,,11
county,30087,447,24535,,4
county,30089,447,25720,,9
county,30091,447,12625,,4
county,30093,447,106297,,20
county,30095,447,41824,,7
county,30099,447,,D,
county,30101,447,40940,,6
county,30105,447,9627,,4
county,30111,447,234377,,64
county,31001,447,74182,,21
county,31003,447,17974,,7
county,31011,447,12214,,6
county,31013,447,27600,,6
county,31017,447,19145,,6
county,31019,447,,D,
county,31021,447,11463,,6
county,31023,447,14229,,5
county,31025,447,43235,,14
county,31027,447,20163,,9
county,31029,447,16836,,6
county,31031,447,,D,
county,31033,447,69703,,8
county,31035,447,12016,,6
county,31037,447,12798,,6
county,31039,447,67118,,10
county,31041,447,39383,,11
county,31043,447,28325,,9
county,31045,447,20307,,6
county,31047,447,,D,
county,31049,447,73963,,5
county,31051,447,9319,,4
county,31053,447,110508,,26
county,31055,447,795621,,162
county,31059,447,22584,,9
county,31061,447,6640,,3
county,31063,447,7300,,4
county,31065,447,8575,,5
county,31067,447,35056,,11
county,31069,447,5829,,3
county,31071,447,9430,,6
county,31079,447,205466,,36
county,31081,447,55955,,5
county,31087,447,5842,,4
county,31089,447,27590,,11
county,31093,447,14833,,6
county,31097,447,10885,,4
county,31101,447,104941,,18
county,31105,447,10968,,4
county,31107,447,19826,,11
county,31109,447,455194,,109
county,31111,447,,D,
county,31119,447,87962,,22
county,31121,447,40221,,9
county,31123,447,15063,,6
county,31125,447,8615,,4
county,31127,447,19101,,6
county,31129,447,15743,,6
county,31131,447,52221,,13
county,31137,447,25130,,7
county,31139,447,23090,,6
county,31141,447,96757,,22
county,31145,447,17127,,6
county,31147,447,11648,,6
county,31151,447,24771,,7
county,31153,447,281754,,49
county,31155,447,49893,,17
county,31157,447,63673,,17
county,31159,447,24780,,8
county,31161,447,13955,,5
county,31167,447,8251,,4
county,31169,447,14594,,8
county,31173,447,27668,,6
county,31175,447,13283,,3
county,31177,447,30848,,12
county,31179,447,10026,,3
county,31181,447,12025,,5
county,31185,447,109081,,11
county,32001,447,31292,,9
county,32003,447,2987694,,580
county,32005,447,56466,,11
county,32007,447,,D,
county,32013,447,111536,,12
county,32015,447,25372,,7
county,32017,447,16250,,5
county,32019,447,215049,,22
county,32021,447,6598,,5
county,32023,447,112336,,29
county,32027,447,38032,,6
county,32031,447,,D,
county,32033,447,34054,,7
county,32510,447,114409,,23
county,33001,447,154965,,33
county,33003,447,118109,,35
county,33005,447,161021,,36
county,33007,447,69368,,27
county,33009,447,216659,,59
county,33011,447,485927,,137
county,33013,447,324471,,68
county,33015,447,599182,,126
county,33017,447,169818,,42
county,33019,447,89071,,23
county,34001,447,359827,,76
county,34003,447,1394015,,293
county,34005,447,650154,,129
county,34007,447,628527,,114
county,34009,447,138840,,18
county,34011,447,208071,,27
county,34013,447,587878,,172
county,34015,447,425753,,62
county,34017,447,560082,,123
county,34019,447,320688,,45
county,34021,447,408466,,96
county,34023,447,1148286,,249
county,34025,447,780122,,167
county,34027,447,603858,,181
county,34029,447,684386,,117
county,34031,447,329716,,123
county,34033,447,197521,,22
county,34035,447,249690,,77
county,34037,447,178407,,50
county,34039,447,556997,,165
county,34041,447,279515,,45
county,35001,447,842513,,208
county,35003,447,5952,,5
county,35005,447,165741,,32
county,35006,447,89252,,17
county,35007,447,59298,,20
county,35009,447,111351,,27
county,35013,447,303344,,60
county,35015,447,169642,,34
county,35017,447,30340,,14
county,35019,447,115347,,10
county,35023,447,89369,,6
county,35025,447,264173,,38
county,35027,447,40087,,15
county,35029,447,71319,,17
county,35031,447,299035,,48
county,35033,447,10140,,4
county,35035,447,87541,,23
county,35037,447,148971,,12
county,35039,447,53665,,16
county,35041,447,,D,
county,35043,447,153975,,35
county,35045,447,225948,,60
county,35047,447,69231,,20
county,35049,447,158415,,33
county,35051,447,30367,,10
county,35053,447,40874,,9
county,35055,447,38625,,14
county,35057,447,126121,,14
county,35059,447,19859,,3
county,35061,447,91460,,23
county,36001,447,444306,,108
county,36003,447,40906,,24
county,36005,447,348988,,135
county,36007,447,310279,,90
county,36009,447,94129,,30
county,36011,447,121815,,30
county,36013,447,140690,,49
county,36015,447,112865,,34
county,36017,447,77369,,29
county,36019,447,146917,,50
county,36021,447,133100,,37
county,36023,447,79890,,20
county,36025,447,74657,,32
county,36027,447,319000,,120
county,36029,447,1210198,,260
county,36031,447,66140,,28
county,36033,447,91002,,23
county,36035,447,90633,,24
county,36037,447,252108,,38
county,36039,447,120728,,33
county,36041,447,13576,,8
county,36043,447,91232,,26
county,36045,447,183004,,61
county,36047,447,786222,,263
county,36049,447,62396,,19
county,36051,447,133420,,42
county,36053,447,65312,,21
county,36055,447,752387,,218
county,36057,447,127878,,33
county,36059,447,1299503,,424
county,36061,447,146210,,61
county,36063,447,230736,,67
county,36065,447,273746,,81
county,36067,447,710651,,154
county,36069,447,196317,,46
county,36071,447,510395,,131
county,36073,447,24976,,15
county,36075,447,186979,,58
county,36077,447,98657,,42
county,36079,447,110326,,40
county,36081,447,831438,,311
county,36083,447,259019,,58
county,36085,447,159662,,65
county,36087,447,150517,,71
county,36089,447,169932,,51
county,36091,447,457002,,96
county,36093,447,220377,,66
county,36095,447,64618,,17
county,36097,447,31889,,9
county,36099,447,96443,,14
county,36101,447,183475,,53
county,36103,447,1677721,,503
county,36105,447,82880,,49
county,36107,447,76809,,21
county,36109,447,140312,,29
county,36111,447,328763,,97
county,36113,447,155809,,37
county,36115,447,86230,,22
county,36117,447,121782,,38
county,36119,447,869751,,307
county,36121,447,41308,,21
county,36123,447,25277,,8
county,37001,447,368764,,78
county,37003,447,42159,,12
county,37005,447,13379,,7
county,37007,447,64282,,19
county,37009,447,34232,,17
county,37011,447,29864,,10
county,37013,447,102061,,30
county,37015,447,30387,,11
county,37017,447,69073,,17
county,37019,447,,D,
county,37021,447,405791,,124
county,37023,447,94709,,43
county,37025,447,286736,,75
county,37027,447,133840,,47
county,37029,447,16172,,6
county,37031,447,126714,,44
county,37033,447,17673,,15
county,37035,447,297739,,86
county,37037,447,133221,,35
county,37039,447,29656,,13
county,37041,447,21936,,8
county,37043,447,7495,,3
county,37045,447,143217,,67
county,37047,447,109714,,36
county,37049,447,163257,,50
county,37051,447,427020,,160
county,37053,447,76396,,19
county,37055,447,109622,,39
county,37057,447,233601,,75
county,37059,447,85659,,25
county,37061,447,102659,,36
county,37063,447,234975,,102
county,37065,447,56479,,25
county,37067,447,511667,,169
county,37069,447,92870,,33
county,37071,447,290610,,98
county,37073,447,,D,
county,37075,447,9228,,4
county,37077,447,70059,,36
county,37079,447,25394,,13
county,37081,447,820445,,240
county,37083,447,110465,,40
county,37085,447,195880,,51
county,37087,447,149038,,31
county,37089,447,130901,,40
county,37091,447,60074,,18
county,37093,447,60217,,21
county,37095,447,6904,,6
county,37097,447,332303,,92
county,37099,447,82358,,21
county,37101,447,465906,,99
county,37103,447,5767,,3
county,37105,447,116147,,35
county,37107,447,98693,,36
county,37109,447,124159,,40
county,37111,447,121083,,23
county,37113,447,48546,,14
county,37115,447,17620,,6
county,37117,447,51377,,12
county,37119,447,1199301,,322
county,37121,447,31805,,6
county,37123,447,62996,,15
county,37125,447,113071,,44
county,37127,447,208879,,73
county,37129,447,353294,,84
county,37131,447,49832,,15
county,37133,447,258903,,64
county,37135,447,160332,,42
county,37137,447,14733,,5
county,37139,447,76612,,23
county,37141,447,77888,,19
county,37143,447,13171,,4
county,37145,447,78504,,35
county,37147,447,265364,,64
county,37149,447,44323,,9
county,37151,447,207423,,62
county,37153,447,93968,,38
county,37155,447,264653,,90
county,37157,447,138786,,64
county,37159,447,275813,,68
county,37161,447,73027,,27
county,37163,447,109929,,36
county,37165,447,66922,,28
county,37167,447,104772,,35
county,37169,447,70791,,22
county,37171,447,156257,,44
county,37173,447,27759,,11
county,37175,447,37674,,15
county,37177,447,11851,,6
county,37179,447,280648,,76
county,37181,447,94225,,44
county,37183,447,1485019,,319
county,37185,447,15836,,10
county,37187,447,36436,,7
county,37189,447,76045,,19
county,37191,447,182511,,63
county,37193,447,,D,
county,37195,447,160264,,49
county,37197,447,92978,,22
county,37199,447,19178,,9
county,38003,447,,D,
county,38005,447,2925,,3
county,38009,447,25555,,5
county,38015,447,185018,,34
county,38017,447,449559,,62
county,38019,447,19054,,4
county,38021,447,23339,,5
county,38025,447,20766,,5
county,38029,447,7336,,4
county,38031,447,19284,,3
county,38033,447,,D,
county,38035,447,203890,,38
county,38037,447,2809,,3
county,38039,447,5163,,3
county,38043,447,,D,
county,38049,447,,D,
county,38053,447,71937,,9
county,38055,447,34625,,12
county,38057,447,35874,,10
county,38059,447,77470,,16
county,38061,447,89071,,10
county,38063,447,9897,,7
county,38067,447,21021,,6
county,38069,447,17048,,3
county,38071,447,40784,,10
county,38073,447,15207,,5
county,38075,447,,D,
county,38077,447,34798,,13
county,38079,447,27580,,11
county,38085,447,,D,
county,38089,447,124081,,27
county,38093,447,59375,,15
county,38095,447,13180,,5
county,38097,447,53345,,13
county,38099,447,23072,,8
county,38101,447,187112,,33
county,38103,447,8709,,6
county,38105,447,197877,,25
county,39001,447,80731,,16
county,39003,447,270876,,40
county,39005,447,87933,,20
county,39007,447,324218,,42
county,39009,447,84125,,24
county,39011,447,93369,,20
county,39013,447,196627,,40
county,39015,447,117406,,24
county,39017,447,479538,,102
county,39019,447,37625,,9
county,39021,447,36031,,9
county,39023,447,190229,,39
county,39025,447,264829,,67
county,39027,447,82447,,20
county,39029,447,168407,,43
county,39031,447,42503,,11
county,39033,447,79418,,21
county,39035,447,1517751,,376
county,39037,447,74494,,21
county,39039,447,56061,,19
county,39041,447,279918,,35
county,39043,447,231890,,31
county,39045,447,209352,,44
county,39047,447,176053,,22
county,39049,447,1826821,,322
county,39051,447,80550,,22
county,39053,447,81932,,20
county,39055,447,192267,,31
county,39057,447,167707,,47
county,39059,447,144780,,25
county,39061,447,912522,,245
county,39063,447,170445,,26
county,39065,447,42692,,16
county,39067,447,30014,,7
county,39069,447,95241,,17
county,39071,447,90157,,23
county,39073,447,45417,,10
county,39075,447,39650,,11
county,39077,447,191597,,28
county,39079,447,70191,,21
county,39081,447,,D,
county,39083,447,77471,,18
county,39085,447,364863,,86
county,39087,447,59247,,18
county,39089,447,440451,,55
county,39091,447,55473,,15
county,39093,447,467741,,89
county,39095,447,436350,,111
county,39097,447,148048,,16
county,39099,447,463045,,76
county,39101,447,84344,,17
county,39103,447,450172,,62
county,39105,447,38119,,16
county,39107,447,95992,,22
county,39109,447,145601,,38
county,39111,447,20044,,7
county,39113,447,662457,,183
county,39115,447,,D,
county,39117,447,89173,,11
county,39119,447,252995,,46
county,39121,447,43498,,7
county,39123,447,72406,,17
county,39125,447,38018,,14
county,39127,447,50186,,11
county,39129,447,121095,,26
county,39131,447,51398,,15
county,39133,447,236615,,48
county,39135,447,147839,,20
county,39137,447,61953,,18
county,39139,447,224874,,49
county,39141,447,204233,,33
county,39143,447,109676,,24
county,39145,447,126872,,36
county,39147,447,78659,,24
county,39149,447,95912,,25
county,39151,447,621481,,119
county,39153,447,856129,,162
county,39155,447,523617,,76
county,39157,447,229287,,36
county,39159,447,50281,,16
county,39161,447,55339,,14
county,39163,447,13831,,7
county,39165,447,302268,,59
county,39167,447,161307,,34
county,39169,447,175517,,40
county,39171,447,78817,,21
county,39173,447,455979,,43
county,39175,447,108306,,10
county,40001,447,31815,,11
county,40003,447,16723,,8
county,40005,447,64243,,8
county,40007,447,12233,,4
county,40009,447,215874,,21
county,40011,447,62518,,13
county,40013,447,101768,,27
county,40015,447,75465,,23
county,40017,447,309599,,45
county,40019,447,178650,,38
county,40021,447,64143,,23
county,40023,447,21361,,10
county,40027,447,275839,,84
county,40029,447,12086,,5
county,40031,447,177705,,52
county,40033,447,18148,,4
county,40035,447,43195,,10
county,40037,447,92721,,31
county,40039,447,102464,,23
county,40041,447,52699,,23
county,40043,447,69694,,13
county,40045,447,19572,,5
county,40047,447,133479,,42
county,40049,447,108601,,25
county,40051,447,111641,,31
county,40053,447,16242,,7
county,40057,447,,D,
county,40059,447,8201,,5
county,40061,447,25274,,10
county,40063,447,25927,,10
county,40065,447,46930,,13
county,40067,447,13015,,10
county,40069,447,20576,,13
county,40071,447,170558,,33
county,40073,447,48224,,13
county,40075,447,17312,,7
county,40077,447,11128,,4
county,40079,447,80322,,34
county,40081,447,76196,,16
county,40083,447,133351,,27
county,40085,447,39794,,6
county,40087,447,71748,,25
county,40089,447,68588,,28
county,40091,447,73037,,15
county,40093,447,24594,,10
county,40095,447,28173,,11
county,40097,447,103001,,24
county,40099,447,,D,
county,40101,447,161992,,34
county,40103,447,46092,,13
county,40105,447,38171,,7
county,40107,447,24574,,4
county,40109,447,1067274,,262
county,40111,447,82658,,24
county,40113,447,52289,,19
county,40115,447,47188,,17
county,40117,447,35648,,8
county,40119,447,143153,,41
county,40121,447,111437,,35
county,40123,447,45676,,22
county,40125,447,77864,,31
county,40127,447,16472,,9
county,40129,447,7204,,6
county,40131,447,144341,,25
county,40133,447,53688,,19
county,40135,447,109543,,34
county,40137,447,111945,,32
county,40139,447,76846,,16
county,40141,447,7317,,7
county,40143,447,1516729,,191
county,40145,447,119661,,30
county,40147,447,107735,,21
county,40149,447,19625,,12
county,40151,447,27120,,8
county,40153,447,121782,,18
county,41001,447,48491,,9
county,41003,447,35279,,14
county,41005,447,353069,,79
county,41007,447,39041,,13
county,41009,447,82519,,19
county,41011,447,116595,,22
county,41013,447,74265,,12
county,41015,447,21677,,9
county,41017,447,261570,,52
county,41019,447,197461,,48
county,41023,447,,D,
county,41025,447,100428,,9
county,41027,447,84536,,14
county,41029,447,228301,,54
county,41031,447,21950,,11
county,41033,447,99943,,26
county,41035,447,124994,,26
county,41037,447,59843,,6
county,41039,447,355746,,88
county,41041,447,81631,,16
county,41043,447,149636,,27
county,41045,447,,D,
county,41047,447,433545,,68
county,41049,447,51521,,7
county,41051,447,615566,,139
county,41053,447,62843,,15
county,41055,447,58324,,4
county,41057,447,64739,,15
county,41059,447,139502,,31
county,41061,447,49946,,10
county,41063,447,9890,,5
county,41065,447,44034,,9
county,41067,447,445754,,91
county,41069,447,3307,,3
county,41071,447,105089,,21
county,42001,447,126108,,26
county,42003,447,2010369,,358
county,42005,447,96293,,26
county,42007,447,251849,,53
county,42009,447,173288,,27
county,42011,447,762664,,119
county,42013,447,293142,,49
county,42015,447,183111,,39
county,42017,447,658565,,142
county,42019,447,500662,,80
county,42021,447,269362,,48
county,42023,447,9959,,3
county,42025,447,64750,,22
county,42027,447,250101,,49
county,42029,447,763869,,120
county,42031,447,64190,,17
county,42033,447,245943,,40
county,42035,447,170285,,21
county,42037,447,171693,,29
county,42039,447,154531,,28
county,42041,447,517149,,77
county,42043,447,595370,,108
county,42045,447,587614,,115
county,42047,447,67401,,18
county,42049,447,548495,,101
county,42051,447,270990,,60
county,42053,447,5618,,3
county,42055,447,278151,,55
county,42057,447,28201,,6
county,42059,447,99915,,19
county,42061,447,68715,,20
county,42063,447,142189,,26
county,42065,447,167768,,15
county,42067,447,64314,,10
county,42069,447,261281,,88
county,42071,447,737417,,133
county,42073,447,148477,,40
county,42075,447,235812,,52
county,42077,447,513984,,115
county,42079,447,627680,,134
county,42081,447,200611,,47
county,42083,447,85907,,28
county,42085,447,184239,,39
county,42087,447,113141,,18
county,42089,447,232354,,52
county,42091,447,1014773,,188
county,42093,447,21012,,5
county,42095,447,384152,,94
county,42097,447,149281,,47
county,42099,447,69315,,17
county,42101,447,940159,,232
county,42103,447,85823,,25
county,42105,447,35108,,11
county,42107,447,271174,,60
county,42109,447,73966,,16
county,42111,447,148955,,33
county,42113,447,17099,,6
county,42115,447,157488,,24
county,42117,447,112169,,22
county,42119,447,86239,,16
county,42121,447,106691,,24
county,42123,447,65180,,16
county,42125,447,348236,,68
county,42127,447,123805,,27
county,42129,447,708108,,128
county,42131,447,67223,,21
county,42133,447,697725,,119
county,44001,447,27610,,11
county,44003,447,271473,,64
county,44005,447,69805,,23
county,44007,447,617083,,181
county,44009,447,171730,,41
county,45001,447,40329,,14
county,45003,447,373708,,93
county,45005,447,21661,,10
county,45007,447,401705,,125
county,45009,447,23289,,11
county,45011,447,28730,,16
county,45013,447,291219,,67
county,45015,447,267303,,60
county,45017,447,52256,,11
county,45019,447,687189,,139
county,45021,447,270918,,40
county,45023,447,60715,,32
county,45025,447,91080,,31
county,45027,447,78567,,29
county,45029,447,128590,,32
county,45031,447,123698,,50
county,45033,447,171479,,24
county,45035,447,356779,,56
county,45037,447,21722,,9
county,45039,447,105584,,22
county,45041,447,384245,,106
county,45043,447,117686,,39
county,45045,447,698481,,200
county,45047,447,137500,,46
county,45049,447,57653,,22
county,45051,447,,D,
county,45053,447,175324,,32
county,45055,447,134058,,40
county,45057,447,122495,,44
county,45059,447,107254,,43
county,45061,447,34926,,11
county,45063,447,652642,,157
county,45065,447,,D,
county,45067,447,51115,,18
county,45069,447,43211,,24
county,45071,447,143498,,35
county,45073,447,114913,,39
county,45075,447,271075,,80
county,45077,447,126382,,53
county,45079,447,559657,,167
county,45081,447,31889,,8
county,45083,447,597228,,158
county,45085,447,173978,,63
county,45087,447,48906,,26
county,45089,447,58224,,30
county,45091,447,497421,,100
county,46005,447,51630,,15
county,46009,447,14557,,8
county,46011,447,56146,,20
county,46013,447,84152,,24
county,46015,447,26030,,10
county,46019,447,48552,,10
county,46023,447,24507,,11
county,46025,447,3073,,4
county,46027,447,27069,,12
county,46029,447,103960,,30
county,46033,447,31571,,8
county,46035,447,,D,
county,46037,447,18286,,6
county,46039,447,12732,,4
county,46041,447,16100,,3
county,46043,447,9517,,3
county,46045,447,7749,,3
county,46047,447,19645,,8
county,46051,447,12635,,5
county,46053,447,11265,,6
county,46055,447,5268,,4
county,46057,447,13534,,7
county,46059,447,10697,,4
county,46065,447,59068,,14
county,46067,447,30519,,8
county,46071,447,30725,,6
county,46075,447,31467,,3
county,46077,447,9607,,3
county,46079,447,40611,,8
county,46081,447,49360,,15
county,46083,447,103112,,22
county,46085,447,49617,,9
county,46087,447,17178,,5
county,46091,447,12930,,4
county,46093,447,118250,,16
county,46097,447,8687,,3
county,46099,447,473929,,94
county,46101,447,18417,,7
county,46102,447,28934,,6
county,46103,447,256567,,63
county,46105,447,6067,,3
county,46107,447,5723,,4
county,46109,447,26104,,8
county,46115,447,16341,,6
county,46117,447,,D,
county,46121,447,26693,,6
county,46123,447,15554,,5
county,46125,447,15001,,12
county,46127,447,38190,,13
county,46129,447,,D,
county,46135,447,45233,,24
county,46137,447,11682,,3
county,47001,447,156434,,39
county,47003,447,48503,,26
county,47005,447,,D,
county,47007,447,11532,,9
county,47009,447,150533,,65
county,47011,447,219630,,70
county,47013,447,110059,,26
county,47015,447,16858,,9
county,47017,447,66815,,21
county,47019,447,74680,,24
county,47021,447,65517,,18
county,47023,447,16133,,6
county,47025,447,30955,,15
county,47027,447,6673,,5
county,47029,447,76860,,28
county,47031,447,126734,,45
county,47033,447,19425,,8
county,47035,447,132780,,49
county,47037,447,1023779,,244
county,47039,447,21285,,10
county,47041,447,21878,,10
county,47043,447,157184,,37
county,47045,447,83051,,30
county,47047,447,38377,,24
county,47049,447,24821,,12
county,47051,447,47641,,32
county,47053,447,66912,,27
county,47055,447,90110,,28
county,47057,447,26826,,15
county,47059,447,156400,,46
county,47061,447,20878,,13
county,47063,447,109652,,40
county,47065,447,497161,,184
county,47067,447,,D,
county,47069,447,27077,,18
county,47071,447,63988,,19
county,47073,447,87208,,27
county,47075,447,71553,,18
county,47077,447,64305,,19
county,47079,447,66012,,18
county,47081,447,30209,,16
county,47083,447,9302,,5
county,47085,447,80603,,14
county,47087,447,8378,,6
county,47089,447,200343,,34
county,47091,447,20978,,9
county,47093,447,739238,,197
county,47095,447,5978,,3
county,47097,447,37222,,18
county,47099,447,59624,,37
county,47101,447,106090,,12
county,47103,447,30423,,23
county,47105,447,113023,,31
county,47107,447,110787,,41
county,47109,447,35749,,18
county,47111,447,27912,,13
county,47113,447,260460,,73
county,47115,447,176191,,27
county,47117,447,53117,,21
county,47119,447,194846,,54
county,47121,447,11390,,8
county,47123,447,71479,,33
county,47125,447,203237,,60
county,47127,447,10304,,3
county,47129,447,19404,,14
county,47131,447,72322,,19
county,47133,447,30565,,15
county,47135,447,11059,,9
county,47137,447,10812,,7
county,47139,447,21946,,13
county,47141,447,168523,,48
county,47143,447,54064,,25
county,47145,447,65326,,29
county,47147,447,152227,,34
county,47149,447,428842,,99
county,47151,447,41069,,16
county,47153,447,25322,,8
county,47155,447,234733,,70
county,47157,447,1099910,,446
county,47159,447,56343,,10
county,47161,447,13524,,7
county,47163,447,241328,,72
county,47165,447,215374,,71
county,47167,447,64752,,26
county,47169,447,30054,,7
county,47171,447,32406,,7
county,47173,447,25401,,11
county,47177,447,59248,,33
county,47179,447,234012,,59
county,47181,447,9162,,11
county,47183,447,60798,,20
county,47185,447,45351,,22
county,47187,447,284444,,58
county,47189,447,243210,,56
county,48001,447,92558,,23
county,48003,447,81815,,8
county,48005,447,130561,,29
county,48007,447,42565,,14
county,48009,447,14221,,7
county,48013,447,97200,,24
county,48015,447,68269,,21
county,48019,447,28704,,12
county,48021,447,134545,,41
county,48023,447,11935,,4
county,48025,447,75059,,18
county,48027,447,434595,,125
county,48029,447,2477771,,663
county,48031,447,36790,,7
county,48035,447,23327,,9
county,48037,447,218302,,48
county,48039,447,518324,,125
county,48041,447,223513,,80
county,48043,447,18816,,5
county,48049,447,104223,,30
county,48051,447,26984,,15
county,48053,447,86611,,31
county,48055,447,136491,,22
county,48057,447,64792,,14
county,48059,447,61071,,9
county,48061,447,636674,,126
county,48063,447,13655,,8
county,48065,447,36408,,8
county,48067,447,93090,,18
county,48069,447,16062,,6
county,48071,447,127211,,34
county,48073,447,52107,,25
county,48075,447,52483,,7
county,48077,447,5003,,5
county,48081,447,,D,
county,48083,447,28143,,8
county,48085,447,1286864,,297
county,48089,447,87406,,23
county,48091,447,355558,,56
county,48093,447,21978,,9
county,48095,447,10661,,7
county,48097,447,75158,,30
county,48099,447,70857,,22
county,48105,447,43932,,6
county,48107,447,,D,
county,48109,447,84787,,8
county,48113,447,3660097,,907
county,48115,447,50551,,6
county,48117,447,66612,,14
county,48119,447,4605,,5
county,48121,447,1159885,,240
county,48123,447,57941,,10
county,48127,447,70688,,10
county,48129,447,8787,,3
county,48131,447,,D,
county,48133,447,88795,,19
county,48135,447,392310,,58
county,48139,447,406644,,75
county,48141,447,1261603,,248
county,48143,447,88437,,24
county,48145,447,38159,,9
county,48147,447,49406,,16
county,48149,447,123027,,22
county,48151,447,5794,,4
county,48153,447,6443,,4
county,48157,447,904656,,308
county,48159,447,48859,,5
county,48161,447,55888,,15
county,48163,447,65626,,15
county,48165,447,38974,,7
county,48167,447,424582,,145
county,48169,447,24960,,4
county,48171,447,60072,,17
county,48175,447,17280,,4
county,48177,447,58846,,16
county,48179,447,,D,
county,48181,447,213850,,57
county,48183,447,280412,,93
county,48185,447,47675,,19
county,48187,447,289293,,62
county,48189,447,53654,,17
county,48191,447,23206,,4
county,48193,447,27255,,9
county,48195,447,31961,,6
county,48197,447,31322,,5
county,48199,447,108202,,27
county,48201,447,5784818,,1745
county,48203,447,94590,,35
county,48207,447,19963,,7
county,48209,447,173467,,63
county,48211,447,,D,
county,48213,447,117476,,33
county,48215,447,1075462,,220
county,48217,447,146803,,33
county,48219,447,35468,,9
county,48221,447,99186,,25
county,48223,447,127495,,30
county,48225,447,24015,,11
county,48227,447,,D,
county,48229,447,7171,,4
county,48231,447,208015,,56
county,48233,447,38756,,12
county,48237,447,4843,,4
county,48239,447,58237,,16
county,48241,447,66492,,19
county,48245,447,571330,,140
county,48247,447,,D,
county,48249,447,99855,,25
county,48251,447,243337,,70
county,48253,447,29530,,12
county,48255,447,61623,,13
county,48257,447,277488,,53
county,48259,447,123922,,22
county,48265,447,116360,,29
county,48267,447,91188,,13
county,48273,447,94923,,14
county,48277,447,108591,,35
county,48279,447,26514,,9
county,48281,447,38543,,9
county,48283,447,135038,,7
county,48285,447,42067,,15
county,48287,447,37006,,13
county,48289,447,103636,,19
county,48291,447,146210,,40
county,48293,447,40705,,21
county,48295,447,10321,,4
county,48297,447,152900,,16
county,48299,447,46230,,13
county,48303,447,494243,,94
county,48307,447,38210,,9
county,48309,447,462391,,113
county,48311,447,,D,
county,48313,447,85068,,7
county,48315,447,18097,,7
county,48319,447,13251,,5
county,48321,447,43332,,19
county,48323,447,,D,
county,48325,447,137299,,26
county,48327,447,5741,,3
county,48329,447,,D,
county,48331,447,30483,,8
county,48333,447,9979,,4
county,48335,447,,D,
county,48337,447,37704,,12
county,48339,447,724394,,204
county,48341,447,65758,,15
county,48343,447,9357,,6
county,48347,447,112911,,29
county,48349,447,96462,,35
county,48351,447,42226,,13
county,48353,447,124206,,16
county,48355,447,735932,,158
county,48357,447,29918,,7
county,48359,447,41764,,3
county,48361,447,208992,,52
county,48363,447,63114,,22
county,48365,447,50020,,16
county,48367,447,283375,,48
county,48369,447,15491,,6
county,48371,447,142091,,16
county,48373,447,62951,,25
county,48375,447,,D,
county,48377,447,22168,,5
county,48379,447,5210,,4
county,48381,447,250088,,48
county,48385,447,12813,,3
county,48387,447,16214,,8
county,48389,447,132624,,6
county,48391,447,45719,,6
county,48395,447,61118,,16
county,48397,447,163643,,28
county,48399,447,51228,,17
county,48401,447,55916,,23
county,48403,447,16467,,7
county,48405,447,10656,,6
county,48407,447,14606,,7
county,48409,447,152764,,41
county,48411,447,12458,,7
county,48415,447,89009,,16
county,48417,447,6153,,5
county,48419,447,37544,,8
county,48421,447,41483,,3
county,48423,447,391966,,108
county,48425,447,15052,,9
county,48427,447,58459,,18
county,48429,447,18117,,8
county,48435,447,41191,,8
county,48437,447,,D,
county,48439,447,3173014,,777
county,48441,447,304362,,82
county,48445,447,,D,
county,48449,447,62231,,24
county,48451,447,,D,
county,48453,447,1520267,,464
county,48455,447,7371,,5
county,48457,447,26440,,10
county,48459,447,36833,,13
county,48463,447,117155,,23
county,48465,447,67565,,16
county,48467,447,142338,,31
county,48469,447,220253,,53
county,48471,447,133288,,42
county,48473,447,160823,,21
county,48475,447,69969,,5
county,48477,447,73585,,23
county,48479,447,524784,,86
county,48481,447,160289,,33
county,48483,447,36336,,7
county,48485,447,243464,,56
county,48487,447,58289,,8
county,48489,447,24553,,7
county,48491,447,766321,,191
county,48493,447,72329,,18
county,48495,447,49469,,5
county,48497,447,155819,,34
county,48499,447,75582,,24
county,48503,447,27995,,14
county,48505,447,24219,,8
county,48507,447,15821,,7
county,49001,447,102579,,13
county,49003,447,163724,,21
county,49005,447,164144,,30
county,49007,447,36149,,10
county,49011,447,346437,,74
county,49013,447,85188,,15
county,49015,447,42631,,12
county,49017,447,16646,,7
county,49019,447,53979,,7
county,49021,447,168799,,23
county,49023,447,58001,,9
county,49025,447,23726,,7
county,49027,447,89434,,14
county,49029,447,7322,,4
county,49035,447,1499415,,263
county,49037,447,64277,,12
county,49039,447,29946,,13
county,49041,447,77643,,16
county,49043,447,33043,,12
county,49045,447,155149,,21
county,49047,447,44791,,15
county,49049,447,639512,,115
county,49051,447,35286,,5
county,49053,447,254902,,41
county,49055,447,9053,,4
county,49057,447,365633,,79
county,50001,447,62326,,19
county,50003,447,76057,,27
county,50005,447,72405,,28
county,50007,447,237693,,83
county,50009,447,4906,,4
county,50011,447,100778,,35
county,50013,447,18251,,6
county,50015,447,60074,,16
county,50017,447,56269,,18
county,50019,447,45837,,22
county,50021,447,159161,,60
county,50023,447,129417,,51
county,50025,447,80393,,23
county,50027,447,119077,,38
county,51001,447,131488,,30
county,51003,447,133997,,36
county,51005,447,19048,,11
county,51007,447,23912,,6
county,51009,447,54817,,18
county,51011,447,26890,,11
county,51013,447,115995,,43
county,51015,447,155332,,36
county,51017,447,4313,,3
county,51019,447,78346,,27
county,51023,447,73342,,21
county,51025,447,51477,,15
county,51027,447,21864,,15
county,51029,447,26602,,14
county,51031,447,81820,,35
county,51033,447,246796,,20
county,51035,447,112865,,24
county,51036,447,9752,,4
county,51037,447,11348,,11
county,51041,447,591187,,128
county,51043,447,45682,,10
county,51047,447,91033,,25
county,51049,447,5972,,6
county,51051,447,,D,
county,51053,447,56476,,15
county,51057,447,36617,,11
county,51059,447,988511,,206
county,51061,447,170607,,35
county,51063,447,18345,,6
county,51065,447,23988,,6
county,51067,447,75599,,32
county,51069,447,285185,,39
county,51071,447,43392,,15
county,51073,447,77057,,21
county,51075,447,74455,,15
county,51077,447,16430,,9
county,51079,447,31865,,8
county,51081,447,112586,,13
county,51083,447,63724,,24
county,51085,447,261092,,48
county,51087,447,430362,,121
county,51089,447,96589,,40
county,51091,447,2736,,3
county,51093,447,46939,,21
county,51095,447,66744,,20
county,51097,447,14183,,5
county,51099,447,102125,,15
county,51101,447,31098,,11
county,51103,447,31398,,10
county,51105,447,39569,,22
county,51107,447,452526,,81
county,51109,447,104682,,22
county,51111,447,13574,,6
county,51113,447,30285,,7
county,51115,447,,D,
county,51117,447,140887,,37
county,51119,447,20335,,11
county,51121,447,89020,,32
county,51125,447,27901,,12
county,51127,447,80574,,16
county,51131,447,38087,,11
county,51133,447,20102,,10
county,51135,447,31455,,12
county,51137,447,90706,,21
county,51139,447,18781,,12
county,51141,447,105423,,14
county,51143,447,56783,,25
county,51145,447,63634,,17
county,51147,447,44726,,21
county,51149,447,78769,,13
county,51153,447,593938,,129
county,51155,447,50318,,19
county,51157,447,11604,,5
county,51159,447,13778,,7
county,51161,447,,D,
county,51163,447,204897,,23
county,51165,447,136882,,47
county,51167,447,57195,,16
county,51169,447,57148,,21
county,51171,447,276439,,32
county,51173,447,42334,,18
county,51175,447,27411,,13
county,51177,447,273115,,55
county,51179,447,268262,,48
county,51181,447,5669,,4
county,51183,447,57513,,9
county,51185,447,107084,,37
county,51187,447,73191,,21
county,51191,447,166072,,38
county,51193,447,33176,,14
county,51195,447,102054,,30
county,51197,447,380998,,28
county,51199,447,84498,,21
county,51510,447,117761,,33
county,51520,447,58062,,20
county,51530,447,8844,,4
county,51540,447,78569,,17
county,51550,447,381104,,102
county,51570,447,57386,,12
county,51580,447,22976,,7
county,51590,447,111096,,32
county,51595,447,22289,,15
county,51600,447,39988,,10
county,51610,447,25428,,6
county,51620,447,42920,,10
county,51630,447,86454,,13
county,51640,447,24352,,8
county,51650,447,193338,,68
county,51660,447,83844,,27
county,51670,447,43959,,11
county,51680,447,70361,,29
county,51683,447,93335,,24
county,51685,447,45441,,11
county,51690,447,17217,,10
county,51700,447,200427,,76
county,51710,447,233254,,82
county,51730,447,73261,,27
county,51735,447,7278,,3
county,51740,447,94764,,45
county,51750,447,7456,,6
county,51760,447,210366,,84
county,51770,447,75617,,38
county,51775,447,63314,,14
county,51790,447,35088,,15
county,51800,447,158885,,41
county,51810,447,497235,,150
county,51820,447,38676,,14
county,51830,447,19203,,11
county,51840,447,,D,
county,53001,447,109315,,18
county,53005,447,256789,,63
county,53007,447,99642,,28
county,53009,447,49634,,22
county,53011,447,357060,,108
county,53013,447,10478,,6
county,53015,447,150674,,47
county,53017,447,24998,,8
county,53019,447,17874,,10
county,53021,447,147470,,35
county,53025,447,162115,,42
county,53027,447,88444,,34
county,53029,447,52980,,18
county,53031,447,25318,,8
county,53033,447,1764427,,457
county,53035,447,168647,,65
county,53037,447,178513,,27
county,53039,447,28994,,11
county,53041,447,172798,,33
county,53043,447,13303,,8
county,53045,447,61598,,22
county,53047,447,79216,,31
county,53049,447,21456,,11
county,53051,447,11444,,7
county,53053,447,698606,,190
county,53055,447,20622,,7
county,53057,447,139213,,49
county,53059,447,13260,,6
county,53061,447,612162,,176
county,53063,447,481400,,143
county,53065,447,28756,,11
county,53067,447,310550,,88
county,53071,447,38433,,17
county,53073,447,323383,,83
county,53075,447,49775,,18
county,53077,447,331038,,87
county,54001,447,21803,,7
county,54003,447,172966,,32
county,54005,447,52229,,13
county,54007,447,74349,,11
county,54009,447,35949,,10
county,54011,447,185039,,50
county,54013,447,5450,,4
county,54015,447,17586,,5
county,54019,447,88068,,31
county,54021,447,10204,,5
county,54023,447,46583,,10
county,54025,447,106361,,35
county,54027,447,,D,
county,54029,447,,D,
county,54031,447,25543,,5
county,54033,447,159741,,41
county,54035,447,87985,,18
county,54037,447,75312,,21
county,54039,447,299855,,77
county,54041,447,61156,,16
county,54043,447,16426,,6
county,54045,447,71000,,22
county,54047,447,25114,,19
county,54049,447,116883,,39
county,54051,447,33366,,13
county,54053,447,28821,,17
county,54055,447,97154,,34
county,54057,447,28898,,8
county,54059,447,26683,,14
county,54061,447,249188,,42
county,54063,447,9827,,7
county,54065,447,19378,,5
county,54067,447,79626,,18
county,54069,447,131035,,17
county,54071,447,10793,,7
county,54073,447,14702,,3
county,54075,447,23316,,6
county,54077,447,73321,,29
county,54079,447,198113,,33
county,54081,447,269510,,46
county,54083,447,55483,,19
county,54085,447,24456,,5
county,54087,447,17405,,7
county,54089,447,18155,,10
county,54091,447,,D,
county,54093,447,13994,,5
county,54095,447,11157,,5
county,54097,447,38614,,13
county,54099,447,50256,,14
county,54101,447,16726,,6
county,54103,447,36251,,10
county,54107,447,,D,
county,54109,447,47176,,15
county,55001,447,44310,,9
county,55003,447,36232,,16
county,55005,447,163544,,28
county,55007,447,31681,,12
county,55009,447,416363,,100
county,55011,447,26062,,7
county,55013,447,32223,,11
county,55015,447,85108,,19
county,55017,447,146177,,39
county,55019,447,107193,,21
county,55021,447,212358,,34
county,55023,447,44730,,11
county,55025,447,932931,,188
county,55027,447,185167,,42
county,55029,447,63687,,23
county,55031,447,125169,,32
county,55033,447,114368,,23
county,55035,447,218049,,49
county,55037,447,10029,,3
county,55039,447,276716,,49
county,55041,447,21274,,9
county,55043,447,137394,,37
county,55045,447,,D,
county,55047,447,48881,,13
county,55049,447,,D,
county,55051,447,11377,,7
county,55053,447,111006,,19
county,55055,447,176201,,38
county,55057,447,139695,,20
county,55059,447,277084,,64
county,55061,447,33639,,13
county,55063,447,251637,,39
county,55065,447,29079,,9
county,55067,447,83166,,19
county,55069,447,91614,,24
county,55071,447,184543,,43
county,55073,447,272313,,58
county,55075,447,93150,,37
county,55077,447,33866,,10
county,55079,447,1093333,,304
county,55081,447,163397,,25
county,55083,447,75596,,29
county,55085,447,75048,,26
county,55087,447,364777,,79
county,55089,447,140976,,31
county,55091,447,20119,,6
county,55093,447,53668,,21
county,55095,447,78572,,25
county,55097,447,139302,,29
county,55099,447,28604,,12
county,55101,447,330603,,75
county,55103,447,61009,,13
county,55105,447,360452,,69
county,55107,447,37709,,13
county,55109,447,270712,,45
county,55111,447,207188,,45
county,55113,447,28165,,12
county,55115,447,,D,
county,55117,447,242163,,55
county,55119,447,28338,,11
county,55121,447,133129,,26
county,55123,447,53748,,13
county,55125,447,60831,,26
county,55127,447,209742,,54
county,55129,447,37062,,9
county,55131,447,253369,,56
county,55133,447,606480,,125
county,55135,447,115961,,32
county,55137,447,74343,,17
county,55139,447,367043,,64
county,55141,447,227358,,36
county,56001,447,132034,,18
county,56003,447,38581,,12
county,56005,447,102851,,18
county,56007,447,130570,,21
county,56009,447,30800,,7
county,56011,447,27568,,6
county,56013,447,78600,,20
county,56015,447,28650,,6
county,56017,447,11089,,4
county,56019,447,26256,,7
county,56021,447,367526,,39
county,56023,447,47059,,15
county,56025,447,208274,,41
county,56027,447,,D,
county,56029,447,57632,,18
county,56031,447,28561,,10
county,56033,447,56268,,12
county,56035,447,19210,,5
county,56037,447,240736,,31
county,56039,447,68499,,18
county,56041,447,143402,,16
county,56043,447,8761,,3
county,56045,447,,D,
county,01001,448,,D,
county,01003,448,270903,,186
county,01005,448,4474,,11
county,01009,448,,D,
county,01013,448,5164,,12
county,01015,448,61764,,51
county,01017,448,3825,,8
county,01019,448,,D,
county,01021,448,4223,,9
county,01023,448,1080,,3
county,01025,448,9793,,14
county,01031,448,,D,
county,01033,448,14659,,22
county,01039,448,10054,,15
county,01043,448,30569,,33
county,01045,448,,D,
county,01047,448,8774,,13
county,01049,448,10529,,13
county,01051,448,,D,
county,01053,448,7510,,13
county,01055,448,52473,,38
county,01057,448,2346,,4
county,01059,448,4722,,7
county,01061,448,,D,
county,01069,448,99136,,73
county,01071,448,6354,,10
county,01073,448,735599,,496
county,01077,448,63562,,55
county,01079,448,7130,,4
county,01081,448,82623,,75
county,01083,448,19572,,21
county,01089,448,260800,,186
county,01091,448,7109,,13
county,01093,448,4342,,8
county,01095,448,38585,,48
county,01097,448,221663,,171
county,01099,448,6188,,8
county,01101,448,173822,,139
county,01103,448,50849,,39
county,01109,448,10364,,16
county,01111,448,1143,,3
county,01113,448,,D,
county,01115,448,,D,
county,01117,448,66287,,52
county,01121,448,14613,,26
county,01123,448,5185,,6
county,01125,448,121198,,110
county,01127,448,23261,,23
county,01133,448,,D,
county,02020,448,224292,,131
county,02090,448,40689,,28
county,02110,448,15670,,22
county,02122,448,9044,,21
county,02130,448,36981,,25
county,02170,448,9045,,13
county,02220,448,11019,,13
county,02230,448,8769,,13
county,02261,448,3294,,3
county,04001,448,12390,,8
county,04003,448,53464,,56
county,04005,448,85037,,85
county,04007,448,6267,,11
county,04009,448,7075,,7
county,04012,448,2508,,5
county,04013,448,3320650,,1687
county,04015,448,46782,,39
county,04017,448,23546,,15
county,04019,448,683735,,421
county,04021,448,31129,,27
county,04023,448,73979,,57
county,04025,448,63996,,77
county,04027,448,96327,,67
county,05001,448,2192,,4
county,05003,448,13348,,8
county,05005,448,23167,,20
county,05007,448,157584,,113
county,05009,448,10095,,18
county,05015,448,5822,,18
county,05019,448,3326,,9
county,05023,448,2776,,4
county,05027,448,8107,,13
county,05029,448,1379,,3
county,05031,448,91860,,67
county,05033,448,1548,,5
county,05035,448,10758,,16
county,05037,448,3707,,9
county,05039,448,593,,3
county,05041,448,648,,3
county,05043,448,6531,,13
county,05045,448,58546,,48
county,05051,448,57200,,67
county,05053,448,,D,
county,05055,448,6246,,12
county,05057,448,7496,,8
county,05059,448,2080,,6
county,05061,448,,D,
county,05063,448,14751,,19
county,05067,448,,D,
county,05069,448,27159,,26
county,05071,448,4653,,9
county,05083,448,968,,3
county,05085,448,,D,
county,05091,448,,D,
county,05093,448,9000,,15
county,05103,448,6195,,8
county,05107,448,2736,,8
county,05113,448,3756,,6
county,05115,448,28190,,29
county,05119,448,388492,,301
county,05123,448,4742,,9
county,05125,448,14611,,25
county,05131,448,101849,,86
county,05133,448,,D,
county,05139,448,19931,,18
county,05141,448,922,,3
county,05143,448,,D,
county,05145,448,30465,,24
county,06001,448,1460702,,648
county,06005,448,,D,
county,06007,448,101358,,71
county,06009,448,3724,,11
county,06013,448,879805,,353
county,06017,448,64070,,50
county,06019,448,591012,,309
county,06023,448,58117,,67
county,06025,448,199530,,121
county,06027,448,3021,,6
county,06029,448,445076,,240
county,06031,448,48871,,38
county,06033,448,935,,6
county,06035,448,5136,,6
county,06037,448,12736774,,5299
county,06039,448,28293,,28
county,06041,448,312974,,166
county,06043,448,1349,,3
county,06045,448,32333,,52
county,06047,448,69017,,55
county,06051,448,11492,,11
county,06053,448,359306,,226
county,06055,448,105182,,82
county,06057,448,27889,,41
county,06059,448,4156904,,1635
county,06061,448,499040,,203
county,06065,448,2076228,,868
county,06067,448,960167,,447
county,06069,448,807,,5
county,06071,448,1841272,,708
county,06073,448,3757459,,1574
county,06075,448,1993527,,716
county,06077,448,355697,,209
county,06079,448,227758,,158
county,06081,448,736503,,307
county,06083,448,349332,,246
county,06085,448,2315470,,894
county,06087,448,175317,,135
county,06089,448,76391,,61
county,06093,448,4826,,7
county,06095,448,449823,,187
county,06097,448,366843,,264
county,06099,448,366234,,190
county,06101,448,50870,,31
county,06103,448,676,,4
county,06107,448,244551,,149
county,06109,448,18083,,18
county,06111,448,980250,,448
county,06113,448,54742,,43
county,06115,448,,D,
county,08001,448,168869,,83
county,08003,448,4816,,5
county,08005,448,430086,,213
county,08007,448,4126,,8
county,08013,448,189828,,139
county,08014,448,166005,,83
county,08015,448,,D,
county,08019,448,2682,,3
county,08029,448,,D,
county,08031,448,708365,,359
county,08035,448,550668,,215
county,08037,448,142600,,90
county,08041,448,,D,
county,08043,448,2235,,7
county,08045,448,22780,,25
county,08049,448,1725,,4
county,08051,448,7206,,18
county,08059,448,378407,,227
county,08067,448,29648,,39
county,08069,448,272527,,187
county,08071,448,1884,,3
county,08075,448,6425,,8
county,08077,448,74016,,63
county,08081,448,1957,,3
county,08083,448,3419,,5
county,08085,448,12633,,11
county,08087,448,3928,,5
county,08089,448,352,,4
county,08093,448,,D,
county,08097,448,129901,,81
county,08099,448,,D,
county,08101,448,57402,,44
county,08107,448,16752,,29
county,08111,448,1402,,4
county,08113,448,13738,,14
county,08117,448,109868,,82
county,08123,448,61071,,44
county,08125,448,980,,4
county,09001,448,1322138,,568
county,09003,448,852555,,404
county,09005,448,56224,,30
county,09007,448,227266,,112
county,09009,448,518488,,375
county,09011,448,213424,,152
county,09013,448,34109,,18
county,09015,448,14944,,11
county,10001,448,79650,,64
county,10003,448,476984,,263
county,10005,448,341439,,205
county,11001,448,741719,,321
county,12001,448,164600,,130
county,12003,448,,D,
county,12005,448,186368,,130
county,12007,448,3322,,5
county,12009,448,299085,,192
county,12011,448,2605008,,1091
county,12015,448,78644,,53
county,12017,448,39608,,22
county,12019,448,94691,,83
county,12021,448,623513,,305
county,12023,448,33468,,22
county,12027,448,7003,,9
county,12031,448,795324,,443
county,12033,448,212547,,145
county,12035,448,33486,,15
county,12037,448,5716,,8
county,12039,448,,D,
county,12045,448,854,,3
county,12049,448,3743,,9
county,12051,448,5631,,6
county,12053,448,49276,,30
county,12055,448,41012,,26
county,12057,448,1148794,,626
county,12059,448,709,,3
county,12061,448,161431,,129
county,12063,448,13294,,16
county,12069,448,122065,,75
county,12071,448,802235,,453
county,12073,448,235381,,170
county,12075,448,4755,,9
county,12079,448,2507,,3
county,12081,448,451989,,258
county,12083,448,134540,,95
county,12085,448,140517,,101
county,12086,448,5192550,,2230
county,12087,448,135492,,141
county,12089,448,,D,
county,12091,448,233035,,141
county,12093,448,8211,,8
county,12095,448,3245421,,1008
county,12097,448,384911,,125
county,12099,448,2145369,,1112
county,12101,448,294869,,191
county,12103,448,731149,,465
county,12105,448,280732,,178
county,12107,448,11809,,15
county,12109,448,256379,,191
county,12111,448,99607,,53
county,12113,448,26754,,22
county,12115,448,402911,,258
county,12117,448,345393,,226
county,12119,448,55352,,30
county,12121,448,5049,,6
county,12123,448,2665,,5
county,12127,448,299311,,248
county,12129,448,,D,
county,12131,448,255712,,146
county,12133,448,5798,,7
county,13001,448,3882,,6
county,13009,448,21907,,20
county,13011,448,9157,,6
county,13013,448,14340,,9
county,13015,448,24216,,16
county,13017,448,4151,,7
county,13021,448,132433,,117
county,13031,448,40489,,31
county,13039,448,6680,,10
county,13045,448,43774,,34
county,13047,448,34717,,17
county,13051,448,361156,,291
county,13055,448,2102,,4
county,13057,448,144826,,98
county,13059,448,95475,,90
county,13063,448,134978,,85
county,13067,448,552118,,347
county,13069,448,12076,,15
county,13071,448,11127,,14
county,13073,448,31069,,19
county,13075,448,,D,
county,13077,448,65535,,45
county,13081,448,8536,,14
county,13085,448,211584,,95
county,13087,448,8955,,11
county,13089,448,647191,,378
county,13091,448,3104,,7
county,13095,448,78095,,65
county,13097,448,145445,,66
county,13099,448,,D,
county,13103,448,,D,
county,13107,448,4879,,9
county,13111,448,14938,,20
county,13113,448,121428,,65
county,13115,448,59494,,46
county,13117,448,78118,,53
county,13119,448,1147,,3
county,13121,448,1740457,,770
county,13123,448,7966,,8
county,13127,448,70076,,71
county,13129,448,55935,,43
county,13131,448,2806,,5
county,13133,448,1792,,5
county,13135,448,706176,,427
county,13137,448,6834,,11
county,13139,448,73007,,48
county,13143,448,,D,
county,13147,448,2399,,3
county,13151,448,199310,,95
county,13153,448,69344,,57
county,13157,448,104674,,63
county,13161,448,1910,,3
county,13175,448,24428,,33
county,13179,448,19683,,19
county,13185,448,104012,,75
county,13187,448,4156,,7
county,13189,448,6431,,8
county,13191,448,,D,
county,13205,448,,D,
county,13207,448,,D,
county,13211,448,5474,,9
county,13215,448,176493,,138
county,13217,448,15582,,13
county,13219,448,37732,,23
county,13223,448,30385,,17
county,13225,448,4803,,7
county,13227,448,3721,,4
county,13231,448,,D,
county,13233,448,2800,,5
county,13237,448,,D,
county,13241,448,1085,,3
county,13245,448,234876,,150
county,13247,448,57137,,28
county,13253,448,217,,3
county,13255,448,40765,,22
county,13257,448,,D,
county,13261,448,7509,,11
county,13271,448,1318,,3
county,13275,448,19621,,26
county,13277,448,29605,,29
county,13279,448,,D,
county,13281,448,,D,
county,13285,448,24375,,24
county,13293,448,2525,,6
county,13295,448,1769,,7
county,13297,448,6227,,13
county,13299,448,24192,,23
county,13303,448,3164,,6
county,13305,448,9255,,13
county,13311,448,,D,
county,13313,448,,D,
county,13321,448,,D,
county,15001,448,134621,,108
county,15003,448,2171498,,807
county,15007,448,102324,,104
county,15009,448,336032,,253
county,16001,448,292591,,198
county,16005,448,31384,,33
county,16013,448,39355,,30
county,16017,448,7054,,15
county,16019,448,79884,,64
county,16021,448,1780,,7
county,16027,448,44167,,29
county,16031,448,6238,,9
county,16039,448,1339,,3
county,16049,448,938,,3
county,16053,448,857,,3
county,16055,448,44557,,44
county,16057,448,15230,,16
county,16059,448,,D,
county,16065,448,6946,,13
county,16069,448,22384,,17
county,16083,448,57631,,50
county,16085,448,2142,,5
county,17001,448,39129,,40
county,17007,448,1758,,4
county,17011,448,3323,,5
county,17019,448,115731,,93
county,17021,448,3618,,7
county,17027,448,,D,
county,17029,448,8196,,15
county,17031,448,5545981,,2607
county,17033,448,2830,,5
county,17035,448,544,,3
county,17037,448,19856,,16
county,17041,448,44987,,34
county,17043,448,1208179,,504
county,17049,448,18653,,25
county,17055,448,8784,,11
county,17057,448,2331,,5
county,17063,448,4167,,9
county,17065,448,239,,3
county,17073,448,,D,
county,17077,448,46351,,31
county,17081,448,13338,,15
county,17085,448,6307,,12
county,17089,448,545983,,277
county,17091,448,41632,,35
county,17093,448,45292,,27
county,17095,448,7584,,16
county,17097,448,513624,,348
county,17099,448,32490,,40
county,17103,448,2560,,5
county,17105,448,2065,,3
county,17107,448,2338,,5
county,17109,448,6494,,11
county,17111,448,102634,,62
county,17113,448,102425,,66
county,17115,448,52956,,38
county,17117,448,1409,,5
county,17119,448,54212,,64
county,17121,448,4358,,9
county,17127,448,806,,4
county,17133,448,3825,,10
county,17135,448,,D,
county,17137,448,8105,,12
county,17143,448,138500,,111
county,17145,448,913,,4
county,17157,448,,D,
county,17159,448,4820,,6
county,17161,448,44027,,43
county,17163,448,166861,,132
county,17165,448,5286,,7
county,17167,448,122724,,97
county,17177,448,10602,,16
county,17179,448,,D,
county,17183,448,15923,,16
county,17185,448,824,,5
county,17189,448,322,,4
county,17191,448,2037,,4
county,17193,448,295,,3
county,17195,448,9028,,17
county,17197,448,241062,,161
county,17199,448,15629,,24
county,17201,448,169789,,119
county,18001,448,3390,,6
county,18003,448,268306,,168
county,18005,448,137778,,81
county,18011,448,6348,,14
county,18013,448,4912,,14
county,18017,448,7489,,10
county,18019,448,66381,,41
county,18023,448,1863,,3
county,18027,448,3651,,6
county,18029,448,4416,,5
county,18031,448,,D,
county,18033,448,3314,,6
county,18035,448,,D,
county,18037,448,12996,,18
county,18039,448,50320,,38
county,18041,448,3306,,7
county,18043,448,12010,,12
county,18047,448,3100,,5
county,18049,448,1721,,4
county,18051,448,7244,,9
county,18053,448,11437,,11
county,18055,448,,D,
county,18057,448,174029,,127
county,18059,448,6122,,9
county,18061,448,3601,,8
county,18063,448,84540,,53
county,18065,448,6797,,13
county,18067,448,41638,,39
county,18069,448,6366,,8
county,18071,448,15239,,19
county,18073,448,,D,
county,18077,448,9088,,9
county,18081,448,173428,,95
county,18083,448,12843,,20
county,18085,448,18212,,16
county,18087,448,,D,
county,18089,448,292310,,155
county,18091,448,150547,,92
county,18093,448,10447,,14
county,18095,448,21622,,19
county,18097,448,798472,,398
county,18099,448,7399,,14
county,18105,448,64250,,64
county,18107,448,4313,,7
county,18109,448,4367,,11
county,18113,448,2779,,5
county,18117,448,779,,3
county,18123,448,3622,,8
county,18127,448,37838,,32
county,18129,448,871,,3
county,18133,448,4859,,6
county,18135,448,224,,3
county,18141,448,226331,,127
county,18145,448,3945,,7
county,18151,448,29186,,31
county,18157,448,89032,,77
county,18163,448,192775,,115
county,18167,448,73385,,58
county,18169,448,2588,,6
county,18173,448,5141,,9
county,18175,448,2285,,5
county,18177,448,24016,,20
county,18179,448,2044,,6
county,18181,448,4038,,7
county,18183,448,2272,,5
county,19007,448,939,,3
county,19011,448,,D,
county,19013,448,70063,,71
county,19015,448,2316,,6
county,19017,448,,D,
county,19021,448,5356,,11
county,19027,448,8866,,14
county,19029,448,2002,,7
county,19031,448,655,,3
county,19033,448,23404,,25
county,19035,448,1142,,6
county,19037,448,239,,3
county,19041,448,12707,,14
county,19043,448,954,,3
county,19045,448,8909,,12
county,19049,448,168872,,80
county,19055,448,1575,,4
county,19057,448,20618,,28
county,19059,448,9833,,15
county,19061,448,52228,,50
county,19065,448,1001,,5
county,19067,448,897,,7
county,19079,448,,D,
county,19081,448,1694,,4
county,19083,448,907,,5
county,19087,448,3599,,7
county,19089,448,1371,,5
county,19095,448,66706,,44
county,19099,448,1986,,5
county,19101,448,,D,
county,19103,448,,D,
county,19105,448,,D,
county,19109,448,2439,,5
county,19111,448,,D,
county,19113,448,,D,
county,19121,448,,D,
county,19123,448,4164,,6
county,19125,448,,D,
county,19127,448,8624,,11
county,19137,448,756,,3
county,19139,448,3171,,6
county,19141,448,,D,
county,19145,448,,D,
county,19147,448,690,,3
county,19149,448,,D,
county,19153,448,308974,,195
county,19155,448,27029,,21
county,19157,448,,D,
county,19163,448,150271,,97
county,19165,448,800,,4
county,19167,448,4009,,11
county,19169,448,39373,,39
county,19175,448,1437,,5
county,19179,448,9357,,17
county,19181,448,,D,
county,19187,448,14607,,20
county,19191,448,7347,,13
county,19193,448,84117,,63
county,20009,448,7359,,14
county,20011,448,2691,,6
county,20015,448,,D,
county,20027,448,547,,4
county,20029,448,,D,
county,20035,448,5405,,10
county,20037,448,9102,,16
county,20041,448,751,,4
county,20045,448,40509,,41
county,20051,448,17980,,27
county,20055,448,39394,,27
county,20057,448,10816,,15
county,20059,448,,D,
county,20061,448,2807,,4
county,20077,448,1446,,4
county,20079,448,6045,,9
county,20091,448,602698,,301
county,20099,448,1092,,3
county,20103,448,,D,
county,20111,448,10154,,15
county,20113,448,3919,,8
county,20121,448,6263,,6
county,20125,448,6439,,12
county,20133,448,4770,,7
county,20149,448,,D,
county,20151,448,1806,,3
county,20155,448,13205,,16
county,20161,448,,D,
county,20169,448,35567,,34
county,20173,448,319855,,237
county,20175,448,17299,,16
county,20177,448,76825,,79
county,20193,448,3062,,6
county,20209,448,139427,,67
county,21005,448,975,,4
county,21009,448,14376,,16
county,21013,448,7132,,11
county,21015,448,116901,,74
county,21017,448,2914,,4
county,21019,448,49075,,30
county,21021,448,20567,,16
county,21029,448,,D,
county,21033,448,5479,,10
county,21035,448,16664,,24
county,21037,448,12071,,19
county,21043,448,3196,,6
county,21047,448,17745,,24
county,21049,448,10434,,10
county,21059,448,42668,,43
county,21067,448,388366,,246
county,21071,448,5058,,10
county,21073,448,21753,,15
county,21075,448,625,,4
county,21079,448,1129,,3
county,21083,448,5620,,10
county,21085,448,3397,,7
county,21093,448,,D,
county,21095,448,1349,,3
county,21097,448,1396,,4
county,21101,448,5346,,9
county,21107,448,20037,,19
county,21111,448,614724,,378
county,21113,448,,D,
county,21115,448,7026,,8
county,21117,448,51724,,46
county,21121,448,18893,,14
county,21125,448,,D,
county,21127,448,2872,,4
county,21131,448,,D,
county,21133,448,2279,,4
county,21141,448,2430,,5
county,21145,448,79479,,61
county,21151,448,27909,,26
county,21155,448,3028,,6
county,21157,448,3509,,9
county,21161,448,10100,,10
county,21167,448,904,,4
county,21171,448,507,,5
county,21173,448,9006,,16
county,21177,448,3368,,6
county,21179,448,9877,,12
county,21183,448,1548,,5
county,21185,448,561,,3
county,21193,448,13002,,12
county,21195,448,37992,,27
county,21199,448,32008,,31
county,21205,448,6459,,10
county,21207,448,,D,
county,21209,448,5025,,9
county,21211,448,119738,,73
county,21213,448,,D,
county,21217,448,13831,,13
county,21225,448,,D,
county,21227,448,96576,,81
county,21231,448,2309,,3
county,21235,448,,D,
county,22001,448,,D,
county,22003,448,1052,,3
county,22005,448,99187,,73
county,22009,448,4427,,7
county,22011,448,8295,,9
county,22015,448,167054,,87
county,22017,448,,D,
county,22019,448,136454,,115
county,22031,448,,D,
county,22033,448,443433,,331
county,22039,448,3158,,7
county,22041,448,2873,,5
county,22045,448,31115,,27
county,22047,448,5316,,5
county,22051,448,488777,,334
county,22053,448,5704,,9
county,22055,448,246775,,186
county,22057,448,16440,,25
county,22061,448,26935,,25
county,22063,448,37885,,24
county,22067,448,5970,,11
county,22069,448,13597,,19
county,22071,448,423177,,294
county,22073,448,115852,,105
county,22077,448,3620,,8
county,22079,448,78292,,74
county,22085,448,982,,5
county,22087,448,,D,
county,22089,448,,D,
county,22095,448,9348,,15
county,22097,448,23678,,26
county,22101,448,11225,,15
county,22103,448,159141,,134
county,22105,448,44100,,50
county,22109,448,64308,,70
county,22111,448,719,,3
county,22113,448,6104,,14
county,22115,448,6000,,9
county,22117,448,3841,,9
county,22119,448,16074,,14
county,22121,448,1908,,6
county,22127,448,855,,6
county,23001,448,25001,,20
county,23003,448,11945,,20
county,23005,448,352319,,206
county,23007,448,3860,,9
county,23009,448,28119,,36
county,23011,448,44295,,28
county,23013,448,18156,,19
county,23015,448,7110,,17
county,23017,448,5536,,9
county,23019,448,83924,,54
county,23023,448,6017,,9
county,23025,448,,D,
county,23027,448,3663,,9
county,23029,448,,D,
county,23031,448,177809,,126
county,24001,448,,D,
county,24003,448,715673,,376
county,24005,448,796096,,422
county,24009,448,24002,,16
county,24013,448,52839,,42
county,24015,448,6153,,12
county,24017,448,126821,,80
county,24019,448,2316,,5
county,24021,448,129035,,79
county,24023,448,,D,
county,24025,448,96723,,64
county,24027,448,294060,,134
county,24029,448,,D,
county,24031,448,1013393,,485
county,24033,448,664428,,359
county,24035,448,105044,,52
county,24037,448,40090,,20
county,24041,448,17061,,25
county,24043,448,188570,,109
county,24045,448,81063,,57
county,24047,448,113254,,95
county,24510,448,241809,,201
county,25001,448,310478,,232
county,25003,448,141540,,102
county,25005,448,408381,,244
county,25007,448,43101,,65
county,25009,448,654524,,376
county,25011,448,4740,,12
county,25013,448,288377,,184
county,25015,448,65251,,43
county,25017,448,1585767,,737
county,25019,448,46272,,51
county,25021,448,1175216,,452
county,25023,448,314531,,211
county,25025,448,1378723,,452
county,25027,448,378864,,217
county,26005,448,11430,,26
county,26007,448,9735,,14
county,26015,448,2361,,8
county,26017,448,23721,,25
county,26019,448,,D,
county,26021,448,29160,,33
county,26023,448,4539,,7
county,26025,448,44864,,40
county,26027,448,1342,,5
county,26029,448,5825,,11
county,26031,448,6961,,11
county,26033,448,79412,,12
county,26037,448,9560,,8
county,26041,448,8712,,16
county,26043,448,7786,,13
county,26045,448,49743,,41
county,26047,448,32129,,40
county,26049,448,133591,,120
county,26053,448,1803,,3
county,26055,448,83979,,86
county,26059,448,2789,,6
county,26061,448,5502,,8
county,26063,448,3826,,9
county,26065,448,153501,,134
county,26067,448,675,,3
county,26069,448,3841,,10
county,26073,448,19770,,14
county,26075,448,38376,,40
county,26077,448,168968,,114
county,26081,448,495573,,327
county,26087,448,11632,,11
county,26089,448,,D,
county,26091,448,17657,,19
county,26093,448,143160,,100
county,26097,448,7996,,12
county,26099,448,451203,,306
county,26101,448,2787,,5
county,26103,448,25279,,26
county,26105,448,5722,,11
county,26107,448,6287,,9
county,26111,448,29232,,25
county,26115,448,22305,,22
county,26117,448,6152,,7
county,26121,448,65748,,60
county,26123,448,3195,,9
county,26125,448,1631934,,806
county,26127,448,877,,6
county,26129,448,19863,,21
county,26137,448,12797,,9
county,26139,448,71942,,74
county,26143,448,,D,
county,26145,448,261724,,165
county,26147,448,47324,,45
county,26149,448,5433,,9
county,26151,448,,D,
county,26155,448,2874,,6
county,26157,448,1354,,3
county,26159,448,4647,,18
county,26161,448,249559,,147
county,26163,448,770315,,628
county,26165,448,,D,
county,27003,448,118458,,78
county,27005,448,10339,,13
county,27007,448,24829,,27
county,27009,448,932,,3
county,27013,448,63362,,55
county,27015,448,3763,,7
county,27017,448,1726,,5
county,27019,448,6373,,9
county,27021,448,2045,,8
county,27025,448,24426,,23
county,27027,448,4225,,10
county,27031,448,1768,,7
county,27033,448,1091,,4
county,27035,448,20120,,35
county,27037,448,290267,,190
county,27041,448,12971,,22
county,27047,448,3981,,10
county,27049,448,10518,,18
county,27053,448,1543764,,742
county,27057,448,1230,,5
county,27059,448,1674,,3
county,27061,448,5823,,10
county,27065,448,403,,4
county,27067,448,12851,,24
county,27071,448,3004,,7
county,27079,448,953,,3
county,27083,448,4650,,13
county,27085,448,6374,,15
county,27091,448,5224,,10
county,27095,448,686,,4
county,27097,448,4841,,9
county,27099,448,6864,,6
county,27103,448,1733,,7
county,27105,448,4264,,11
county,27109,448,,D,
county,27111,448,4186,,11
county,27113,448,4065,,4
county,27117,448,,D,
county,27119,448,201,,3
county,27123,448,328028,,237
county,27131,448,8222,,12
county,27135,448,2169,,6
county,27137,448,109272,,97
county,27139,448,14023,,18
county,27141,448,4576,,9
county,27145,448,113890,,87
county,27147,448,35492,,29
county,27157,448,,D,
county,27159,448,602,,3
county,27163,448,158904,,104
county,27169,448,8909,,13
county,27171,448,158658,,84
county,27173,448,524,,4
county,28001,448,11437,,15
county,28003,448,20816,,26
county,28007,448,6547,,13
county,28011,448,12734,,23
county,28013,448,1068,,5
county,28017,448,1032,,5
county,28023,448,1535,,5
county,28025,448,2831,,4
county,28027,448,8624,,15
county,28029,448,3039,,5
county,28031,448,,D,
county,28033,448,146470,,98
county,28035,448,,D,
county,28039,448,4521,,6
county,28043,448,10655,,17
county,28045,448,5021,,9
county,28047,448,213047,,140
county,28049,448,150545,,115
county,28057,448,2288,,7
county,28059,448,27864,,41
county,28067,448,,D,
county,28071,448,48588,,48
county,28073,448,88999,,59
county,28075,448,56242,,51
county,28079,448,3472,,7
county,28081,448,101854,,82
county,28083,448,15412,,18
county,28085,448,13661,,20
county,28087,448,40867,,43
county,28089,448,124193,,118
county,28091,448,4446,,7
county,28093,448,7151,,6
county,28095,448,3741,,8
county,28097,448,2116,,7
county,28099,448,8601,,14
county,28101,448,975,,5
county,28105,448,24393,,26
county,28107,448,12157,,19
county,28109,448,9610,,16
county,28113,448,27838,,29
county,28115,448,4874,,8
county,28117,448,4424,,10
county,28121,448,156516,,121
county,28123,448,5916,,9
county,28127,448,4972,,9
county,28133,448,4618,,9
county,28137,448,3832,,8
county,28139,448,,D,
county,28141,448,892,,6
county,28143,448,,D,
county,28145,448,5975,,12
county,28147,448,842,,4
county,28149,448,22807,,29
county,28151,448,29188,,27
county,28153,448,3938,,7
county,28159,448,5439,,9
county,28163,448,5389,,10
county,29001,448,11559,,17
county,29007,448,3332,,4
county,29009,448,,D,
county,29019,448,97991,,89
county,29021,448,50742,,41
county,29023,448,23873,,24
county,29027,448,,D,
county,29029,448,85759,,68
county,29031,448,55994,,60
county,29037,448,9447,,14
county,29043,448,11321,,17
county,29047,448,84843,,41
county,29049,448,,D,
county,29051,448,41431,,27
county,29053,448,1020,,4
county,29069,448,4099,,7
county,29071,448,22054,,26
county,29077,448,197588,,126
county,29079,448,602,,3
county,29083,448,4635,,11
county,29091,448,13829,,20
county,29095,448,450860,,307
county,29097,448,78935,,62
county,29099,448,27772,,22
county,29101,448,6048,,13
county,29105,448,13950,,15
county,29107,448,,D,
county,29109,448,,D,
county,29113,448,3753,,7
county,29115,448,765,,4
county,29117,448,6200,,11
county,29127,448,4572,,11
county,29131,448,16919,,9
county,29143,448,,D,
county,29145,448,7068,,13
county,29147,448,5898,,8
county,29157,448,3920,,8
county,29159,448,17673,,15
county,29161,448,12713,,14
county,29165,448,95589,,74
county,29167,448,4126,,8
county,29169,448,6802,,11
county,29175,448,5006,,11
county,29183,448,193706,,144
county,29186,448,873,,3
county,29187,448,11589,,17
county,29189,448,1199536,,683
county,29195,448,3412,,7
county,29201,448,9147,,13
county,29207,448,989,,5
county,29213,448,183368,,120
county,29215,448,302,,3
county,29217,448,3487,,7
county,29219,448,,D,
county,29221,448,,D,
county,29510,448,114822,,101
county,30001,448,,D,
county,30009,448,1479,,6
county,30013,448,37307,,39
county,30017,448,2826,,7
county,30029,448,58281,,41
county,30031,448,54231,,64
county,30041,448,3528,,12
county,30047,448,,D,
county,30049,448,,D,
county,30053,448,353,,3
county,30057,448,,D,
county,30063,448,79298,,68
county,30067,448,792,,4
county,30081,448,2627,,7
county,30083,448,2157,,4
county,30093,448,7228,,20
county,30101,448,327,,3
county,30105,448,1613,,4
county,30111,448,107093,,87
county,31001,448,5318,,9
county,31019,448,,D,
county,31025,448,,D,
county,31031,448,,D,
county,31041,448,907,,5
county,31045,448,2077,,4
county,31047,448,2526,,8
county,31053,448,10443,,16
county,31055,448,435741,,253
county,31067,448,5167,,11
county,31079,448,56617,,48
county,31081,448,,D,
county,31089,448,2090,,3
county,31101,448,812,,4
county,31109,448,168852,,137
county,31111,448,14028,,20
county,31119,448,,D,
county,31131,448,5800,,6
county,31137,448,2079,,5
county,31141,448,16853,,21
county,31145,448,5095,,8
county,31153,448,111654,,83
county,31155,448,,D,
county,31157,448,8909,,20
county,31159,448,1436,,3
county,31161,448,548,,4
county,31169,448,,D,
county,31179,448,1314,,3
county,31185,448,2422,,4
county,32003,448,4127347,,1464
county,32005,448,18945,,17
county,32007,448,22373,,17
county,32013,448,,D,
county,32029,448,2588,,3
county,32031,448,330006,,209
county,32510,448,,D,
county,33001,448,82383,,54
county,33003,448,,D,
county,33005,448,25578,,22
county,33007,448,3323,,10
county,33009,448,67102,,46
county,33011,448,504788,,250
county,33013,448,63529,,46
county,33015,448,340971,,224
county,33017,448,31028,,18
county,33019,448,,D,
county,34001,448,378080,,247
county,34003,448,1453571,,630
county,34005,448,295750,,158
county,34007,448,465551,,273
county,34009,448,115249,,148
county,34011,448,66048,,53
county,34013,448,840900,,453
county,34015,448,214821,,111
county,34017,448,555743,,332
county,34019,448,98273,,61
county,34021,448,381652,,190
county,34023,448,663186,,410
county,34025,448,993206,,502
county,34027,448,431960,,226
county,34029,448,429055,,305
county,34031,448,556300,,276
county,34033,448,7161,,7
county,34035,448,328367,,155
county,34037,448,41721,,19
county,34039,448,910393,,332
county,34041,448,30146,,21
county,35001,448,483556,,303
county,35005,448,21238,,20
county,35007,448,1140,,4
county,35009,448,19208,,27
county,35013,448,74396,,61
county,35015,448,24851,,18
county,35017,448,4624,,8
county,35025,448,27635,,29
county,35027,448,15908,,25
county,35028,448,,D,
county,35029,448,1628,,3
county,35031,448,28200,,32
county,35035,448,13023,,16
county,35039,448,,D,
county,35041,448,2497,,3
county,35043,448,13216,,11
county,35045,448,50807,,44
county,35047,448,3551,,6
county,35049,448,180630,,151
county,35051,448,1697,,3
county,35055,448,11290,,29
county,35061,448,8168,,11
county,36001,448,353055,,211
county,36005,448,877179,,476
county,36007,448,99632,,85
county,36009,448,12075,,20
county,36011,448,17102,,11
county,36013,448,48099,,36
county,36015,448,60863,,48
county,36017,448,3986,,7
county,36019,448,63029,,33
county,36021,448,14815,,19
county,36023,448,14606,,11
county,36025,448,1043,,4
county,36027,448,153870,,115
county,36029,448,589318,,431
county,36031,448,19618,,18
county,36033,448,6344,,6
county,36035,448,5365,,9
county,36037,448,17335,,13
county,36039,448,4036,,6
county,36041,448,1775,,3
county,36043,448,1250,,4
county,36045,448,63146,,48
county,36047,448,1932131,,1508
county,36051,448,8118,,10
county,36053,448,4044,,9
county,36055,448,397539,,290
county,36057,448,14455,,14
county,36059,448,2230517,,1017
county,36061,448,12111993,,3047
county,36063,448,256604,,134
county,36065,448,100385,,83
county,36067,448,371930,,239
county,36069,448,172634,,97
county,36071,448,1354594,,293
county,36073,448,1717,,4
county,36075,448,16693,,20
county,36077,448,21095,,17
county,36079,448,19982,,13
county,36081,448,1280115,,1011
county,36083,448,,D,
county,36085,448,295897,,193
county,36087,448,347667,,255
county,36089,448,21532,,18
county,36091,448,110077,,100
county,36093,448,51898,,36
county,36099,448,111378,,62
county,36101,448,10082,,16
county,36103,448,1714444,,957
county,36105,448,1385,,9
county,36107,448,1513,,3
county,36109,448,31446,,35
county,36111,448,60159,,57
county,36113,448,117167,,77
county,36115,448,1085,,3
county,36117,448,3643,,8
county,36119,448,1166212,,584
county,36121,448,,D,
county,36123,448,1459,,4
county,37001,448,177726,,113
county,37003,448,2343,,5
county,37007,448,2258,,6
county,37009,448,,D,
county,37011,448,,D,
county,37013,448,11875,,14
county,37017,448,4365,,6
county,37019,448,37019,,50
county,37021,448,268537,,192
county,37023,448,20173,,21
county,37025,448,290387,,165
county,37027,448,7761,,11
county,37031,448,47076,,45
county,37035,448,110802,,89
county,37037,448,2873,,6
county,37039,448,,D,
county,37041,448,2985,,5
county,37045,448,23633,,25
county,37047,448,,D,
county,37049,448,,D,
county,37051,448,249653,,156
county,37053,448,6020,,14
county,37055,448,,D,
county,37057,448,18787,,26
county,37059,448,2600,,9
county,37061,448,4916,,7
county,37063,448,352812,,179
county,37065,448,,D,
county,37067,448,285206,,195
county,37069,448,1601,,4
county,37071,448,100707,,68
county,37077,448,2117,,4
county,37081,448,384980,,256
county,37083,448,,D,
county,37085,448,8641,,14
county,37087,448,16692,,15
county,37089,448,40342,,35
county,37091,448,3296,,6
county,37093,448,3525,,5
county,37097,448,68450,,50
county,37099,448,7126,,17
county,37101,448,122361,,81
county,37105,448,29869,,26
county,37107,448,12124,,16
county,37109,448,7620,,6
county,37111,448,7542,,9
county,37113,448,29508,,36
county,37117,448,3048,,6
county,37119,448,1284237,,643
county,37121,448,1951,,4
county,37125,448,47549,,46
county,37127,448,,D,
county,37129,448,206273,,169
county,37133,448,91620,,69
county,37135,448,37572,,37
county,37139,448,18279,,20
county,37141,448,3803,,8
county,37145,448,8777,,9
county,37147,448,123281,,88
county,37151,448,58188,,31
county,37153,448,14729,,22
county,37155,448,30684,,32
county,37157,448,9084,,17
county,37159,448,31556,,25
county,37161,448,27928,,10
county,37163,448,,D,
county,37165,448,7618,,11
county,37167,448,19211,,20
county,37169,448,711,,4
county,37171,448,23475,,26
county,37173,448,,D,
county,37175,448,6127,,10
county,37179,448,49918,,41
county,37181,448,13271,,18
county,37183,448,835507,,486
county,37187,448,1944,,3
county,37189,448,69782,,62
county,37191,448,57647,,54
county,37193,448,12072,,14
county,37195,448,28648,,24
county,37197,448,2080,,4
county,37199,448,6418,,4
county,38003,448,484,,3
county,38015,448,79228,,77
county,38017,448,161841,,114
county,38035,448,47627,,52
county,38057,448,550,,4
county,38059,448,1462,,4
county,38061,448,399,,3
county,38071,448,2967,,5
county,38077,448,2297,,4
county,38089,448,12021,,16
county,38093,448,5829,,11
county,38099,448,675,,4
county,38101,448,43087,,47
county,38105,448,12590,,13
county,39003,448,58562,,54
county,39005,448,4615,,10
county,39007,448,10251,,11
county,39009,448,8024,,14
county,39011,448,,D,
county,39013,448,40189,,28
county,39017,448,238152,,150
county,39023,448,26364,,29
county,39025,448,63442,,50
county,39027,448,5081,,7
county,39029,448,11941,,16
county,39031,448,6775,,10
county,39033,448,3148,,10
county,39035,448,1051509,,637
county,39037,448,5436,,10
county,39039,448,10245,,10
county,39041,448,296847,,151
county,39043,448,42188,,43
county,39045,448,72128,,46
county,39047,448,109246,,69
county,39049,448,844951,,456
county,39051,448,2277,,8
county,39053,448,7124,,11
county,39055,448,10123,,17
county,39057,448,144956,,108
county,39059,448,,D,
county,39061,448,720202,,436
county,39063,448,40014,,30
county,39065,448,4280,,6
county,39071,448,5901,,6
county,39073,448,,D,
county,39075,448,10442,,9
county,39077,448,2469,,8
county,39079,448,6404,,9
county,39081,448,,D,
county,39083,448,14437,,15
county,39085,448,134555,,90
county,39087,448,3187,,4
county,39089,448,34430,,30
county,39091,448,,D,
county,39093,448,63866,,55
county,39095,448,258067,,183
county,39097,448,,D,
county,39099,448,149906,,119
county,39101,448,15936,,13
county,39103,448,52109,,51
county,39105,448,,D,
county,39107,448,12389,,15
county,39109,448,22205,,28
county,39111,448,302,,3
county,39113,448,265604,,168
county,39119,448,43314,,29
county,39123,448,3366,,7
county,39129,448,,D,
county,39133,448,139644,,62
county,39137,448,4229,,6
county,39139,448,55924,,52
county,39141,448,29600,,23
county,39143,448,9678,,12
county,39145,448,11229,,14
county,39147,448,6286,,9
county,39149,448,7720,,12
county,39151,448,,D,
county,39153,448,249575,,216
county,39155,448,98717,,64
county,39157,448,34130,,25
county,39159,448,,D,
county,39161,448,10701,,10
county,39165,448,63645,,46
county,39167,448,10897,,13
county,39169,448,16117,,18
county,39171,448,2867,,4
county,39173,448,41524,,44
county,40005,448,9507,,4
county,40009,448,14227,,17
county,40013,448,8736,,11
county,40015,448,1718,,3
county,40017,448,21906,,23
county,40019,448,38323,,34
county,40021,448,18447,,18
county,40023,448,9294,,5
county,40027,448,145355,,99
county,40031,448,52373,,50
county,40037,448,3946,,9
county,40039,448,14527,,16
county,40041,448,4861,,7
county,40047,448,30071,,31
county,40049,448,14336,,8
county,40051,448,7356,,12
county,40065,448,10112,,18
county,40069,448,212,,3
county,40071,448,11896,,18
county,40079,448,4835,,9
county,40083,448,,D,
county,40087,448,,D,
county,40089,448,14698,,10
county,40091,448,,D,
county,40095,448,,D,
county,40097,448,15630,,9
county,40101,448,25833,,20
county,40109,448,782075,,462
county,40111,448,10721,,11
county,40113,448,2422,,4
county,40115,448,3315,,7
county,40119,448,44573,,39
county,40121,448,13970,,10
county,40123,448,19138,,17
county,40125,448,37879,,36
county,40131,448,15726,,18
county,40133,448,8839,,5
county,40135,448,8636,,6
county,40137,448,13786,,21
county,40139,448,4174,,5
county,40143,448,531820,,320
county,40145,448,934,,3
county,40147,448,,D,
county,40151,448,1472,,6
county,40153,448,16187,,15
county,41001,448,1737,,5
county,41003,448,29035,,26
county,41005,448,253312,,130
county,41007,448,55547,,50
county,41009,448,,D,
county,41011,448,13863,,16
county,41013,448,1687,,5
county,41015,448,3044,,3
county,41017,448,132541,,104
county,41019,448,23715,,15
county,41027,448,18894,,22
county,41029,448,134587,,98
county,41033,448,23065,,18
county,41035,448,17598,,13
county,41039,448,162380,,119
county,41041,448,69321,,52
county,41043,448,30117,,25
county,41045,448,,D,
county,41047,448,,D,
county,41051,448,744798,,405
county,41057,448,,D,
county,41059,448,,D,
county,41061,448,6234,,7
county,41063,448,,D,
county,41065,448,4009,,5
county,41067,448,663573,,207
county,41071,448,,D,
county,42001,448,71062,,54
county,42003,448,1052185,,682
county,42005,448,4679,,6
county,42007,448,48012,,52
county,42009,448,1555,,6
county,42011,448,194959,,122
county,42013,448,92845,,60
county,42015,448,6545,,7
county,42017,448,421460,,284
county,42019,448,94919,,60
county,42021,448,44913,,44
county,42025,448,1979,,6
county,42027,448,100402,,67
county,42029,448,327984,,150
county,42031,448,4983,,8
county,42033,448,31452,,26
county,42035,448,7934,,6
county,42037,448,18536,,16
county,42039,448,12238,,18
county,42041,448,,D,
county,42043,448,222648,,160
county,42045,448,357411,,211
county,42047,448,3585,,7
county,42049,448,147886,,106
county,42051,448,44508,,33
county,42055,448,39151,,32
county,42059,448,,D,
county,42061,448,3221,,4
county,42063,448,18115,,19
county,42065,448,,D,
county,42069,448,134076,,104
county,42071,448,399644,,248
county,42073,448,8632,,18
county,42075,448,25069,,23
county,42077,448,334653,,202
county,42079,448,149585,,117
county,42081,448,61551,,51
county,42083,448,3002,,7
county,42085,448,199099,,107
county,42087,448,9332,,8
county,42089,448,218417,,114
county,42091,448,1611472,,679
county,42093,448,1333,,3
county,42095,448,93069,,71
county,42097,448,2879,,9
county,42101,448,1241904,,686
county,42103,448,6335,,11
county,42107,448,12490,,21
county,42109,448,28093,,24
county,42111,448,3334,,7
county,42115,448,,D,
county,42117,448,2481,,5
county,42119,448,2157,,6
county,42121,448,4536,,9
county,42123,448,,D,
county,42125,448,192505,,102
county,42127,448,,D,
county,42129,448,136598,,116
county,42131,448,3920,,3
county,42133,448,148148,,112
county,44001,448,8974,,12
county,44003,448,144778,,80
county,44005,448,79870,,91
county,44007,448,410706,,252
county,44009,448,65183,,61
county,45003,448,59517,,46
county,45007,448,84761,,60
county,45011,448,3848,,5
county,45013,448,,D,
county,45015,448,86599,,32
county,45019,448,691230,,443
county,45021,448,88923,,55
county,45023,448,8855,,6
county,45025,448,6003,,9
county,45027,448,4148,,8
county,45029,448,5390,,12
county,45031,448,9419,,19
county,45033,448,5314,,8
county,45035,448,6989,,15
county,45039,448,,D,
county,45041,448,111474,,88
county,45043,448,23187,,36
county,45045,448,397091,,248
county,45047,448,,D,
county,45049,448,2760,,3
county,45051,448,636988,,410
county,45055,448,6936,,13
county,45057,448,6497,,10
county,45059,448,5584,,12
county,45063,448,212455,,130
county,45067,448,4315,,8
county,45069,448,1724,,4
county,45071,448,5124,,6
county,45073,448,7658,,10
county,45075,448,29583,,27
county,45077,448,43932,,27
county,45079,448,239322,,201
county,45081,448,,D,
county,45083,448,142467,,116
county,45085,448,39927,,38
county,45087,448,2112,,6
county,45089,448,3548,,9
county,45091,448,70861,,52
county,46005,448,3816,,8
county,46011,448,8498,,12
county,46013,448,11582,,21
county,46015,448,638,,3
county,46019,448,577,,3
county,46027,448,2004,,4
county,46029,448,14881,,25
county,46035,448,7525,,15
county,46051,448,853,,3
county,46065,448,6970,,13
county,46079,448,718,,3
county,46081,448,11666,,17
county,46083,448,16531,,11
county,46093,448,,D,
county,46099,448,174115,,135
county,46103,448,,D,
county,46129,448,870,,3
county,46135,448,7037,,13
county,47001,448,,D,
county,47003,448,5941,,10
county,47005,448,940,,3
county,47009,448,37675,,35
county,47011,448,,D,
county,47013,448,4387,,5
county,47017,448,,D,
county,47019,448,,D,
county,47025,448,,D,
county,47029,448,3190,,6
county,47031,448,20951,,23
county,47033,448,,D,
county,47035,448,16866,,20
county,47037,448,898639,,467
county,47043,448,25535,,19
county,47045,448,19177,,26
county,47047,448,,D,
county,47049,448,,D,
county,47051,448,5068,,10
county,47053,448,8885,,20
county,47055,448,3512,,8
county,47059,448,8905,,13
county,47063,448,37611,,33
county,47065,448,260419,,189
county,47071,448,7413,,10
county,47073,448,,D,
county,47075,448,1456,,3
county,47077,448,6231,,10
county,47079,448,11800,,14
county,47085,448,962,,5
county,47089,448,5178,,7
county,47093,448,374417,,247
county,47097,448,1383,,6
county,47099,448,9578,,13
county,47103,448,6182,,10
county,47105,448,2515,,6
county,47107,448,7290,,8
county,47109,448,,D,
county,47111,448,1614,,6
county,47113,448,101296,,80
county,47115,448,3763,,5
county,47117,448,3996,,7
county,47119,448,35739,,27
county,47123,448,4318,,9
county,47125,448,106110,,76
county,47131,448,11415,,17
county,47133,448,,D,
county,47141,448,45088,,40
county,47143,448,,D,
county,47145,448,3747,,7
county,47147,448,6119,,10
county,47149,448,179832,,108
county,47151,448,1906,,4
county,47155,448,348018,,177
county,47157,448,792782,,493
county,47163,448,91774,,71
county,47165,448,55732,,51
county,47167,448,10074,,13
county,47177,448,8200,,16
county,47179,448,,D,
county,47183,448,5459,,8
county,47187,448,263191,,146
county,47189,448,98275,,78
county,48001,448,22452,,17
county,48003,448,2987,,5
county,48005,448,,D,
county,48007,448,7008,,8
county,48013,448,8452,,11
county,48015,448,5137,,11
county,48019,448,7127,,7
county,48021,448,,D,
county,48025,448,7380,,10
county,48027,448,160163,,127
county,48029,448,1765153,,858
county,48035,448,268,,3
county,48037,448,87927,,60
county,48039,448,196572,,127
county,48041,448,160664,,100
county,48049,448,16709,,20
county,48053,448,23432,,16
county,48055,448,,D,
county,48057,448,2916,,3
county,48061,448,267240,,174
county,48063,448,1599,,4
county,48067,448,2920,,6
county,48071,448,661,,5
county,48073,448,5737,,11
county,48085,448,1005915,,491
county,48089,448,2316,,5
county,48091,448,66517,,49
county,48097,448,11651,,18
county,48099,448,10045,,12
county,48111,448,,D,
county,48113,448,2936995,,1233
county,48117,448,3846,,5
county,48121,448,296205,,210
county,48123,448,2161,,6
county,48133,448,2653,,4
county,48135,448,,D,
county,48139,448,38075,,30
county,48141,448,815136,,457
county,48143,448,19171,,23
county,48147,448,,D,
county,48149,448,6211,,6
county,48157,448,379148,,208
county,48165,448,3792,,5
county,48167,448,193226,,143
county,48171,448,21127,,25
county,48177,448,4408,,5
county,48179,448,5853,,8
county,48181,448,60546,,37
county,48183,448,117263,,92
county,48185,448,921,,5
county,48187,448,17417,,20
county,48189,448,9715,,12
county,48199,448,,D,
county,48201,448,4805043,,2080
county,48203,448,24882,,17
county,48209,448,527721,,195
county,48213,448,18463,,20
county,48215,448,810327,,421
county,48217,448,22051,,16
county,48219,448,7154,,10
county,48221,448,27704,,21
county,48223,448,,D,
county,48225,448,2816,,4
county,48227,448,10532,,15
county,48231,448,33993,,17
county,48233,448,,D,
county,48241,448,7439,,7
county,48245,448,204254,,152
county,48249,448,10874,,14
county,48251,448,,D,
county,48257,448,43970,,39
county,48259,448,11373,,17
county,48265,448,28580,,21
county,48273,448,15051,,13
county,48277,448,34016,,22
county,48281,448,1485,,4
county,48285,448,2051,,5
county,48287,448,2653,,4
county,48291,448,17007,,17
county,48293,448,6039,,7
county,48299,448,,D,
county,48303,448,240310,,159
county,48307,448,1758,,3
county,48309,448,141459,,110
county,48321,448,8719,,11
county,48323,448,87110,,43
county,48325,448,2361,,3
county,48329,448,168122,,101
county,48335,448,,D,
county,48337,448,485,,4
county,48339,448,479249,,221
county,48341,448,4930,,8
county,48347,448,20646,,22
county,48349,448,14713,,13
county,48353,448,4443,,6
county,48355,448,275151,,165
county,48357,448,2432,,6
county,48361,448,25256,,22
county,48363,448,,D,
county,48365,448,,D,
county,48367,448,34374,,35
county,48371,448,3781,,4
county,48373,448,13013,,10
county,48375,448,132859,,89
county,48377,448,2657,,4
county,48381,448,,D,
county,48389,448,,D,
county,48397,448,67515,,38
county,48401,448,5900,,8
county,48409,448,8392,,7
county,48415,448,,D,
county,48419,448,4365,,6
county,48423,448,213781,,129
county,48427,448,17580,,12
county,48429,448,684,,5
county,48435,448,200,,3
county,48439,448,1954575,,1024
county,48441,448,81222,,75
county,48449,448,16950,,15
county,48451,448,60143,,62
county,48453,448,1216958,,576
county,48459,448,2072,,3
county,48463,448,10368,,11
county,48465,448,32909,,26
county,48467,448,6211,,8
county,48469,448,62861,,45
county,48471,448,37545,,18
county,48473,448,7547,,6
county,48475,448,,D,
county,48477,448,12281,,14
county,48479,448,359986,,186
county,48481,448,6442,,9
county,48485,448,70150,,63
county,48487,448,2501,,3
county,48491,448,403175,,223
county,48493,448,7080,,7
county,48497,448,42978,,11
county,48499,448,2921,,5
county,48503,448,4538,,8
county,49003,448,,D,
county,49005,448,,D,
county,49007,448,3180,,6
county,49011,448,168747,,126
county,49013,448,490,,3
county,49019,448,7420,,9
county,49021,448,18336,,17
county,49035,448,828568,,458
county,49039,448,531,,3
county,49041,448,6325,,10
county,49043,448,163915,,96
county,49045,448,3048,,4
county,49047,448,15754,,15
county,49049,448,,D,
county,49051,448,6200,,8
county,49053,448,89486,,77
county,49057,448,106920,,89
county,50001,448,10452,,12
county,50003,448,50050,,43
county,50005,448,,D,
county,50007,448,153079,,113
county,50011,448,12139,,9
county,50015,448,10429,,15
county,50021,448,26770,,23
county,50023,448,22208,,19
county,50025,448,14343,,19
county,50027,448,,D,
county,51001,448,8413,,14
county,51003,448,67402,,51
county,51009,448,,D,
county,51013,448,278540,,123
county,51015,448,26150,,16
county,51019,448,8280,,13
county,51027,448,4550,,6
county,51031,448,13621,,10
county,51035,448,6985,,9
county,51041,448,186342,,98
county,51047,448,10745,,7
county,51057,448,6551,,5
county,51059,448,1413291,,525
county,51061,448,15392,,10
county,51067,448,6373,,8
county,51069,448,,D,
county,51073,448,7060,,9
county,51083,448,4722,,12
county,51085,448,,D,
county,51087,448,409215,,215
county,51089,448,965,,3
county,51093,448,3742,,4
county,51095,448,193849,,98
county,51099,448,2207,,3
county,51103,448,4888,,9
county,51107,448,505726,,211
county,51117,448,9409,,8
county,51119,448,1206,,3
county,51121,448,53647,,44
county,51131,448,1208,,4
county,51143,448,617,,3
county,51147,448,,D,
county,51149,448,,D,
county,51153,448,447013,,227
county,51155,448,2169,,5
county,51161,448,64190,,36
county,51163,448,3506,,3
county,51165,448,945,,4
county,51171,448,,D,
county,51173,448,2613,,7
county,51177,448,93744,,51
county,51179,448,24537,,14
county,51185,448,5903,,16
county,51187,448,7623,,7
county,51191,448,20169,,13
county,51195,448,,D,
county,51197,448,7193,,6
county,51199,448,12152,,10
county,51510,448,117147,,78
county,51520,448,8712,,12
county,51540,448,,D,
county,51550,448,164426,,114
county,51570,448,83054,,49
county,51580,448,2764,,4
county,51590,448,53385,,44
county,51595,448,1611,,3
county,51600,448,68617,,32
county,51610,448,,D,
county,51620,448,2367,,5
county,51630,448,64940,,45
county,51640,448,4657,,6
county,51650,448,73557,,55
county,51660,448,61956,,38
county,51670,448,,D,
county,51678,448,988,,3
county,51680,448,73486,,54
county,51683,448,3554,,9
county,51690,448,14437,,10
county,51700,448,150992,,103
county,51710,448,213876,,164
county,51720,448,7509,,9
county,51730,448,,D,
county,51740,448,13586,,22
county,51750,448,1607,,3
county,51760,448,135709,,109
county,51770,448,132345,,94
county,51775,448,,D,
county,51790,448,4506,,7
county,51800,448,29020,,19
county,51810,448,343397,,237
county,51820,448,16882,,11
county,51830,448,61811,,35
county,51840,448,78133,,53
county,53005,448,164596,,96
county,53007,448,24426,,37
county,53009,448,16144,,19
county,53011,448,144925,,108
county,53015,448,21794,,15
county,53017,448,30721,,17
county,53021,448,1939,,6
county,53025,448,26617,,22
county,53027,448,44076,,13
county,53029,448,,D,
county,53031,448,,D,
county,53033,448,2239159,,943
county,53035,448,110241,,77
county,53037,448,4079,,8
county,53041,448,68001,,36
county,53047,448,7280,,14
county,53049,448,160,,3
county,53053,448,416555,,229
county,53055,448,835,,5
county,53057,448,96214,,68
county,53061,448,729552,,297
county,53063,448,303413,,183
county,53065,448,,D,
county,53067,448,133376,,91
county,53071,448,5608,,11
county,53073,448,111726,,96
county,53077,448,97990,,64
county,54003,448,30410,,14
county,54007,448,2696,,4
county,54011,448,94918,,75
county,54019,448,1376,,5
county,54025,448,10357,,15
county,54029,448,,D,
county,54033,448,,D,
county,54035,448,1979,,6
county,54037,448,,D,
county,54039,448,118784,,91
county,54041,448,2812,,4
county,54045,448,6178,,8
county,54049,448,4828,,5
county,54051,448,2858,,4
county,54055,448,17092,,23
county,54061,448,78734,,64
county,54067,448,6112,,6
county,54069,448,21359,,20
county,54079,448,4633,,6
county,54081,448,46426,,35
county,54083,448,4884,,6
county,54097,448,2144,,6
county,54099,448,,D,
county,54103,448,3611,,6
county,54107,448,68882,,45
county,55003,448,2098,,4
county,55005,448,8153,,22
county,55007,448,1453,,5
county,55009,448,140690,,107
county,55015,448,4298,,9
county,55017,448,,D,
county,55019,448,658,,4
county,55021,448,,D,
county,55023,448,14685,,7
county,55025,448,337647,,234
county,55027,448,4543,,11
county,55029,448,21370,,37
county,55031,448,1865,,4
county,55033,448,4332,,12
county,55035,448,,D,
county,55039,448,24945,,28
county,55043,448,6469,,10
county,55045,448,,D,
county,55047,448,1370,,8
county,55055,448,77268,,48
county,55057,448,611,,3
county,55059,448,226237,,92
county,55061,448,1003,,5
county,55063,448,69631,,59
county,55067,448,1246,,4
county,55069,448,794,,6
county,55071,448,8906,,15
county,55073,448,50339,,47
county,55075,448,5941,,10
county,55079,448,601820,,402
county,55081,448,3933,,6
county,55083,448,194,,3
county,55085,448,11830,,23
county,55087,448,155872,,106
county,55089,448,43885,,43
county,55093,448,644,,3
county,55095,448,,D,
county,55097,448,16733,,13
county,55101,448,53144,,50
county,55103,448,3433,,5
county,55105,448,47559,,45
county,55109,448,7039,,16
county,55111,448,82535,,60
county,55113,448,,D,
county,55115,448,2719,,6
county,55117,448,19383,,22
county,55121,448,642,,3
county,55125,448,3365,,8
county,55127,448,31177,,41
county,55129,448,,D,
county,55131,448,40658,,29
county,55133,448,247516,,163
county,55135,448,,D,
county,55139,448,100421,,65
county,55141,448,10235,,14
county,56001,448,8130,,12
county,56005,448,14807,,12
county,56007,448,,D,
county,56009,448,995,,4
county,56013,448,6846,,11
county,56021,448,50153,,39
county,56023,448,1541,,8
county,56025,448,40833,,45
county,56029,448,9393,,13
county,56033,448,8613,,15
county,56037,448,21852,,17
county,56039,448,43445,,34
county,56041,448,2971,,3
county,01001,451,,D,
county,01003,451,93375,,43
county,01015,451,24158,,18
county,01031,451,,D,
county,01033,451,3354,,4
county,01039,451,,D,
county,01043,451,19069,,10
county,01045,451,3291,,4
county,01051,451,,D,
county,01055,451,36332,,14
county,01057,451,,D,
county,01069,451,70298,,23
county,01071,451,6252,,7
county,01073,451,240020,,91
county,01077,451,42044,,18
county,01081,451,51863,,22
county,01083,451,4686,,6
county,01089,451,164772,,71
county,01095,451,10276,,8
county,01097,451,102333,,47
county,01101,451,57156,,31
county,01103,451,,D,
county,01109,451,4042,,5
county,01111,451,,D,
county,01115,451,,D,
county,01117,451,59405,,31
county,01121,451,,D,
county,01123,451,,D,
county,01125,451,84995,,33
county,01127,451,,D,
county,02020,451,172769,,58
county,02090,451,53999,,29
county,02110,451,13962,,14
county,02122,451,19559,,21
county,02130,451,7068,,7
county,02150,451,,D,
county,02170,451,22188,,18
county,02220,451,5330,,6
county,02230,451,2245,,5
county,02261,451,,D,
county,04003,451,12014,,17
county,04005,451,71928,,57
county,04007,451,,D,
county,04009,451,,D,
county,04013,451,1052220,,485
county,04015,451,25642,,24
county,04017,451,,D,
county,04019,451,230281,,152
county,04021,451,11904,,21
county,04023,451,1694,,4
county,04025,451,39712,,43
county,04027,451,30484,,18
county,05005,451,7717,,13
county,05007,451,89467,,44
county,05009,451,,D,
county,05015,451,,D,
county,05019,451,,D,
county,05023,451,1199,,3
county,05027,451,4077,,6
county,05031,451,54843,,18
county,05033,451,,D,
county,05045,451,46775,,21
county,05051,451,33220,,21
county,05055,451,699,,3
county,05063,451,6301,,7
county,05069,451,10661,,7
county,05085,451,,D,
county,05093,451,1299,,3
county,05103,451,620,,3
county,05115,451,,D,
county,05119,451,252494,,80
county,05125,451,19736,,6
county,05131,451,71889,,30
county,05139,451,3741,,4
county,05143,451,79644,,38
county,05145,451,10033,,15
county,06001,451,391448,,233
county,06005,451,8054,,7
county,06007,451,76044,,42
county,06009,451,3127,,6
county,06011,451,,D,
county,06013,451,243742,,123
county,06017,451,29523,,26
county,06019,451,189984,,88
county,06023,451,41802,,36
county,06025,451,13539,,11
county,06027,451,6487,,10
county,06029,451,105343,,60
county,06031,451,,D,
county,06033,451,1288,,4
county,06037,451,2086811,,1057
county,06039,451,6023,,7
county,06041,451,141255,,78
county,06045,451,18601,,25
county,06047,451,27058,,19
county,06051,451,21448,,16
county,06053,451,69931,,52
county,06055,451,22739,,23
county,06057,451,29997,,32
county,06059,451,908594,,453
county,06061,451,140202,,78
county,06063,451,728,,4
county,06065,451,374388,,200
county,06067,451,324187,,168
county,06069,451,2836,,4
county,06071,451,434817,,166
county,06073,451,872419,,485
county,06075,451,321055,,146
county,06077,451,135311,,58
county,06079,451,63400,,62
county,06081,451,238289,,110
county,06083,451,90246,,83
county,06085,451,494557,,228
county,06087,451,74466,,52
county,06089,451,56669,,33
county,06093,451,3455,,3
county,06095,451,91540,,51
county,06097,451,150345,,101
county,06099,451,131556,,50
county,06101,451,20408,,10
county,06103,451,2353,,3
county,06107,451,59746,,33
county,06109,451,7616,,12
county,06111,451,189625,,117
county,06113,451,27641,,24
county,06115,451,1795,,4
county,08001,451,118342,,55
county,08003,451,,D,
county,08005,451,237068,,108
county,08007,451,,D,
county,08013,451,161374,,100
county,08014,451,81972,,15
county,08015,451,10093,,14
county,08019,451,1237,,4
county,08029,451,,D,
county,08031,451,274329,,107
county,08035,451,156587,,54
county,08037,451,,D,
county,08041,451,,D,
county,08043,451,3131,,7
county,08045,451,12431,,14
county,08049,451,7780,,16
county,08051,451,17004,,21
county,08059,451,222471,,131
county,08065,451,1315,,6
county,08067,451,26970,,28
county,08069,451,216039,,111
county,08075,451,1578,,4
county,08077,451,72878,,38
county,08079,451,1526,,3
county,08081,451,,D,
county,08083,451,3017,,7
county,08085,451,5561,,10
county,08089,451,,D,
county,08097,451,,D,
county,08101,451,,D,
county,08105,451,2119,,5
county,08107,451,37178,,25
county,08113,451,20164,,18
county,08117,451,53682,,57
county,08119,451,,D,
county,08123,451,43229,,34
county,09001,451,248358,,177
county,09003,451,324519,,168
county,09005,451,26712,,30
county,09007,451,18153,,24
county,09009,451,201978,,112
county,09011,451,52399,,50
county,09013,451,16462,,15
county,09015,451,7526,,10
county,10001,451,35434,,19
county,10003,451,216170,,88
county,10005,451,38028,,55
county,11001,451,122691,,65
county,12001,451,,D,
county,12005,451,,D,
county,12009,451,248969,,114
county,12011,451,469973,,265
county,12015,451,21616,,34
county,12017,451,7111,,19
county,12019,451,44500,,20
county,12021,451,95363,,62
county,12023,451,16290,,11
county,12031,451,259476,,132
county,12033,451,101835,,57
county,12035,451,10038,,17
county,12037,451,,D,
county,12039,451,497,,3
county,12053,451,20276,,14
county,12055,451,6796,,9
county,12057,451,262792,,155
county,12061,451,27025,,24
county,12063,451,,D,
county,12069,451,48206,,41
county,12071,451,194380,,122
county,12073,451,129952,,54
county,12081,451,59786,,40
county,12083,451,74339,,42
county,12085,451,53511,,43
county,12086,451,504488,,298
county,12087,451,47909,,49
county,12089,451,,D,
county,12091,451,77624,,60
county,12093,451,,D,
county,12095,451,427888,,196
county,12097,451,43534,,30
county,12099,451,344049,,240
county,12101,451,57328,,52
county,12103,451,229909,,169
county,12105,451,87009,,69
county,12107,451,,D,
county,12109,451,37018,,42
county,12111,451,64852,,27
county,12113,451,13288,,15
county,12115,451,84217,,74
county,12117,451,136011,,77
county,12119,451,8792,,11
county,12121,451,,D,
county,12123,451,,D,
county,12127,451,104432,,86
county,12131,451,19394,,17
county,13009,451,6881,,6
county,13013,451,,D,
county,13015,451,23468,,11
county,13021,451,49909,,18
county,13029,451,,D,
county,13031,451,16851,,13
county,13039,451,,D,
county,13045,451,10379,,9
county,13047,451,28478,,6
county,13051,451,116416,,57
county,13057,451,69077,,27
county,13059,451,,D,
county,13063,451,18345,,9
county,13067,451,261641,,98
county,13071,451,631,,3
county,13073,451,38854,,12
county,13077,451,42597,,11
county,13085,451,7977,,6
county,13089,451,113320,,65
county,13095,451,36947,,15
county,13097,451,42934,,12
county,13111,451,2401,,4
county,13113,451,41111,,28
county,13115,451,,D,
county,13117,451,76792,,39
county,13121,451,267803,,146
county,13123,451,1226,,3
county,13127,451,,D,
county,13129,451,,D,
county,13135,451,271129,,105
county,13139,451,64901,,24
county,13143,451,,D,
county,13151,451,46539,,18
county,13153,451,,D,
county,13157,451,,D,
county,13179,451,8519,,3
county,13185,451,50202,,19
county,13213,451,,D,
county,13215,451,,D,
county,13217,451,,D,
county,13219,451,,D,
county,13223,451,26343,,10
county,13245,451,68654,,26
county,13247,451,15774,,11
county,13255,451,7845,,5
county,13257,451,,D,
county,13275,451,1806,,5
county,13277,451,5511,,5
county,13285,451,9245,,7
county,13291,451,1931,,5
county,13297,451,935,,3
county,13299,451,,D,
county,13311,451,5197,,5
county,13313,451,,D,
county,15001,451,17379,,22
county,15003,451,174506,,138
county,15007,451,10036,,16
county,15009,451,,D,
county,16001,451,215342,,100
county,16005,451,36877,,18
county,16011,451,1565,,7
county,16013,451,,D,
county,16017,451,6331,,10
county,16019,451,,D,
county,16027,451,,D,
county,16031,451,1681,,6
county,16035,451,568,,5
county,16037,451,1405,,3
county,16049,451,3290,,5
county,16055,451,65146,,42
county,16057,451,17156,,13
county,16065,451,,D,
county,16067,451,786,,3
county,16069,451,,D,
county,16079,451,504,,3
county,16081,451,3632,,6
county,16083,451,41827,,19
county,16085,451,3969,,7
county,17001,451,19492,,15
county,17007,451,1501,,5
county,17011,451,1944,,4
county,17019,451,,D,
county,17029,451,5131,,8
county,17031,451,913111,,565
county,17037,451,10530,,12
county,17039,451,1229,,3
county,17041,451,1146,,5
county,17043,451,319991,,171
county,17049,451,3805,,8
county,17055,451,,D,
county,17063,451,1898,,4
county,17073,451,962,,4
county,17077,451,23369,,13
county,17081,451,8796,,5
county,17085,451,1097,,3
county,17089,451,131870,,72
county,17091,451,22165,,16
county,17093,451,18936,,10
county,17095,451,7149,,13
county,17097,451,167193,,102
county,17099,451,12697,,13
county,17103,451,,D,
county,17109,451,476,,3
county,17111,451,51152,,42
county,17113,451,57528,,28
county,17115,451,13974,,19
county,17117,451,3568,,5
county,17119,451,31383,,39
county,17121,451,,D,
county,17125,451,989,,4
county,17133,451,786,,3
county,17135,451,,D,
county,17137,451,3606,,5
county,17141,451,1046,,3
county,17143,451,,D,
county,17145,451,1446,,3
county,17161,451,33845,,24
county,17163,451,75475,,36
county,17167,451,,D,
county,17177,451,2374,,6
county,17179,451,,D,
county,17183,451,6070,,9
county,17195,451,7100,,9
county,17197,451,141976,,69
county,17199,451,8892,,10
county,17201,451,74114,,46
county,18001,451,,D,
county,18003,451,125887,,74
county,18005,451,15861,,16
county,18011,451,935,,7
county,18013,451,,D,
county,18017,451,2994,,7
county,18019,451,106202,,20
county,18027,451,1343,,4
county,18029,451,,D,
county,18031,451,1966,,4
county,18033,451,9748,,4
county,18035,451,28130,,23
county,18037,451,16432,,11
county,18039,451,36230,,33
county,18043,451,5496,,5
county,18051,451,2246,,3
county,18053,451,24728,,10
county,18055,451,1434,,5
county,18057,451,124726,,48
county,18059,451,,D,
county,18061,451,5936,,3
county,18063,451,38892,,20
county,18067,451,19056,,13
county,18069,451,2217,,6
county,18071,451,7145,,4
county,18077,451,,D,
county,18079,451,1802,,4
county,18081,451,59032,,26
county,18083,451,4741,,5
county,18085,451,19071,,16
county,18087,451,7789,,12
county,18089,451,146118,,59
county,18091,451,14386,,16
county,18093,451,4287,,5
county,18095,451,15015,,14
county,18097,451,246287,,131
county,18099,451,2536,,5
county,18103,451,554,,3
county,18105,451,,D,
county,18107,451,,D,
county,18109,451,1519,,5
county,18127,451,59533,,20
county,18133,451,2599,,5
county,18141,451,108497,,57
county,18145,451,1914,,4
county,18151,451,11005,,13
county,18157,451,,D,
county,18161,451,,D,
county,18163,451,89279,,41
county,18167,451,,D,
county,18169,451,4409,,7
county,18173,451,,D,
county,18177,451,24043,,16
county,19013,451,65938,,34
county,19015,451,,D,
county,19021,451,1261,,4
county,19027,451,957,,4
county,19029,451,,D,
county,19033,451,,D,
county,19035,451,999,,4
county,19041,451,11367,,9
county,19045,451,6167,,10
county,19049,451,,D,
county,19057,451,14534,,13
county,19059,451,2055,,4
county,19061,451,28665,,23
county,19063,451,236,,3
county,19065,451,1193,,3
county,19095,451,,D,
county,19099,451,,D,
county,19103,451,100498,,31
county,19113,451,70616,,43
county,19117,451,,D,
county,19123,451,1466,,8
county,19125,451,1144,,3
county,19127,451,4492,,6
county,19139,451,3478,,6
county,19149,451,2472,,4
county,19153,451,185738,,92
county,19155,451,,D,
county,19157,451,,D,
county,19163,451,70946,,36
county,19167,451,1892,,8
county,19169,451,20737,,13
county,19175,451,1905,,3
county,19179,451,4618,,5
county,19181,451,,D,
county,19183,451,637,,6
county,19187,451,12219,,8
county,19191,451,2591,,6
county,19193,451,61553,,21
county,20011,451,506,,3
county,20015,451,1639,,3
county,20037,451,12321,,5
county,20045,451,44942,,25
county,20051,451,8261,,10
county,20055,451,11486,,7
county,20057,451,,D,
county,20069,451,1291,,3
county,20079,451,,D,
county,20091,451,288816,,112
county,20103,451,,D,
county,20111,451,5135,,11
county,20113,451,4618,,6
county,20121,451,608,,3
county,20149,451,,D,
county,20155,451,10523,,9
county,20161,451,,D,
county,20169,451,16436,,12
county,20173,451,244684,,84
county,20177,451,54136,,21
county,20209,451,68967,,13
county,21009,451,3161,,5
county,21013,451,,D,
county,21015,451,,D,
county,21019,451,27086,,12
county,21021,451,5592,,4
county,21029,451,4539,,4
county,21035,451,3004,,7
county,21037,451,22932,,16
county,21045,451,3164,,3
county,21047,451,7498,,8
county,21049,451,741,,3
county,21059,451,,D,
county,21067,451,161049,,74
county,21071,451,3191,,3
county,21073,451,,D,
county,21093,451,41680,,17
county,21101,451,1842,,4
county,21107,451,,D,
county,21111,451,250862,,134
county,21113,451,,D,
county,21117,451,23488,,19
county,21121,451,1685,,4
county,21125,451,12831,,9
county,21133,451,227,,3
county,21145,451,,D,
county,21151,451,23769,,13
county,21157,451,,D,
county,21161,451,3782,,4
county,21177,451,,D,
county,21179,451,2070,,4
county,21185,451,9425,,5
county,21193,451,2044,,3
county,21195,451,12870,,14
county,21199,451,18876,,13
county,21205,451,1085,,4
county,21209,451,,D,
county,21211,451,1620,,4
county,21217,451,,D,
county,21227,451,69001,,24
county,21235,451,9118,,7
county,22005,451,35282,,6
county,22015,451,84379,,23
county,22017,451,72824,,40
county,22019,451,62040,,16
county,22033,451,168795,,65
county,22041,451,670,,4
county,22051,451,180707,,64
county,22055,451,148779,,44
county,22057,451,16142,,5
county,22061,451,7981,,8
county,22063,451,55872,,7
county,22067,451,,D,
county,22069,451,3514,,3
county,22071,451,36812,,46
county,22073,451,,D,
county,22079,451,,D,
county,22087,451,,D,
county,22101,451,,D,
county,22103,451,90696,,40
county,22105,451,46429,,13
county,22109,451,38710,,14
county,22113,451,,D,
county,22115,451,2234,,3
county,22119,451,,D,
county,22121,451,,D,
county,23001,451,16658,,22
county,23003,451,,D,
county,23005,451,239993,,88
county,23007,451,2505,,11
county,23009,451,19027,,17
county,23011,451,26208,,22
county,23013,451,9022,,20
county,23015,451,9964,,8
county,23017,451,7219,,17
county,23019,451,56908,,40
county,23023,451,8272,,4
county,23025,451,,D,
county,23027,451,7714,,7
county,23031,451,72192,,40
county,24001,451,,D,
county,24003,451,197752,,82
county,24005,451,205023,,107
county,24009,451,7590,,12
county,24011,451,,D,
county,24013,451,28657,,27
county,24015,451,4098,,8
county,24017,451,40337,,18
county,24021,451,63876,,41
county,24023,451,3933,,6
county,24025,451,,D,
county,24027,451,133149,,48
county,24029,451,15755,,5
county,24031,451,238006,,107
county,24033,451,86120,,64
county,24035,451,,D,
county,24037,451,22212,,11
county,24041,451,16052,,15
county,24043,451,42415,,23
county,24045,451,,D,
county,24047,451,13812,,16
county,24510,451,40948,,37
county,25001,451,76333,,89
county,25003,451,41871,,40
county,25005,451,167501,,90
county,25007,451,3172,,7
county,25009,451,163142,,125
county,25011,451,10319,,15
county,25013,451,93712,,60
county,25015,451,47951,,32
county,25017,451,547858,,268
county,25019,451,10233,,12
county,25021,451,233195,,117
county,25023,451,122062,,78
county,25025,451,136964,,75
county,25027,451,187967,,121
county,26005,451,2135,,5
county,26007,451,,D,
county,26009,451,1955,,5
county,26011,451,472,,3
county,26015,451,5329,,4
county,26017,451,29534,,19
county,26019,451,,D,
county,26021,451,17295,,24
county,26023,451,6651,,5
county,26025,451,23737,,27
county,26027,451,3138,,4
county,26029,451,895,,5
county,26031,451,4311,,9
county,26033,451,6190,,8
county,26037,451,4437,,6
county,26039,451,2370,,3
county,26041,451,7689,,11
county,26043,451,4176,,5
county,26045,451,22545,,14
county,26047,451,21154,,22
county,26049,451,106190,,66
county,26053,451,3591,,5
county,26055,451,,D,
county,26061,451,6106,,9
county,26063,451,11619,,6
county,26065,451,120670,,53
county,26067,451,2308,,3
county,26069,451,2346,,8
county,26073,451,14497,,10
county,26075,451,,D,
county,26077,451,,D,
county,26081,451,285745,,117
county,26087,451,9588,,9
county,26089,451,3656,,10
county,26091,451,,D,
county,26093,451,45241,,30
county,26097,451,1958,,6
county,26099,451,198294,,106
county,26101,451,,D,
county,26103,451,19057,,19
county,26105,451,4826,,7
county,26107,451,9025,,6
county,26109,451,833,,3
county,26111,451,19471,,13
county,26115,451,,D,
county,26117,451,4190,,5
county,26121,451,41639,,26
county,26123,451,3530,,4
county,26125,451,421896,,204
county,26127,451,1587,,4
county,26135,451,248,,3
county,26137,451,25573,,9
county,26139,451,62132,,45
county,26143,451,6089,,4
county,26145,451,72485,,33
county,26147,451,35173,,20
county,26149,451,6831,,7
county,26155,451,6140,,9
county,26159,451,,D,
county,26161,451,151224,,72
county,26163,451,267956,,161
county,26165,451,,D,
county,27001,451,1111,,3
county,27003,451,92033,,56
county,27005,451,,D,
county,27007,451,12876,,9
county,27009,451,795,,4
county,27013,451,67229,,24
county,27015,451,3368,,7
county,27017,451,,D,
county,27019,451,8277,,7
county,27021,451,20138,,7
county,27025,451,4454,,6
county,27027,451,8978,,8
county,27031,451,,D,
county,27035,451,29927,,35
county,27037,451,118261,,60
county,27041,451,20831,,22
county,27045,451,,D,
county,27047,451,,D,
county,27049,451,5197,,11
county,27053,451,690541,,227
county,27055,451,,D,
county,27057,451,5140,,10
county,27061,451,7560,,7
county,27067,451,5790,,9
county,27071,451,3709,,7
county,27077,451,2046,,4
county,27083,451,7981,,9
county,27085,451,5122,,4
county,27091,451,2136,,5
county,27093,451,1784,,4
county,27095,451,5369,,4
county,27097,451,2058,,5
county,27099,451,3365,,4
county,27109,451,87512,,40
county,27111,451,6905,,7
county,27113,451,,D,
county,27119,451,,D,
county,27123,451,225667,,93
county,27131,451,11604,,10
county,27137,451,72505,,60
county,27139,451,14383,,11
county,27141,451,,D,
county,27145,451,106768,,42
county,27147,451,,D,
county,27149,451,568,,3
county,27157,451,,D,
county,27163,451,125416,,48
county,27169,451,3220,,6
county,27171,451,10369,,13
county,28001,451,15678,,7
county,28003,451,6537,,5
county,28011,451,3429,,8
county,28033,451,46544,,19
county,28035,451,17829,,12
county,28045,451,1132,,3
county,28047,451,69755,,31
county,28049,451,,D,
county,28057,451,,D,
county,28059,451,2943,,7
county,28067,451,1935,,3
county,28071,451,22349,,13
county,28073,451,51022,,10
county,28075,451,20411,,12
county,28081,451,53865,,19
county,28083,451,2120,,3
county,28085,451,1260,,5
county,28087,451,17982,,9
county,28089,451,33334,,19
county,28105,451,20040,,9
county,28113,451,,D,
county,28121,451,90332,,22
county,28133,451,470,,3
county,28149,451,11648,,7
county,28151,451,3691,,4
county,28159,451,,D,
county,29001,451,,D,
county,29007,451,,D,
county,29009,451,,D,
county,29015,451,,D,
county,29019,451,82359,,45
county,29021,451,23849,,16
county,29023,451,14326,,8
county,29027,451,1580,,5
county,29029,451,,D,
county,29031,451,43663,,20
county,29037,451,23703,,13
county,29039,451,,D,
county,29043,451,,D,
county,29047,451,52438,,23
county,29051,451,19859,,16
county,29065,451,421,,4
county,29071,451,13897,,15
county,29077,451,190790,,67
county,29083,451,3048,,4
county,29091,451,1229,,6
county,29095,451,146937,,88
county,29097,451,60247,,25
county,29099,451,31991,,12
county,29101,451,2713,,5
county,29105,451,3591,,10
county,29113,451,453,,3
county,29127,451,,D,
county,29131,451,,D,
county,29141,451,1104,,3
county,29145,451,3978,,5
county,29159,451,6896,,9
county,29161,451,6554,,10
county,29165,451,44324,,19
county,29167,451,,D,
county,29183,451,135372,,54
county,29187,451,,D,
county,29189,451,397222,,202
county,29201,451,,D,
county,29207,451,1415,,4
county,29209,451,2156,,6
county,29213,451,24460,,14
county,29225,451,1118,,4
county,29510,451,19694,,25
county,30001,451,,D,
county,30003,451,2889,,4
county,30013,451,41661,,27
county,30027,451,2625,,3
county,30029,451,65996,,34
county,30031,451,106276,,58
county,30035,451,,D,
county,30041,451,3998,,5
county,30047,451,2550,,3
county,30049,451,,D,
county,30053,451,2847,,4
county,30057,451,2712,,3
county,30063,451,99659,,57
county,30067,451,,D,
county,30081,451,9094,,11
county,30083,451,2693,,4
county,30093,451,9146,,9
county,30105,451,2800,,3
county,30111,451,145874,,54
county,31001,451,3717,,6
county,31019,451,33108,,15
county,31033,451,,D,
county,31041,451,307,,3
county,31053,451,6628,,6
county,31055,451,226194,,95
county,31067,451,930,,4
county,31079,451,20882,,15
county,31109,451,139957,,66
county,31111,451,6833,,9
county,31119,451,6708,,9
county,31141,451,,D,
county,31145,451,1955,,8
county,31153,451,65137,,17
county,31157,451,9445,,12
county,31179,451,3479,,4
county,32001,451,,D,
county,32003,451,434494,,218
county,32005,451,14576,,12
county,32007,451,10303,,11
county,32013,451,,D,
county,32031,451,222417,,73
county,32510,451,14057,,13
county,33001,451,15220,,16
county,33003,451,,D,
county,33005,451,25108,,16
county,33007,451,,D,
county,33009,451,42459,,36
county,33011,451,163584,,92
county,33013,451,69067,,47
county,33015,451,168136,,101
county,33017,451,29444,,25
county,33019,451,,D,
county,34001,451,59639,,41
county,34003,451,250469,,141
county,34005,451,107452,,55
county,34007,451,87896,,57
county,34009,451,27756,,42
county,34011,451,24376,,14
county,34013,451,64318,,66
county,34015,451,79962,,32
county,34017,451,68935,,51
county,34019,451,23351,,22
county,34021,451,111733,,56
county,34023,451,177495,,63
county,34025,451,201802,,110
county,34027,451,168451,,91
county,34029,451,132373,,98
county,34031,451,133320,,50
county,34033,451,983,,6
county,34035,451,105149,,54
county,34037,451,9385,,12
county,34039,451,128982,,71
county,34041,451,16550,,15
county,35001,451,224229,,114
county,35005,451,8943,,10
county,35007,451,1752,,5
county,35009,451,,D,
county,35013,451,53749,,27
county,35015,451,,D,
county,35017,451,1037,,3
county,35025,451,8972,,5
county,35027,451,,D,
county,35031,451,2684,,3
county,35035,451,,D,
county,35043,451,6342,,9
county,35045,451,33347,,26
county,35047,451,754,,3
county,35049,451,41574,,36
county,35055,451,10994,,23
county,36001,451,146240,,67
county,36003,451,2463,,6
county,36005,451,117291,,72
county,36007,451,61899,,33
county,36009,451,14856,,14
county,36011,451,33758,,9
county,36013,451,12518,,21
county,36015,451,49789,,17
county,36017,451,3314,,6
county,36019,451,42169,,19
county,36021,451,8067,,12
county,36023,451,6411,,5
county,36025,451,,D,
county,36027,451,91978,,67
county,36029,451,272875,,152
county,36031,451,12357,,12
county,36033,451,2553,,4
county,36035,451,7596,,6
county,36037,451,14308,,13
county,36039,451,5071,,8
county,36043,451,8061,,7
county,36045,451,28538,,19
county,36047,451,347925,,283
county,36051,451,5868,,10
county,36053,451,6039,,8
county,36055,451,221707,,133
county,36057,451,5082,,8
county,36059,451,470624,,265
county,36061,451,810293,,458
county,36063,451,34096,,24
county,36065,451,94167,,33
county,36067,451,144957,,82
county,36069,451,44180,,28
county,36071,451,119781,,49
county,36075,451,13568,,20
county,36077,451,9509,,10
county,36079,451,12989,,19
county,36081,451,232677,,206
county,36083,451,17162,,15
county,36085,451,64977,,36
county,36087,451,91358,,61
county,36089,451,8873,,15
county,36091,451,63089,,32
county,36093,451,13063,,17
county,36095,451,1912,,7
county,36097,451,1226,,3
county,36099,451,2126,,4
county,36101,451,3392,,12
county,36103,451,451100,,265
county,36105,451,2479,,10
county,36107,451,3860,,8
county,36109,451,29700,,26
county,36111,451,46290,,41
county,36113,451,,D,
county,36115,451,,D,
county,36117,451,,D,
county,36119,451,262143,,164
county,36121,451,,D,
county,37001,451,42824,,31
county,37007,451,,D,
county,37009,451,,D,
county,37011,451,,D,
county,37013,451,1995,,6
county,37019,451,11996,,19
county,37021,451,120650,,83
county,37023,451,9359,,9
county,37025,451,104901,,31
county,37027,451,,D,
county,37031,451,27097,,28
county,37035,451,60990,,26
county,37039,451,,D,
county,37045,451,,D,
county,37047,451,1307,,3
county,37049,451,13943,,22
county,37051,451,96866,,43
county,37053,451,4966,,11
county,37055,451,,D,
county,37057,451,9532,,13
county,37063,451,71933,,32
county,37067,451,103521,,64
county,37071,451,53127,,24
county,37081,451,155973,,74
county,37085,451,,D,
county,37087,451,,D,
county,37089,451,9122,,17
county,37091,451,,D,
county,37093,451,1183,,3
county,37095,451,,D,
county,37097,451,46876,,27
county,37099,451,2310,,5
county,37101,451,3514,,8
county,37105,451,9201,,7
county,37107,451,,D,
county,37109,451,2367,,7
county,37113,451,3818,,15
county,37119,451,313760,,155
county,37121,451,,D,
county,37125,451,31036,,19
county,37127,451,13429,,9
county,37129,451,106587,,63
county,37133,451,56796,,24
county,37135,451,18693,,27
county,37139,451,6463,,7
county,37141,451,3299,,7
county,37147,451,60328,,32
county,37149,451,221,,4
county,37151,451,13531,,16
county,37153,451,4065,,3
county,37155,451,4257,,5
county,37157,451,3050,,9
county,37159,451,20675,,23
county,37165,451,,D,
county,37167,451,,D,
county,37169,451,,D,
county,37171,451,3972,,12
county,37173,451,,D,
county,37175,451,7462,,8
county,37179,451,12837,,17
county,37181,451,2939,,4
county,37183,451,366209,,169
county,37189,451,10870,,21
county,37191,451,25364,,18
county,37193,451,,D,
county,37195,451,13857,,12
county,38015,451,83807,,15
county,38017,451,135344,,32
county,38035,451,56996,,18
county,38089,451,,D,
county,38093,451,5231,,6
county,38101,451,56521,,19
county,38105,451,,D,
county,39001,451,1022,,4
county,39003,451,33704,,20
county,39005,451,,D,
county,39007,451,4206,,9
county,39009,451,15856,,13
county,39011,451,3044,,5
county,39013,451,,D,
county,39017,451,92693,,44
county,39023,451,19771,,14
county,39025,451,40217,,21
county,39027,451,1275,,3
county,39029,451,8148,,11
county,39031,451,,D,
county,39033,451,721,,4
county,39035,451,257660,,163
county,39039,451,11292,,4
county,39041,451,119247,,32
county,39043,451,28027,,15
county,39045,451,35655,,22
county,39049,451,341949,,158
county,39053,451,437,,3
county,39055,451,13906,,20
county,39057,451,49348,,31
county,39059,451,,D,
county,39061,451,307829,,157
county,39063,451,27607,,12
county,39075,451,,D,
county,39077,451,2762,,3
county,39079,451,1246,,4
county,39081,451,10807,,9
county,39083,451,4331,,7
county,39085,451,59561,,28
county,39087,451,2871,,6
county,39089,451,39502,,21
county,39091,451,3663,,6
county,39093,451,55278,,33
county,39095,451,132653,,65
county,39099,451,73970,,36
county,39101,451,7102,,6
county,39103,451,20433,,21
county,39107,451,5504,,9
county,39109,451,17573,,17
county,39113,451,140550,,75
county,39119,451,14214,,10
county,39123,451,,D,
county,39133,451,27651,,20
county,39137,451,2162,,3
county,39139,451,43451,,17
county,39141,451,16692,,10
county,39143,451,3380,,9
county,39145,451,5408,,7
county,39147,451,6537,,9
county,39151,451,,D,
county,39153,451,139036,,75
county,39155,451,39927,,28
county,39157,451,18207,,17
county,39159,451,,D,
county,39165,451,38036,,24
county,39167,451,8925,,12
county,39169,451,21816,,21
county,39173,451,43421,,15
county,40009,451,4136,,4
county,40017,451,25564,,7
county,40019,451,7616,,8
county,40021,451,,D,
county,40027,451,82556,,44
county,40031,451,30989,,16
county,40039,451,,D,
county,40041,451,2671,,5
county,40047,451,20210,,6
county,40071,451,4607,,5
county,40083,451,,D,
county,40097,451,,D,
county,40101,451,,D,
county,40109,451,347958,,140
county,40115,451,629,,3
county,40119,451,25305,,16
county,40123,451,6974,,10
county,40125,451,14726,,8
county,40131,451,,D,
county,40137,451,4792,,3
county,40143,451,289368,,127
county,40147,451,,D,
county,40153,451,2621,,8
county,41001,451,478,,5
county,41003,451,42274,,32
county,41005,451,141388,,74
county,41007,451,11417,,22
county,41009,451,6171,,4
county,41011,451,6033,,9
county,41013,451,1111,,3
county,41015,451,1679,,8
county,41017,451,116788,,85
county,41019,451,18496,,17
county,41027,451,,D,
county,41029,451,87429,,60
county,41033,451,11460,,18
county,41035,451,,D,
county,41039,451,157192,,78
county,41041,451,7955,,16
county,41043,451,23897,,18
county,41045,451,6896,,5
county,41047,451,82385,,54
county,41051,451,425192,,201
county,41053,451,472,,3
county,41057,451,,D,
county,41059,451,5377,,12
county,41061,451,2993,,10
county,41063,451,355,,3
county,41065,451,3966,,4
county,41067,451,240969,,100
county,41071,451,9247,,12
county,42001,451,7852,,11
county,42003,451,361049,,214
county,42005,451,2049,,4
county,42007,451,28100,,21
county,42009,451,,D,
county,42011,451,182600,,50
county,42013,451,60248,,29
county,42015,451,3236,,7
county,42017,451,143068,,95
county,42019,451,92451,,36
county,42021,451,28134,,21
county,42025,451,2678,,5
county,42027,451,61745,,34
county,42029,451,116773,,68
county,42031,451,6306,,8
county,42033,451,27561,,14
county,42035,451,,D,
county,42037,451,,D,
county,42039,451,7426,,10
county,42041,451,97902,,43
county,42043,451,76079,,30
county,42045,451,87215,,60
county,42047,451,11194,,4
county,42049,451,80431,,51
county,42051,451,19973,,16
county,42055,451,29481,,24
county,42059,451,12486,,7
county,42061,451,2600,,5
county,42063,451,20233,,12
county,42065,451,,D,
county,42069,451,69952,,33
county,42071,451,124061,,87
county,42073,451,6665,,6
county,42075,451,31434,,24
county,42077,451,103755,,59
county,42079,451,,D,
county,42081,451,38394,,20
county,42083,451,7009,,6
county,42085,451,15723,,18
county,42087,451,6199,,8
county,42089,451,27913,,24
county,42091,451,343954,,162
county,42095,451,50842,,42
county,42097,451,8901,,8
county,42099,451,1782,,5
county,42101,451,208801,,156
county,42103,451,1252,,4
county,42107,451,11933,,16
county,42109,451,17198,,7
county,42111,451,3415,,7
county,42115,451,,D,
county,42117,451,,D,
county,42119,451,6676,,9
county,42121,451,10962,,5
county,42123,451,,D,
county,42125,451,47359,,19
county,42127,451,,D,
county,42129,451,61884,,42
county,42131,451,,D,
county,42133,451,99200,,56
county,44001,451,4895,,5
county,44003,451,71650,,33
county,44005,451,15629,,18
county,44007,451,86848,,66
county,44009,451,17703,,30
county,45003,451,,D,
county,45007,451,57687,,22
county,45013,451,42327,,36
county,45015,451,,D,
county,45019,451,165547,,98
county,45035,451,,D,
county,45041,451,,D,
county,45043,451,9070,,16
county,45045,451,190610,,86
county,45047,451,15158,,13
county,45051,451,146200,,70
county,45053,451,3279,,3
county,45055,451,,D,
county,45057,451,,D,
county,45059,451,1179,,4
county,45063,451,111947,,41
county,45071,451,469,,3
county,45073,451,,D,
county,45075,451,2753,,6
county,45077,451,34656,,14
county,45079,451,88007,,54
county,45083,451,68174,,27
county,45085,451,5771,,6
county,45091,451,86444,,31
county,46011,451,4566,,6
county,46013,451,24541,,11
county,46029,451,8225,,9
county,46035,451,25203,,8
county,46065,451,5559,,9
county,46081,451,2152,,5
county,46083,451,,D,
county,46099,451,164654,,53
county,46103,451,,D,
county,46123,451,3136,,3
county,46135,451,,D,
county,47001,451,12155,,9
county,47003,451,,D,
county,47009,451,21854,,17
county,47011,451,,D,
county,47013,451,,D,
county,47017,451,181,,3
county,47019,451,,D,
county,47025,451,2529,,5
county,47031,451,7666,,7
county,47035,451,5207,,9
county,47037,451,255654,,104
county,47043,451,7877,,5
county,47045,451,1951,,3
county,47051,451,,D,
county,47053,451,,D,
county,47059,451,731,,3
county,47063,451,17382,,10
county,47065,451,147210,,65
county,47071,451,388,,3
county,47077,451,2137,,4
county,47093,451,174821,,88
county,47103,451,813,,4
county,47105,451,,D,
county,47107,451,8578,,10
county,47113,451,54312,,19
county,47117,451,911,,3
county,47119,451,20853,,12
county,47125,451,61568,,26
county,47141,451,23837,,13
county,47145,451,,D,
county,47147,451,5238,,5
county,47149,451,104708,,40
county,47155,451,116282,,40
county,47157,451,243923,,109
county,47163,451,41605,,36
county,47165,451,22675,,17
county,47167,451,,D,
county,47179,451,,D,
county,47187,451,140766,,52
county,47189,451,31716,,22
county,48005,451,29336,,12
county,48019,451,,D,
county,48021,451,,D,
county,48025,451,1543,,3
county,48027,451,91976,,29
county,48029,451,634288,,205
county,48037,451,,D,
county,48039,451,103143,,23
county,48041,451,114684,,33
county,48043,451,3032,,4
county,48049,451,3040,,4
county,48053,451,1268,,4
county,48061,451,64886,,32
county,48085,451,422640,,136
county,48089,451,2195,,3
county,48091,451,,D,
county,48099,451,736,,5
county,48113,451,626222,,241
county,48121,451,205300,,86
county,48135,451,82147,,17
county,48139,451,32917,,10
county,48141,451,167602,,78
county,48143,451,5652,,8
county,48157,451,178176,,53
county,48161,451,,D,
county,48165,451,681,,4
county,48167,451,72076,,30
county,48171,451,4947,,7
county,48181,451,47571,,17
county,48183,451,59959,,20
county,48199,451,798,,4
county,48201,451,1461517,,421
county,48203,451,907,,4
county,48209,451,97820,,22
county,48213,451,1180,,3
county,48215,451,181593,,67
county,48219,451,1685,,3
county,48221,451,6005,,8
county,48223,451,2212,,5
county,48227,451,1228,,4
county,48231,451,24665,,8
county,48241,451,,D,
county,48245,451,117771,,31
county,48251,451,11756,,13
county,48257,451,5642,,4
county,48259,451,3479,,7
county,48265,451,9006,,6
county,48277,451,7357,,9
county,48287,451,716,,3
county,48303,451,149034,,53
county,48309,451,113200,,29
county,48321,451,,D,
county,48323,451,,D,
county,48329,451,84994,,22
county,48339,451,220501,,64
county,48347,451,11714,,11
county,48349,451,5831,,4
county,48355,451,142928,,62
county,48361,451,2677,,6
county,48367,451,62251,,24
county,48373,451,1916,,3
county,48375,451,29257,,14
county,48381,451,64592,,15
county,48397,451,35000,,12
county,48409,451,,D,
county,48423,451,97168,,34
county,48439,451,788274,,240
county,48441,451,53897,,20
county,48451,451,56168,,23
county,48453,451,440385,,183
county,48463,451,,D,
county,48467,451,2221,,3
county,48469,451,42591,,13
county,48471,451,42243,,10
county,48473,451,3302,,5
county,48479,451,71242,,31
county,48481,451,5551,,4
county,48485,451,44500,,16
county,48491,451,186431,,71
county,49003,451,,D,
county,49005,451,,D,
county,49011,451,,D,
county,49017,451,2988,,3
county,49019,451,,D,
county,49021,451,12386,,15
county,49035,451,,D,
county,49041,451,,D,
county,49043,451,61795,,54
county,49045,451,,D,
county,49047,451,,D,
county,49049,451,205458,,93
county,49051,451,7278,,9
county,49053,451,70902,,40
county,49057,451,71032,,45
county,50001,451,,D,
county,50003,451,12048,,14
county,50005,451,,D,
county,50007,451,112914,,50
county,50011,451,3639,,7
county,50015,451,11085,,15
county,50019,451,,D,
county,50021,451,26001,,27
county,50023,451,22923,,32
county,50025,451,10200,,20
county,50027,451,17795,,26
county,51001,451,4774,,8
county,51003,451,,D,
county,51011,451,,D,
county,51013,451,27038,,21
county,51015,451,7230,,5
county,51019,451,7259,,13
county,51023,451,827,,3
county,51031,451,3151,,4
county,51037,451,2996,,3
county,51041,451,81840,,53
county,51047,451,5495,,6
county,51059,451,329963,,109
county,51061,451,,D,
county,51067,451,2059,,8
county,51069,451,,D,
county,51073,451,3811,,4
county,51085,451,,D,
county,51087,451,158704,,59
county,51093,451,903,,4
county,51095,451,,D,
county,51099,451,2549,,3
county,51107,451,108368,,56
county,51109,451,1406,,3
county,51121,451,44760,,22
county,51125,451,,D,
county,51131,451,,D,
county,51137,451,,D,
county,51143,451,7323,,4
county,51147,451,,D,
county,51153,451,161965,,56
county,51161,451,19429,,14
county,51165,451,6386,,13
county,51171,451,1795,,3
county,51177,451,41346,,21
county,51179,451,5579,,7
county,51185,451,3289,,4
county,51191,451,,D,
county,51199,451,16456,,13
county,51510,451,29034,,14
county,51520,451,,D,
county,51530,451,2469,,3
county,51540,451,29742,,27
county,51550,451,59351,,27
county,51570,451,27959,,8
county,51590,451,20919,,14
county,51600,451,39356,,14
county,51610,451,7471,,6
county,51630,451,25663,,18
county,51650,451,47175,,11
county,51660,451,44320,,24
county,51670,451,1700,,6
county,51678,451,,D,
county,51680,451,42561,,23
county,51683,451,7056,,6
county,51690,451,,D,
county,51700,451,42777,,25
county,51710,451,36577,,25
county,51730,451,,D,
county,51740,451,2628,,4
county,51750,451,8560,,5
county,51760,451,27824,,37
county,51770,451,60344,,27
county,51775,451,1824,,6
county,51790,451,4496,,11
county,51800,451,,D,
county,51810,451,162956,,87
county,51820,451,4802,,4
county,51830,451,6777,,4
county,51840,451,33887,,23
county,53003,451,,D,
county,53005,451,76398,,37
county,53007,451,24205,,30
county,53009,451,11324,,21
county,53011,451,79809,,54
county,53015,451,30203,,23
county,53017,451,12870,,4
county,53025,451,12172,,7
county,53027,451,4309,,14
county,53029,451,6382,,15
county,53031,451,4164,,13
county,53033,451,777045,,401
county,53035,451,82525,,52
county,53037,451,8068,,14
county,53041,451,9937,,16
county,53045,451,,D,
county,53047,451,6568,,14
county,53049,451,299,,3
county,53053,451,229328,,120
county,53055,451,2698,,11
county,53057,451,44679,,35
county,53061,451,221468,,130
county,53063,451,180320,,108
county,53065,451,4436,,4
county,53067,451,125657,,46
county,53071,451,8615,,11
county,53073,451,77314,,52
county,53075,451,14847,,7
county,53077,451,54154,,25
county,54003,451,19655,,16
county,54007,451,1813,,3
county,54011,451,55523,,21
county,54019,451,2839,,7
county,54025,451,7230,,4
county,54029,451,,D,
county,54033,451,,D,
county,54037,451,,D,
county,54039,451,68203,,29
county,54041,451,,D,
county,54049,451,6087,,7
county,54053,451,,D,
county,54055,451,21412,,12
county,54061,451,49154,,26
county,54069,451,39796,,13
county,54075,451,2500,,4
county,54079,451,,D,
county,54081,451,28813,,19
county,54083,451,5639,,7
county,54093,451,1007,,4
county,54107,451,30505,,24
county,55003,451,2661,,5
county,55005,451,10121,,11
county,55007,451,,D,
county,55009,451,114753,,51
county,55013,451,299,,3
county,55015,451,2794,,5
county,55017,451,,D,
county,55019,451,458,,4
county,55021,451,3100,,6
county,55025,451,228496,,116
county,55027,451,11026,,9
county,55029,451,5634,,11
county,55031,451,,D,
county,55033,451,,D,
county,55035,451,,D,
county,55039,451,11863,,22
county,55043,451,3381,,10
county,55045,451,,D,
county,55049,451,,D,
county,55055,451,4550,,7
county,55059,451,39145,,26
county,55063,451,63126,,37
county,55067,451,2409,,3
county,55069,451,2231,,5
county,55071,451,9115,,16
county,55073,451,49084,,30
county,55075,451,3225,,6
county,55079,451,149252,,112
county,55081,451,,D,
county,55083,451,,D,
county,55085,451,15064,,19
county,55087,451,114570,,42
county,55089,451,24059,,22
county,55093,451,,D,
county,55095,451,5480,,8
county,55097,451,17715,,20
county,55099,451,1112,,3
county,55101,451,43493,,27
county,55105,451,46305,,32
county,55109,451,12503,,15
county,55111,451,11380,,13
county,55113,451,6518,,7
county,55115,451,,D,
county,55117,451,24130,,23
county,55119,451,1834,,3
county,55121,451,1935,,3
county,55123,451,1733,,6
county,55125,451,3081,,10
county,55127,451,15461,,15
county,55129,451,2333,,5
county,55131,451,61449,,20
county,55133,451,174750,,83
county,55135,451,,D,
county,55139,451,30885,,28
county,55141,451,10743,,16
county,56001,451,2437,,10
county,56005,451,,D,
county,56009,451,306,,3
county,56013,451,5941,,9
county,56015,451,805,,3
county,56017,451,716,,3
county,56021,451,29846,,23
county,56023,451,751,,4
county,56025,451,39136,,25
county,56029,451,8240,,16
county,56033,451,12156,,10
county,56035,451,1878,,6
county,56037,451,10550,,12
county,56039,451,31845,,29
county,56041,451,,D,
county,01001,452,,D,
county,01003,452,718033,,71
county,01005,452,,D,
county,01007,452,,D,
county,01009,452,,D,
county,01011,452,7006,,5
county,01013,452,69472,,11
county,01015,452,396067,,43
county,01017,452,71594,,11
county,01019,452,,D,
county,01021,452,92893,,11
county,01023,452,11360,,6
county,01025,452,106063,,16
county,01027,452,8838,,5
county,01031,452,135161,,18
county,01033,452,114913,,17
county,01035,452,7739,,5
county,01039,452,103013,,17
county,01041,452,10729,,5
county,01043,452,243109,,30
county,01045,452,83260,,15
county,01047,452,93447,,17
county,01049,452,126592,,19
county,01051,452,232058,,22
county,01053,452,111275,,17
county,01055,452,247868,,35
county,01057,452,,D,
county,01059,452,74715,,10
county,01061,452,37299,,10
county,01063,452,5523,,5
county,01065,452,10022,,5
county,01067,452,10585,,4
county,01069,452,409477,,44
county,01071,452,114909,,15
county,01073,452,1661469,,163
county,01075,452,12412,,7
county,01077,452,321727,,33
county,01079,452,,D,
county,01081,452,327858,,38
county,01083,452,137164,,21
county,01087,452,11406,,7
county,01089,452,1173004,,87
county,01091,452,63121,,8
county,01093,452,86977,,12
county,01095,452,287262,,30
county,01097,452,1066617,,131
county,01099,452,61880,,10
county,01101,452,630141,,60
county,01103,452,,D,
county,01105,452,6110,,4
county,01107,452,13292,,7
county,01109,452,89056,,10
county,01111,452,52783,,7
county,01113,452,,D,
county,01115,452,,D,
county,01117,452,471118,,35
county,01119,452,8921,,6
county,01121,452,,D,
county,01123,452,97690,,18
county,01125,452,448412,,45
county,01127,452,,D,
county,01129,452,,D,
county,01131,452,8622,,6
county,01133,452,,D,
county,02020,452,1361240,,22
county,02050,452,19863,,12
county,02090,452,,D,
county,02110,452,166720,,5
county,02122,452,,D,
county,02130,452,,D,
county,02158,452,6596,,5
county,02170,452,338814,,7
county,02185,452,6010,,4
county,02290,452,,D,
county,04001,452,13564,,8
county,04003,452,316413,,28
county,04005,452,389969,,28
county,04007,452,,D,
county,04009,452,,D,
county,04011,452,,D,
county,04012,452,58886,,7
county,04013,452,10552520,,427
county,04015,452,535752,,43
county,04017,452,248521,,27
county,04019,452,2257245,,125
county,04021,452,683038,,46
county,04023,452,134754,,15
county,04025,452,609745,,44
county,04027,452,626872,,33
county,05001,452,64174,,6
county,05003,452,59547,,9
county,05005,452,145161,,13
county,05007,452,688859,,41
county,05009,452,,D,
county,05011,452,9241,,5
county,05015,452,,D,
county,05017,452,9267,,6
county,05019,452,80308,,9
county,05021,452,17863,,6
county,05023,452,,D,
county,05027,452,72304,,9
county,05029,452,,D,
county,05031,452,354311,,32
county,05033,452,162654,,19
county,05035,452,101324,,15
county,05037,452,,D,
county,05039,452,16898,,3
county,05041,452,26126,,5
county,05043,452,81403,,6
county,05045,452,306429,,32
county,05047,452,24073,,5
county,05051,452,374649,,36
county,05053,452,,D,
county,05055,452,124516,,13
county,05057,452,70891,,6
county,05059,452,75734,,12
county,05061,452,,D,
county,05063,452,,D,
county,05065,452,8745,,5
county,05067,452,,D,
county,05069,452,156735,,27
county,05071,452,88870,,11
county,05075,452,27938,,6
county,05077,452,4349,,3
county,05079,452,,D,
county,05081,452,33674,,5
county,05083,452,,D,
county,05085,452,159940,,21
county,05089,452,,D,
county,05091,452,101362,,13
county,05093,452,104188,,16
county,05095,452,7405,,5
county,05099,452,4136,,3
county,05103,452,,D,
county,05107,452,50306,,9
county,05111,452,50057,,9
county,05113,452,82278,,8
county,05115,452,,D,
county,05119,452,1101754,,94
county,05121,452,,D,
county,05123,452,66114,,11
county,05125,452,,D,
county,05131,452,552748,,34
county,05133,452,52799,,7
county,05135,452,,D,
county,05137,452,,D,
county,05139,452,118745,,14
county,05141,452,,D,
county,05143,452,619384,,36
county,05145,452,218241,,35
county,05147,452,,D,
county,05149,452,,D,
county,06001,452,2761358,,97
county,06005,452,,D,
county,06007,452,,D,
county,06009,452,6780,,6
county,06011,452,6506,,5
county,06013,452,2308723,,79
county,06015,452,,D,
county,06017,452,160086,,11
county,06019,452,2144327,,116
county,06021,452,,D,
county,06023,452,284848,,19
county,06025,452,554149,,30
county,06029,452,1697923,,107
county,06031,452,,D,
county,06033,452,99704,,6
county,06035,452,,D,
county,06037,452,16168923,,893
county,06039,452,111962,,17
county,06041,452,349912,,19
county,06045,452,103351,,15
county,06047,452,532852,,35
county,06053,452,772215,,42
county,06055,452,255649,,10
county,06057,452,30776,,7
county,06059,452,7059908,,256
county,06061,452,1004550,,33
county,06065,452,4609869,,207
county,06067,452,3295300,,119
county,06069,452,,D,
county,06071,452,4334499,,215
county,06073,452,6914514,,224
county,06075,452,782338,,42
county,06077,452,1640465,,68
county,06079,452,518599,,23
county,06081,452,1750737,,50
county,06083,452,569338,,34
county,06085,452,,D,
county,06087,452,366026,,21
county,06089,452,480171,,23
county,06093,452,,D,
county,06095,452,1080062,,36
county,06097,452,955162,,41
county,06099,452,1181189,,63
county,06101,452,327561,,11
county,06103,452,99426,,10
county,06107,452,953640,,64
county,06109,452,120085,,9
county,06111,452,1506759,,85
county,06113,452,442052,,22
county,06115,452,118874,,8
county,08001,452,1117086,,50
county,08003,452,,D,
county,08005,452,1447463,,64
county,08007,452,,D,
county,08013,452,600613,,17
county,08014,452,,D,
county,08015,452,,D,
county,08029,452,,D,
county,08031,452,847773,,53
county,08035,452,1086603,,23
county,08037,452,164345,,7
county,08041,452,,D,
county,08043,452,,D,
county,08045,452,,D,
county,08051,452,,D,
county,08059,452,1480617,,52
county,08063,452,10905,,4
county,08067,452,,D,
county,08069,452,876278,,31
county,08071,452,,D,
county,08075,452,,D,
county,08077,452,404144,,22
county,08083,452,95446,,8
county,08085,452,110916,,9
county,08087,452,,D,
county,08089,452,72363,,6
county,08099,452,53313,,5
county,08101,452,502613,,36
county,08117,452,65196,,3
county,08123,452,359394,,26
county,08125,452,,D,
county,09001,452,1213288,,68
county,09003,452,1635304,,124
county,09005,452,190929,,18
county,09007,452,154927,,15
county,09009,452,1599161,,116
county,09011,452,529026,,44
county,09013,452,35283,,11
county,09015,452,310551,,25
county,10001,452,463247,,35
county,10003,452,1160367,,76
county,10005,452,480775,,49
county,11001,452,600021,,36
county,12001,452,535518,,44
county,12003,452,,D,
county,12005,452,,D,
county,12007,452,,D,
county,12009,452,1364709,,101
county,12011,452,4068677,,251
county,12015,452,564175,,30
county,12017,452,295225,,35
county,12019,452,430286,,31
county,12021,452,902394,,41
county,12023,452,,D,
county,12027,452,76166,,8
county,12031,452,2471955,,177
county,12033,452,834051,,77
county,12035,452,191883,,14
county,12037,452,,D,
county,12039,452,,D,
county,12041,452,6450,,5
county,12049,452,,D,
county,12051,452,,D,
county,12053,452,518480,,42
county,12055,452,251795,,29
county,12057,452,2963174,,207
county,12059,452,11155,,6
county,12061,452,380857,,27
county,12063,452,118564,,20
county,12065,452,,D,
county,12067,452,4345,,3
county,12069,452,,D,
county,12071,452,1742567,,116
county,12073,452,749703,,56
county,12075,452,119588,,12
county,12079,452,11967,,8
county,12081,452,882284,,52
county,12083,452,922073,,85
county,12085,452,292301,,23
county,12086,452,4710840,,374
county,12087,452,,D,
county,12089,452,,D,
county,12091,452,,D,
county,12093,452,,D,
county,12095,452,2895316,,199
county,12097,452,,D,
county,12099,452,2665135,,139
county,12101,452,1321862,,92
county,12103,452,1847449,,130
county,12105,452,1532606,,134
county,12107,452,151946,,29
county,12109,452,206659,,29
county,12111,452,600490,,34
county,12113,452,403671,,34
county,12115,452,759000,,51
county,12117,452,1116003,,77
county,12119,452,,D,
county,12121,452,,D,
county,12123,452,,D,
county,12127,452,1176422,,99
county,12129,452,,D,
county,12131,452,,D,
county,12133,452,,D,
county,13001,452,59106,,8
county,13009,452,,D,
county,13011,452,,D,
county,13013,452,140116,,11
county,13015,452,178794,,28
county,13017,452,,D,
county,13019,452,11032,,6
county,13021,452,447168,,52
county,13023,452,35584,,4
county,13027,452,,D,
county,13031,452,175521,,18
county,13033,452,,D,
county,13039,452,,D,
county,13043,452,8419,,4
county,13045,452,265986,,33
county,13047,452,267742,,14
county,13051,452,747542,,59
county,13055,452,,D,
county,13057,452,573019,,33
county,13059,452,293387,,27
county,13063,452,601247,,52
county,13065,452,4796,,3
county,13067,452,1512484,,105
county,13069,452,123150,,16
county,13071,452,105813,,17
county,13073,452,210181,,18
county,13075,452,49639,,7
county,13077,452,352248,,30
county,13079,452,,D,
county,13081,452,79498,,9
county,13083,452,,D,
county,13085,452,,D,
county,13087,452,85968,,10
county,13089,452,1298302,,112
county,13091,452,57129,,8
county,13095,452,330469,,36
county,13097,452,385224,,32
county,13099,452,8316,,5
county,13103,452,,D,
county,13105,452,,D,
county,13107,452,69504,,7
county,13109,452,7249,,6
county,13111,452,74895,,9
county,13113,452,274529,,21
county,13115,452,262526,,31
county,13117,452,514525,,28
county,13119,452,13639,,9
county,13121,452,1907537,,128
county,13123,452,,D,
county,13127,452,237336,,28
county,13129,452,,D,
county,13131,452,,D,
county,13133,452,7451,,5
county,13135,452,1834756,,105
county,13137,452,108147,,18
county,13139,452,409976,,36
county,13143,452,,D,
county,13147,452,77945,,9
county,13151,452,592438,,41
county,13153,452,325598,,33
county,13157,452,,D,
county,13159,452,7120,,4
county,13161,452,,D,
county,13163,452,10582,,8
county,13165,452,4657,,3
county,13171,452,7906,,5
county,13175,452,,D,
county,13177,452,11988,,8
county,13179,452,,D,
county,13185,452,388464,,36
county,13187,452,,D,
county,13189,452,,D,
county,13193,452,7991,,5
county,13197,452,3823,,3
county,13199,452,12200,,7
county,13205,452,39743,,8
county,13207,452,,D,
county,13209,452,5606,,6
county,13211,452,63836,,6
county,13213,452,23198,,13
county,13215,452,588722,,54
county,13217,452,203717,,21
county,13219,452,,D,
county,13221,452,,D,
county,13223,452,348980,,26
county,13225,452,16543,,9
county,13227,452,,D,
county,13229,452,12614,,7
county,13233,452,,D,
county,13235,452,4452,,3
county,13237,452,47835,,8
county,13241,452,60388,,7
county,13243,452,4841,,3
county,13245,452,623882,,58
county,13247,452,,D,
county,13251,452,10835,,6
county,13253,452,9419,,4
county,13255,452,144538,,17
county,13257,452,85151,,8
county,13261,452,,D,
county,13267,452,14141,,8
county,13271,452,8306,,6
county,13273,452,,D,
county,13275,452,114648,,19
county,13277,452,123623,,19
county,13279,452,117365,,10
county,13281,452,8985,,7
county,13283,452,4593,,3
county,13285,452,122965,,21
county,13291,452,,D,
county,13293,452,85056,,10
county,13295,452,83804,,18
county,13297,452,204995,,18
county,13299,452,132970,,14
county,13303,452,56355,,9
county,13305,452,87846,,10
county,13311,452,,D,
county,13313,452,235952,,31
county,13317,452,5973,,5
county,13321,452,34507,,6
county,15001,452,660848,,16
county,15003,452,3028401,,46
county,15007,452,294556,,7
county,15009,452,588425,,17
county,16001,452,1370364,,60
county,16005,452,294919,,14
county,16007,452,2731,,3
county,16009,452,3244,,3
county,16011,452,,D,
county,16013,452,,D,
county,16017,452,102803,,12
county,16019,452,,D,
county,16027,452,665166,,25
county,16031,452,,D,
county,16039,452,,D,
county,16041,452,,D,
county,16045,452,,D,
county,16049,452,1896,,3
county,16053,452,,D,
county,16055,452,673866,,19
county,16057,452,,D,
county,16059,452,,D,
county,16065,452,,D,
county,16067,452,,D,
county,16069,452,40541,,6
county,16081,452,2782,,3
county,16083,452,,D,
county,16087,452,,D,
county,17001,452,,D,
county,17007,452,,D,
county,17017,452,,D,
county,17019,452,613531,,35
county,17021,452,87437,,8
county,17025,452,,D,
county,17027,452,,D,
county,17029,452,,D,
county,17031,452,7949229,,605
county,17037,452,172419,,15
county,17039,452,18784,,5
county,17041,452,,D,
county,17043,452,2173705,,90
county,17045,452,54482,,4
county,17049,452,144602,,10
county,17051,452,78912,,7
county,17055,452,98650,,13
county,17057,452,56502,,8
county,17063,452,,D,
county,17073,452,102078,,12
county,17075,452,62914,,7
county,17077,452,167057,,17
county,17081,452,108242,,12
county,17083,452,,D,
county,17085,452,,D,
county,17089,452,1037818,,61
county,17091,452,282909,,24
county,17093,452,,D,
county,17095,452,139965,,13
county,17097,452,1508165,,77
county,17099,452,,D,
county,17103,452,,D,
county,17105,452,72994,,8
county,17107,452,71888,,7
county,17109,452,85081,,6
county,17111,452,985182,,39
county,17113,452,424291,,27
county,17115,452,310267,,27
county,17117,452,54938,,12
county,17119,452,746465,,47
county,17121,452,,D,
county,17131,452,21785,,4
county,17133,452,92209,,5
county,17135,452,104139,,7
county,17137,452,,D,
county,17141,452,,D,
county,17143,452,,D,
county,17145,452,,D,
county,17149,452,31097,,5
county,17157,452,,D,
county,17159,452,,D,
county,17161,452,394628,,31
county,17163,452,593816,,55
county,17165,452,96454,,9
county,17167,452,,D,
county,17177,452,125895,,9
county,17179,452,502624,,30
county,17181,452,,D,
county,17183,452,218511,,28
county,17185,452,7408,,3
county,17187,452,,D,
county,17189,452,10169,,4
county,17195,452,139270,,15
county,17197,452,1651109,,88
county,17199,452,250577,,19
county,17201,452,,D,
county,17203,452,,D,
county,18001,452,82777,,11
county,18003,452,,D,
county,18005,452,297494,,17
county,18011,452,,D,
county,18013,452,,D,
county,18017,452,92957,,10
county,18019,452,,D,
county,18021,452,,D,
county,18023,452,68533,,6
county,18027,452,,D,
county,18029,452,94468,,10
county,18031,452,100544,,6
county,18033,452,98098,,10
county,18035,452,394564,,33
county,18037,452,,D,
county,18039,452,474409,,41
county,18041,452,,D,
county,18043,452,,D,
county,18045,452,9620,,5
county,18047,452,8556,,5
county,18049,452,,D,
county,18051,452,104746,,10
county,18053,452,,D,
county,18055,452,,D,
county,18057,452,654224,,25
county,18059,452,170222,,11
county,18061,452,,D,
county,18063,452,749257,,29
county,18065,452,95817,,9
county,18067,452,322856,,26
county,18069,452,83281,,10
county,18071,452,104572,,10
county,18073,452,,D,
county,18075,452,,D,
county,18077,452,95938,,7
county,18079,452,,D,
county,18081,452,568198,,27
county,18083,452,117922,,11
county,18085,452,,D,
county,18087,452,10542,,10
county,18089,452,1189629,,98
county,18091,452,283463,,24
county,18093,452,129287,,13
county,18095,452,,D,
county,18097,452,2156897,,175
county,18099,452,,D,
county,18103,452,16561,,6
county,18105,452,,D,
county,18107,452,83393,,6
county,18109,452,102468,,12
county,18113,452,91474,,11
county,18117,452,,D,
county,18121,452,10067,,6
county,18123,452,,D,
county,18127,452,444203,,26
county,18133,452,,D,
county,18135,452,52995,,10
county,18141,452,824715,,51
county,18143,452,,D,
county,18145,452,108597,,9
county,18149,452,32524,,6
county,18151,452,180311,,12
county,18157,452,,D,
county,18163,452,634580,,45
county,18167,452,,D,
county,18169,452,76816,,7
county,18173,452,,D,
county,18175,452,62014,,6
county,18177,452,221620,,18
county,18181,452,73810,,8
county,18183,452,,D,
county,19005,452,8250,,3
county,19007,452,,D,
county,19011,452,14520,,6
county,19013,452,388035,,25
county,19017,452,,D,
county,19019,452,52295,,6
county,19021,452,,D,
county,19023,452,2847,,5
county,19027,452,64460,,6
county,19029,452,,D,
county,19031,452,,D,
county,19033,452,,D,
county,19035,452,14627,,4
county,19037,452,11789,,4
county,19039,452,39753,,4
county,19041,452,,D,
county,19045,452,131696,,12
county,19047,452,,D,
county,19049,452,293815,,14
county,19057,452,,D,
county,19061,452,261529,,19
county,19063,452,7595,,5
county,19065,452,18317,,6
county,19067,452,17231,,3
county,19073,452,7697,,4
county,19079,452,12005,,4
county,19083,452,34066,,5
county,19085,452,,D,
county,19087,452,,D,
county,19091,452,10599,,3
county,19093,452,11427,,5
county,19097,452,,D,
county,19099,452,,D,
county,19101,452,,D,
county,19103,452,,D,
county,19105,452,46748,,5
county,19109,452,21422,,5
county,19111,452,,D,
county,19113,452,579214,,31
county,19117,452,7023,,3
county,19119,452,3479,,3
county,19121,452,,D,
county,19123,452,,D,
county,19125,452,,D,
county,19127,452,99589,,7
county,19129,452,11395,,3
county,19133,452,15105,,6
county,19137,452,5497,,3
county,19139,452,109709,,9
county,19141,452,12312,,5
county,19149,452,,D,
county,19153,452,1126140,,64
county,19155,452,320665,,18
county,19157,452,42605,,4
county,19161,452,6808,,4
county,19163,452,470845,,30
county,19165,452,10406,,3
county,19167,452,69033,,10
county,19169,452,248993,,13
county,19171,452,,D,
county,19175,452,,D,
county,19179,452,103533,,6
county,19181,452,,D,
county,19183,452,,D,
county,19187,452,144277,,11
county,19189,452,,D,
county,19191,452,,D,
county,19193,452,384031,,25
county,19197,452,12287,,6
county,20001,452,,D,
county,20005,452,,D,
county,20009,452,,D,
county,20015,452,,D,
county,20027,452,7812,,4
county,20035,452,,D,
county,20037,452,91995,,9
county,20045,452,200218,,16
county,20051,452,,D,
county,20055,452,166023,,7
county,20057,452,,D,
county,20059,452,,D,
county,20061,452,,D,
county,20067,452,6751,,3
county,20079,452,,D,
county,20085,452,,D,
county,20087,452,,D,
county,20091,452,1496597,,53
county,20099,452,,D,
county,20103,452,100776,,8
county,20107,452,,D,
county,20111,452,105566,,5
county,20113,452,,D,
county,20117,452,,D,
county,20121,452,68642,,5
county,20125,452,,D,
county,20131,452,6736,,4
county,20133,452,,D,
county,20155,452,123536,,10
county,20161,452,,D,
county,20169,452,201809,,14
county,20173,452,,D,
county,20175,452,,D,
county,20177,452,,D,
county,20209,452,294647,,34
county,21001,452,,D,
county,21003,452,,D,
county,21005,452,,D,
county,21009,452,,D,
county,21013,452,112368,,14
county,21015,452,444599,,28
county,21017,452,,D,
county,21019,452,275922,,18
county,21021,452,,D,
county,21025,452,,D,
county,21027,452,27248,,8
county,21029,452,91100,,16
county,21031,452,,D,
county,21033,452,,D,
county,21035,452,103624,,10
county,21037,452,,D,
county,21041,452,,D,
county,21043,452,24899,,7
county,21047,452,191686,,22
county,21049,452,100800,,8
county,21051,452,26692,,7
county,21053,452,10069,,6
county,21055,452,5043,,4
county,21059,452,,D,
county,21061,452,,D,
county,21067,452,830506,,48
county,21069,452,,D,
county,21071,452,55134,,14
county,21073,452,113370,,12
county,21081,452,76128,,8
county,21083,452,92994,,16
county,21085,452,,D,
county,21089,452,,D,
county,21093,452,370084,,32
county,21095,452,58351,,10
county,21097,452,,D,
county,21099,452,16313,,8
county,21101,452,,D,
county,21107,452,118771,,16
county,21111,452,1806044,,145
county,21113,452,172414,,11
county,21115,452,101183,,8
county,21117,452,138954,,20
county,21121,452,38521,,11
county,21125,452,226743,,22
county,21127,452,,D,
county,21131,452,4925,,3
county,21133,452,38414,,7
county,21137,452,,D,
county,21141,452,,D,
county,21145,452,386156,,31
county,21147,452,,D,
county,21151,452,,D,
county,21155,452,51289,,6
county,21157,452,,D,
county,21159,452,,D,
county,21161,452,96193,,7
county,21163,452,,D,
county,21167,452,,D,
county,21171,452,38512,,7
county,21173,452,,D,
county,21177,452,78643,,8
county,21179,452,,D,
county,21183,452,,D,
county,21185,452,,D,
county,21193,452,114556,,11
county,21195,452,230436,,30
county,21197,452,6697,,6
county,21199,452,179111,,28
county,21205,452,,D,
county,21207,452,22595,,9
county,21209,452,130468,,8
county,21211,452,92354,,9
county,21213,452,,D,
county,21217,452,78496,,9
county,21219,452,,D,
county,21225,452,,D,
county,21227,452,426146,,32
county,21231,452,63589,,7
county,21235,452,84051,,16
county,21239,452,,D,
county,22001,452,101960,,19
county,22003,452,56694,,12
county,22005,452,298225,,29
county,22007,452,23600,,8
county,22009,452,100219,,21
county,22011,452,,D,
county,22013,452,12532,,7
county,22015,452,297991,,33
county,22017,452,661775,,67
county,22019,452,,D,
county,22021,452,9252,,4
county,22025,452,5451,,4
county,22027,452,7703,,7
county,22029,452,51450,,8
county,22031,452,42789,,13
county,22033,452,,D,
county,22035,452,3810,,3
county,22037,452,,D,
county,22039,452,59522,,13
county,22041,452,66091,,7
county,22045,452,126479,,23
county,22047,452,51608,,7
county,22049,452,44442,,6
county,22051,452,1303175,,90
county,22053,452,90073,,11
county,22055,452,775046,,70
county,22057,452,,D,
county,22061,452,99058,,12
county,22063,452,350483,,39
county,22065,452,6035,,3
county,22067,452,63308,,9
county,22069,452,98502,,11
county,22071,452,536977,,45
county,22073,452,419177,,49
county,22077,452,59749,,8
county,22079,452,,D,
county,22081,452,11668,,5
county,22083,452,50925,,9
county,22085,452,66753,,12
county,22087,452,112598,,16
county,22089,452,88072,,10
county,22091,452,,D,
county,22093,452,,D,
county,22095,452,96488,,11
county,22097,452,196718,,37
county,22099,452,88025,,15
county,22101,452,112424,,16
county,22103,452,696667,,58
county,22105,452,370787,,48
county,22109,452,,D,
county,22111,452,46745,,10
county,22113,452,104649,,19
county,22115,452,112666,,13
county,22117,452,90220,,23
county,22119,452,133025,,17
county,22121,452,74079,,9
county,22123,452,,D,
county,22127,452,41317,,6
county,23001,452,,D,
county,23003,452,161405,,20
county,23005,452,609199,,47
county,23007,452,77940,,11
county,23009,452,114649,,12
county,23011,452,,D,
county,23013,452,149196,,10
county,23015,452,,D,
county,23017,452,122540,,11
county,23019,452,437544,,37
county,23021,452,23075,,6
county,23023,452,42933,,6
county,23025,452,,D,
county,23027,452,20392,,12
county,23029,452,64034,,15
county,23031,452,232434,,35
county,24001,452,196748,,23
county,24003,452,1537613,,70
county,24005,452,1856027,,119
county,24009,452,,D,
county,24011,452,72654,,8
county,24013,452,450640,,21
county,24015,452,225146,,17
county,24017,452,429873,,24
county,24019,452,,D,
county,24021,452,609220,,31
county,24023,452,,D,
county,24025,452,491712,,33
county,24027,452,655130,,20
county,24031,452,1293570,,62
county,24033,452,1301937,,104
county,24035,452,28580,,8
county,24037,452,,D,
county,24041,452,103847,,11
county,24043,452,391659,,32
county,24045,452,386800,,30
county,24047,452,,D,
county,24510,452,317159,,74
county,25001,452,242706,,27
county,25003,452,,D,
county,25005,452,1400373,,93
county,25007,452,5032,,5
county,25009,452,875428,,73
county,25011,452,69631,,9
county,25013,452,784189,,77
county,25015,452,192714,,13
county,25017,452,1744697,,114
county,25021,452,1255654,,60
county,25023,452,730068,,67
county,25025,452,437897,,62
county,25027,452,1391792,,104
county,26005,452,181631,,25
county,26007,452,143092,,11
county,26009,452,6586,,6
county,26011,452,12194,,5
county,26013,452,,D,
county,26015,452,73014,,8
county,26017,452,285418,,26
county,26019,452,,D,
county,26021,452,425175,,48
county,26023,452,161974,,13
county,26025,452,445663,,43
county,26027,452,19844,,10
county,26029,452,18224,,7
county,26031,452,73967,,5
county,26033,452,139087,,9
county,26035,452,20979,,13
county,26037,452,,D,
county,26039,452,7643,,4
county,26041,452,145947,,9
county,26043,452,108291,,5
county,26045,452,,D,
county,26047,452,160435,,10
county,26049,452,1163382,,95
county,26051,452,19954,,11
county,26053,452,,D,
county,26055,452,494848,,23
county,26057,452,,D,
county,26059,452,,D,
county,26061,452,105110,,7
county,26063,452,,D,
county,26065,452,741064,,52
county,26067,452,141440,,12
county,26069,452,83651,,9
county,26071,452,9838,,9
county,26073,452,,D,
county,26075,452,516736,,43
county,26077,452,978719,,50
county,26079,452,11382,,5
county,26081,452,2395543,,127
county,26087,452,,D,
county,26091,452,231884,,23
county,26093,452,670003,,24
county,26099,452,2554908,,148
county,26101,452,87000,,9
county,26103,452,187140,,17
county,26105,452,141500,,9
county,26107,452,172098,,10
county,26109,452,,D,
county,26111,452,276834,,20
county,26115,452,223762,,23
county,26117,452,194449,,21
county,26119,452,5636,,4
county,26121,452,649402,,46
county,26123,452,94715,,12
county,26125,452,3426864,,197
county,26127,452,21228,,11
county,26129,452,93981,,8
county,26133,452,14775,,10
county,26137,452,188121,,8
county,26139,452,686380,,31
county,26141,452,,D,
county,26143,452,82836,,12
county,26145,452,611865,,50
county,26147,452,,D,
county,26149,452,251780,,17
county,26151,452,71211,,18
county,26153,452,8515,,3
county,26155,452,,D,
county,26157,452,84307,,14
county,26159,452,186213,,24
county,26161,452,842372,,37
county,26163,452,3599757,,325
county,26165,452,,D,
county,27001,452,8578,,4
county,27003,452,1062030,,44
county,27005,452,,D,
county,27007,452,187798,,12
county,27009,452,55952,,7
county,27013,452,,D,
county,27015,452,65517,,9
county,27017,452,6582,,3
county,27019,452,209150,,7
county,27023,452,,D,
county,27025,452,20638,,7
county,27027,452,184079,,9
county,27033,452,12399,,3
county,27035,452,,D,
county,27037,452,1228776,,45
county,27041,452,193095,,10
county,27045,452,6129,,5
county,27047,452,86775,,7
county,27049,452,,D,
county,27053,452,2608170,,128
county,27057,452,,D,
county,27059,452,172256,,8
county,27061,452,141001,,7
county,27065,452,9802,,4
county,27067,452,140549,,9
county,27071,452,17214,,5
county,27075,452,,D,
county,27083,452,100660,,6
county,27085,452,114655,,9
county,27091,452,58584,,5
county,27093,452,,D,
county,27095,452,69746,,6
county,27097,452,,D,
county,27099,452,94454,,5
county,27103,452,,D,
county,27105,452,78694,,5
county,27109,452,576533,,20
county,27111,452,146705,,21
county,27113,452,,D,
county,27115,452,,D,
county,27117,452,,D,
county,27119,452,41520,,8
county,27121,452,6570,,3
county,27123,452,1166095,,60
county,27127,452,,D,
county,27131,452,,D,
county,27135,452,13019,,7
county,27137,452,674252,,38
county,27139,452,280809,,8
county,27141,452,101343,,8
county,27143,452,,D,
county,27145,452,519458,,26
county,27147,452,112202,,7
county,27151,452,6382,,5
county,27153,452,,D,
county,27157,452,,D,
county,27159,452,,D,
county,27161,452,,D,
county,27163,452,790248,,28
county,27165,452,9114,,4
county,27169,452,135372,,9
county,27171,452,312718,,19
county,27173,452,3285,,4
county,28001,452,104930,,16
county,28003,452,118183,,17
county,28005,452,11442,,6
county,28007,452,57959,,9
county,28011,452,77812,,13
county,28013,452,15008,,7
county,28017,452,29427,,9
county,28023,452,13021,,8
county,28025,452,51736,,8
county,28027,452,56622,,8
county,28029,452,71430,,11
county,28031,452,16125,,10
county,28033,452,599237,,43
county,28035,452,192663,,32
county,28039,452,87254,,11
county,28041,452,7041,,5
county,28043,452,97524,,11
county,28045,452,110001,,17
county,28047,452,641511,,73
county,28049,452,341090,,65
county,28051,452,12809,,8
county,28053,452,5379,,3
county,28057,452,56493,,5
county,28059,452,286343,,49
county,28061,452,11166,,7
county,28065,452,7711,,6
county,28067,452,171033,,33
county,28069,452,7065,,5
county,28071,452,122739,,12
county,28073,452,315224,,22
county,28075,452,286880,,34
county,28077,452,7982,,4
county,28079,452,54198,,9
county,28081,452,338333,,34
county,28083,452,,D,
county,28085,452,121307,,14
county,28087,452,166327,,26
county,28089,452,,D,
county,28091,452,88044,,10
county,28093,452,48002,,11
county,28095,452,77331,,14
county,28097,452,,D,
county,28099,452,104380,,11
county,28101,452,,D,
county,28103,452,6257,,4
county,28105,452,105595,,12
county,28107,452,81511,,12
county,28109,452,138498,,22
county,28111,452,9440,,9
county,28113,452,141507,,19
county,28115,452,81100,,9
county,28117,452,67689,,13
county,28121,452,475164,,41
county,28123,452,76617,,13
county,28127,452,79403,,10
county,28131,452,69119,,8
county,28133,452,51812,,11
county,28137,452,72911,,9
county,28139,452,,D,
county,28141,452,,D,
county,28143,452,,D,
county,28145,452,80618,,11
county,28147,452,7974,,4
county,28149,452,124369,,14
county,28151,452,115678,,20
county,28153,452,66104,,9
county,28155,452,7320,,4
county,28157,452,7049,,5
county,28159,452,,D,
county,28161,452,9349,,6
county,28163,452,,D,
county,29001,452,,D,
county,29007,452,,D,
county,29009,452,,D,
county,29013,452,41804,,5
county,29015,452,,D,
county,29017,452,,D,
county,29019,452,444812,,22
county,29021,452,358055,,22
county,29023,452,131230,,15
county,29027,452,,D,
county,29029,452,,D,
county,29031,452,335881,,23
county,29033,452,,D,
county,29037,452,309971,,20
county,29039,452,,D,
county,29043,452,,D,
county,29045,452,,D,
county,29047,452,,D,
county,29051,452,292015,,19
county,29055,452,,D,
county,29065,452,,D,
county,29069,452,,D,
county,29071,452,291582,,24
county,29073,452,,D,
county,29077,452,,D,
county,29083,452,,D,
county,29089,452,,D,
county,29091,452,,D,
county,29095,452,1533855,,125
county,29097,452,,D,
county,29099,452,486256,,31
county,29101,452,,D,
county,29105,452,110507,,12
county,29107,452,,D,
county,29109,452,,D,
county,29113,452,,D,
county,29117,452,,D,
county,29119,452,,D,
county,29121,452,,D,
county,29127,452,,D,
county,29131,452,,D,
county,29133,452,,D,
county,29141,452,,D,
county,29143,452,97363,,9
county,29145,452,,D,
county,29147,452,,D,
county,29149,452,,D,
county,29155,452,,D,
county,29157,452,,D,
county,29159,452,130222,,9
county,29161,452,140849,,14
county,29163,452,,D,
county,29165,452,187463,,11
county,29167,452,,D,
county,29169,452,113144,,11
county,29175,452,,D,
county,29181,452,,D,
county,29183,452,1102158,,47
county,29185,452,,D,
county,29187,452,220188,,17
county,29189,452,2597458,,158
county,29195,452,,D,
county,29199,452,,D,
county,29201,452,15418,,11
county,29207,452,,D,
county,29209,452,,D,
county,29213,452,,D,
county,29215,452,,D,
county,29217,452,,D,
county,29219,452,,D,
county,29221,452,,D,
county,29225,452,,D,
county,29229,452,,D,
county,29510,452,163951,,42
county,30001,452,,D,
county,30013,452,307000,,13
county,30029,452,338445,,12
county,30031,452,333716,,10
county,30041,452,71812,,4
county,30049,452,272115,,12
county,30063,452,449821,,13
county,30067,452,8226,,3
county,30081,452,,D,
county,30093,452,126550,,6
county,30111,452,,D,
county,31001,452,,D,
county,31011,452,9191,,3
county,31013,452,16757,,5
county,31017,452,9721,,3
county,31019,452,,D,
county,31025,452,13261,,4
county,31027,452,,D,
county,31031,452,14120,,4
county,31033,452,,D,
county,31037,452,4799,,4
county,31039,452,13351,,4
county,31041,452,9413,,3
county,31043,452,,D,
county,31045,452,,D,
county,31047,452,74721,,7
county,31053,452,,D,
county,31055,452,1267824,,65
county,31067,452,69687,,6
county,31079,452,,D,
county,31089,452,20584,,5
county,31101,452,49001,,4
county,31105,452,,D,
county,31109,452,,D,
county,31111,452,126018,,8
county,31119,452,,D,
county,31137,452,8821,,3
county,31141,452,93046,,6
county,31151,452,39812,,5
county,31153,452,481439,,20
county,31155,452,10824,,9
county,31157,452,158819,,10
county,31161,452,7993,,5
county,31177,452,,D,
county,31179,452,13819,,3
county,31185,452,,D,
county,32003,452,4528352,,197
county,32005,452,,D,
county,32007,452,126769,,8
county,32013,452,,D,
county,32019,452,83666,,9
county,32023,452,,D,
county,32031,452,1440249,,51
county,32510,452,121549,,9
county,33001,452,143791,,14
county,33003,452,,D,
county,33005,452,200403,,18
county,33007,452,,D,
county,33009,452,310200,,30
county,33011,452,927990,,52
county,33013,452,393577,,30
county,33015,452,898691,,46
county,33017,452,237592,,13
county,33019,452,106712,,12
county,34001,452,546136,,46
county,34003,452,1416395,,96
county,34005,452,836202,,53
county,34007,452,640321,,72
county,34009,452,119839,,23
county,34011,452,314547,,32
county,34013,452,466329,,91
county,34015,452,851249,,49
county,34017,452,1225605,,98
county,34019,452,,D,
county,34021,452,694239,,58
county,34023,452,1542782,,101
county,34025,452,1322257,,78
county,34027,452,1111390,,48
county,34029,452,1011663,,75
county,34031,452,820488,,69
county,34033,452,58353,,11
county,34035,452,711791,,27
county,34037,452,,D,
county,34039,452,,D,
county,34041,452,214649,,19
county,35001,452,1892025,,95
county,35005,452,,D,
county,35006,452,,D,
county,35007,452,11414,,7
county,35009,452,127448,,14
county,35013,452,521686,,43
county,35015,452,,D,
county,35017,452,,D,
county,35023,452,3206,,3
county,35025,452,187286,,23
county,35027,452,78451,,9
county,35029,452,,D,
county,35031,452,187256,,18
county,35035,452,127690,,15
county,35037,452,8208,,4
county,35039,452,96679,,11
county,35041,452,,D,
county,35043,452,233909,,12
county,35045,452,397740,,32
county,35047,452,74151,,7
county,35049,452,376856,,23
county,35051,452,,D,
county,35053,452,,D,
county,35055,452,49923,,10
county,35059,452,2805,,3
county,35061,452,,D,
county,36001,452,665142,,39
county,36003,452,31687,,13
county,36005,452,770590,,227
county,36007,452,,D,
county,36009,452,176788,,23
county,36011,452,141474,,14
county,36013,452,301360,,38
county,36015,452,280020,,26
county,36017,452,96200,,12
county,36019,452,248384,,25
county,36021,452,,D,
county,36023,452,115641,,11
county,36025,452,33530,,11
county,36027,452,431939,,41
county,36029,452,1516003,,161
county,36031,452,58768,,11
county,36033,452,81662,,12
county,36035,452,102273,,11
county,36037,452,,D,
county,36039,452,89045,,15
county,36043,452,122796,,11
county,36045,452,351567,,36
county,36047,452,1580961,,503
county,36049,452,,D,
county,36051,452,103866,,15
county,36053,452,116544,,12
county,36055,452,1137388,,99
county,36057,452,,D,
county,36059,452,2665515,,142
county,36061,452,2071189,,176
county,36063,452,482887,,45
county,36065,452,551021,,51
county,36067,452,879808,,82
county,36069,452,372645,,30
county,36071,452,667717,,58
county,36073,452,,D,
county,36075,452,242418,,23
county,36077,452,140089,,14
county,36079,452,32297,,5
county,36081,452,1606845,,370
county,36083,452,,D,
county,36085,452,515684,,47
county,36087,452,469612,,36
county,36089,452,251761,,32
county,36091,452,452134,,34
county,36093,452,260571,,24
county,36095,452,,D,
county,36099,452,,D,
county,36101,452,187637,,21
county,36103,452,2856312,,169
county,36105,452,102136,,19
county,36109,452,,D,
county,36111,452,298348,,32
county,36113,452,,D,
county,36115,452,24165,,13
county,36117,452,149773,,22
county,36119,452,1677292,,95
county,36121,452,35894,,7
county,36123,452,,D,
county,37001,452,419410,,48
county,37003,452,58766,,10
county,37007,452,44546,,7
county,37009,452,64087,,8
county,37011,452,12247,,8
county,37013,452,128498,,15
county,37017,452,37450,,12
county,37019,452,303800,,33
county,37021,452,625458,,49
county,37023,452,153715,,27
county,37025,452,549022,,37
county,37027,452,179325,,21
county,37031,452,161220,,22
county,37033,452,,D,
county,37035,452,419411,,41
county,37037,452,,D,
county,37039,452,97898,,10
county,37045,452,,D,
county,37047,452,105893,,20
county,37049,452,225585,,26
county,37051,452,881821,,75
county,37055,452,,D,
county,37057,452,227794,,36
county,37059,452,,D,
county,37061,452,74193,,20
county,37063,452,,D,
county,37065,452,65417,,16
county,37067,452,1020002,,77
county,37069,452,65209,,14
county,37071,452,522027,,53
county,37075,452,5824,,3
county,37077,452,71487,,15
county,37081,452,1143895,,102
county,37083,452,,D,
county,37085,452,135200,,28
county,37087,452,,D,
county,37089,452,206821,,18
county,37091,452,60258,,11
county,37093,452,61536,,10
county,37097,452,442532,,41
county,37099,452,90462,,11
county,37101,452,327211,,34
county,37105,452,143790,,17
county,37107,452,98011,,21
county,37109,452,219153,,19
county,37111,452,90239,,16
county,37113,452,88777,,12
county,37117,452,73201,,12
county,37119,452,2173358,,136
county,37121,452,,D,
county,37123,452,55304,,10
county,37125,452,161483,,22
county,37127,452,265941,,33
county,37129,452,723434,,45
county,37133,452,490771,,45
county,37135,452,,D,
county,37137,452,,D,
county,37139,452,,D,
county,37141,452,48635,,16
county,37145,452,82034,,9
county,37147,452,349743,,48
county,37151,452,232411,,27
county,37153,452,97649,,15
county,37155,452,265038,,43
county,37157,452,215601,,29
county,37159,452,164613,,33
county,37161,452,139979,,23
county,37163,452,110463,,18
county,37165,452,88850,,14
county,37167,452,,D,
county,37169,452,63295,,11
county,37171,452,,D,
county,37173,452,10480,,7
county,37175,452,45596,,9
county,37179,452,316316,,31
county,37181,452,101093,,18
county,37183,452,2617532,,152
county,37185,452,5852,,6
county,37187,452,6605,,5
county,37189,452,119519,,14
county,37191,452,389768,,40
county,37193,452,122047,,18
county,37195,452,160355,,27
county,37197,452,,D,
county,37199,452,6931,,4
county,38003,452,6855,,3
county,38015,452,455468,,17
county,38017,452,548751,,20
county,38021,452,4301,,4
county,38035,452,325049,,15
county,38059,452,,D,
county,38069,452,7644,,3
county,38071,452,71059,,4
county,38077,452,,D,
county,38079,452,7124,,3
county,38089,452,,D,
county,38093,452,,D,
county,38099,452,5932,,3
county,38101,452,252327,,14
county,38105,452,,D,
county,39001,452,69018,,12
county,39003,452,398942,,30
county,39005,452,,D,
county,39007,452,141127,,28
county,39009,452,115716,,16
county,39011,452,76690,,8
county,39013,452,248315,,28
county,39015,452,19382,,12
county,39017,452,625362,,57
county,39019,452,21959,,8
county,39021,452,,D,
county,39023,452,262354,,30
county,39025,452,496620,,35
county,39027,452,74845,,12
county,39029,452,230392,,24
county,39031,452,97361,,8
county,39033,452,56494,,9
county,39035,452,1926485,,216
county,39037,452,96280,,12
county,39039,452,154042,,13
county,39041,452,631170,,25
county,39043,452,273612,,24
county,39045,452,495888,,28
county,39047,452,71421,,6
county,39049,452,2303751,,189
county,39051,452,,D,
county,39053,452,,D,
county,39055,452,155518,,12
county,39057,452,540174,,33
county,39059,452,112206,,11
county,39061,452,1329249,,124
county,39063,452,262297,,16
county,39065,452,49560,,8
county,39067,452,,D,
county,39069,452,,D,
county,39071,452,85626,,11
county,39073,452,77915,,8
county,39075,452,68211,,10
county,39077,452,113072,,13
county,39079,452,96049,,10
county,39081,452,150513,,20
county,39083,452,,D,
county,39085,452,554576,,46
county,39087,452,,D,
county,39089,452,263391,,32
county,39091,452,,D,
county,39093,452,803209,,67
county,39095,452,,D,
county,39097,452,,D,
county,39099,452,492415,,65
county,39101,452,184344,,16
county,39103,452,332276,,23
county,39105,452,8217,,6
county,39107,452,,D,
county,39109,452,230468,,23
county,39111,452,,D,
county,39113,452,1190630,,107
county,39119,452,288236,,29
county,39121,452,,D,
county,39123,452,,D,
county,39127,452,,D,
county,39129,452,110776,,12
county,39131,452,82772,,10
county,39133,452,406473,,33
county,39137,452,,D,
county,39139,452,408773,,37
county,39141,452,236367,,20
county,39143,452,118800,,15
county,39145,452,154454,,26
county,39147,452,104771,,8
county,39149,452,97263,,9
county,39151,452,903566,,82
county,39153,452,936154,,100
county,39155,452,442867,,61
county,39157,452,215063,,25
county,39159,452,130387,,10
county,39161,452,82607,,5
county,39165,452,584605,,31
county,39167,452,143749,,17
county,39169,452,199133,,22
county,39171,452,,D,
county,39173,452,,D,
county,39175,452,,D,
county,40009,452,91579,,6
county,40013,452,129519,,15
county,40015,452,50511,,10
county,40017,452,,D,
county,40019,452,147308,,20
county,40021,452,120178,,15
county,40023,452,,D,
county,40027,452,673750,,46
county,40031,452,,D,
county,40035,452,54332,,5
county,40037,452,131529,,16
county,40039,452,100344,,9
county,40041,452,,D,
county,40047,452,166705,,17
county,40049,452,,D,
county,40051,452,,D,
county,40063,452,,D,
county,40065,452,96337,,7
county,40071,452,130369,,11
county,40073,452,46904,,4
county,40075,452,17762,,4
county,40079,452,,D,
county,40081,452,54523,,10
county,40083,452,,D,
county,40087,452,,D,
county,40089,452,92025,,9
county,40091,452,77995,,6
county,40095,452,56418,,6
county,40097,452,96038,,13
county,40101,452,157691,,24
county,40109,452,1881758,,144
county,40111,452,,D,
county,40113,452,,D,
county,40115,452,,D,
county,40119,452,245940,,16
county,40121,452,141513,,17
county,40123,452,123886,,11
county,40125,452,184327,,23
county,40127,452,9085,,5
county,40131,452,,D,
county,40133,452,64441,,8
county,40135,452,,D,
county,40137,452,120876,,12
county,40139,452,62783,,6
county,40143,452,1793625,,124
county,40145,452,,D,
county,40147,452,,D,
county,40151,452,,D,
county,40153,452,91526,,9
county,41001,452,25993,,6
county,41003,452,97438,,11
county,41005,452,1216060,,38
county,41007,452,211526,,7
county,41009,452,,D,
county,41011,452,,D,
county,41015,452,95274,,5
county,41017,452,763330,,24
county,41019,452,339490,,22
county,41023,452,720,,3
county,41027,452,,D,
county,41029,452,710700,,31
county,41033,452,252254,,11
county,41035,452,241164,,11
county,41039,452,1106409,,46
county,41041,452,138804,,8
county,41043,452,466509,,19
county,41045,452,133198,,4
county,41047,452,,D,
county,41051,452,1674584,,76
county,41053,452,,D,
county,41059,452,,D,
county,41061,452,91788,,4
county,41065,452,97823,,5
county,41067,452,2121180,,54
county,41071,452,191825,,8
county,42001,452,69580,,16
county,42003,452,2464643,,230
county,42005,452,109653,,16
county,42007,452,358877,,39
county,42009,452,60502,,15
county,42011,452,835645,,68
county,42013,452,440270,,39
county,42015,452,149098,,19
county,42017,452,1234566,,81
county,42019,452,686012,,37
county,42021,452,307630,,47
county,42025,452,110288,,12
county,42027,452,307190,,21
county,42029,452,623137,,55
county,42031,452,110260,,13
county,42033,452,253128,,27
county,42035,452,95363,,12
county,42037,452,,D,
county,42039,452,172451,,21
county,42041,452,615510,,45
county,42043,452,583011,,49
county,42045,452,820129,,78
county,42047,452,,D,
county,42049,452,682455,,62
county,42051,452,306301,,34
county,42055,452,,D,
county,42057,452,,D,
county,42059,452,101345,,10
county,42061,452,75307,,12
county,42063,452,,D,
county,42065,452,68518,,11
county,42067,452,8163,,7
county,42069,452,,D,
county,42071,452,841752,,75
county,42073,452,136825,,22
county,42075,452,240433,,17
county,42077,452,737738,,56
county,42079,452,632628,,67
county,42081,452,250602,,25
county,42083,452,86206,,13
county,42085,452,277312,,33
county,42087,452,109920,,12
county,42089,452,348267,,34
county,42091,452,1739284,,96
county,42095,452,376529,,37
county,42097,452,89975,,16
county,42099,452,10497,,10
county,42101,452,1399535,,236
county,42103,452,130088,,8
county,42105,452,,D,
county,42107,452,219638,,27
county,42109,452,174317,,18
county,42111,452,114200,,29
county,42113,452,,D,
county,42115,452,13453,,8
county,42117,452,90446,,12
county,42119,452,105100,,9
county,42121,452,131044,,17
county,42123,452,88389,,12
county,42125,452,357574,,39
county,42127,452,119245,,14
county,42129,452,939400,,76
county,42133,452,1030297,,76
county,44001,452,10414,,5
county,44003,452,479826,,32
county,44005,452,82667,,13
county,44007,452,,D,
county,44009,452,,D,
county,45001,452,10860,,7
county,45003,452,438631,,51
county,45007,452,443595,,60
county,45009,452,10937,,8
county,45011,452,,D,
county,45013,452,430170,,33
county,45015,452,457684,,35
county,45017,452,5500,,4
county,45019,452,1105214,,85
county,45021,452,104125,,16
county,45023,452,53050,,10
county,45025,452,77506,,16
county,45027,452,80677,,12
county,45029,452,106760,,12
county,45031,452,155859,,26
county,45033,452,67257,,14
county,45035,452,136022,,21
county,45039,452,7721,,5
county,45041,452,452625,,45
county,45043,452,140440,,18
county,45045,452,1103337,,111
county,45047,452,178804,,26
county,45049,452,15152,,10
county,45051,452,1168024,,113
county,45053,452,70017,,8
county,45055,452,,D,
county,45057,452,203352,,19
county,45059,452,93706,,19
county,45061,452,5447,,3
county,45063,452,818025,,71
county,45067,452,69756,,14
county,45069,452,42084,,10
county,45071,452,73843,,10
county,45073,452,140113,,23
county,45075,452,152639,,39
county,45077,452,286892,,32
county,45079,452,,D,
county,45081,452,8763,,6
county,45083,452,699383,,91
county,45085,452,185318,,34
county,45087,452,65792,,10
county,45089,452,16825,,12
county,45091,452,563556,,50
county,46011,452,,D,
county,46013,452,,D,
county,46015,452,8945,,4
county,46019,452,18377,,3
county,46023,452,10196,,6
county,46027,452,,D,
county,46029,452,136324,,7
county,46033,452,5072,,5
county,46035,452,100038,,6
county,46047,452,8768,,3
county,46051,452,10396,,3
county,46053,452,8828,,4
county,46065,452,,D,
county,46079,452,10487,,3
county,46081,452,,D,
county,46083,452,,D,
county,46093,452,13465,,6
county,46099,452,,D,
county,46103,452,507314,,25
county,46123,452,16030,,4
county,46129,452,13605,,4
county,46135,452,,D,
county,47001,452,185703,,19
county,47003,452,90345,,10
county,47005,452,61341,,6
county,47009,452,285098,,29
county,47011,452,267127,,23
county,47013,452,84548,,12
county,47015,452,,D,
county,47017,452,56203,,9
county,47019,452,,D,
county,47021,452,,D,
county,47023,452,,D,
county,47029,452,,D,
county,47031,452,184640,,19
county,47035,452,138412,,17
county,47037,452,1292492,,120
county,47039,452,8831,,4
county,47041,452,,D,
county,47043,452,141157,,17
county,47045,452,108232,,13
county,47047,452,60924,,10
county,47051,452,,D,
county,47053,452,146470,,19
county,47055,452,,D,
county,47059,452,139579,,22
county,47061,452,,D,
county,47063,452,190542,,20
county,47065,452,923276,,82
county,47069,452,52202,,13
county,47071,452,83722,,9
county,47073,452,73164,,14
county,47075,452,41437,,5
county,47077,452,94765,,14
county,47079,452,,D,
county,47081,452,11908,,7
county,47083,452,7358,,4
county,47089,452,87034,,11
county,47091,452,,D,
county,47093,452,1330448,,90
county,47095,452,5127,,3
county,47097,452,49597,,8
county,47099,452,107828,,15
county,47101,452,,D,
county,47103,452,,D,
county,47105,452,100460,,13
county,47107,452,122377,,17
county,47109,452,52326,,8
county,47111,452,,D,
county,47113,452,,D,
county,47115,452,82553,,11
county,47117,452,79026,,13
county,47119,452,264953,,33
county,47123,452,124403,,14
county,47125,452,,D,
county,47131,452,,D,
county,47133,452,,D,
county,47135,452,6992,,4
county,47137,452,,D,
county,47139,452,11298,,7
county,47141,452,327106,,25
county,47143,452,79503,,9
county,47145,452,89007,,12
county,47147,452,187116,,17
county,47149,452,737430,,65
county,47151,452,64826,,7
county,47153,452,,D,
county,47155,452,195128,,33
county,47157,452,1733598,,205
county,47163,452,379366,,44
county,47165,452,434864,,36
county,47167,452,88859,,14
county,47171,452,,D,
county,47173,452,,D,
county,47177,452,113531,,16
county,47179,452,,D,
county,47183,452,90351,,13
county,47185,452,,D,
county,47187,452,604815,,28
county,47189,452,,D,
county,48001,452,126385,,13
county,48003,452,13859,,4
county,48005,452,277922,,33
county,48007,452,,D,
county,48013,452,,D,
county,48015,452,71299,,8
county,48017,452,3663,,3
county,48021,452,,D,
county,48025,452,,D,
county,48027,452,,D,
county,48029,452,3919598,,266
county,48035,452,9442,,6
county,48037,452,339435,,38
county,48039,452,941525,,63
county,48041,452,502203,,33
county,48043,452,9862,,4
county,48049,452,124576,,9
county,48051,452,,D,
county,48053,452,,D,
county,48055,452,,D,
county,48057,452,,D,
county,48061,452,891074,,81
county,48063,452,6694,,4
county,48067,452,,D,
county,48071,452,123685,,10
county,48073,452,111365,,12
county,48075,452,,D,
county,48083,452,,D,
county,48085,452,2659137,,110
county,48089,452,,D,
county,48091,452,,D,
county,48093,452,7184,,4
county,48097,452,131526,,10
county,48099,452,,D,
county,48111,452,6092,,5
county,48113,452,5002600,,368
county,48115,452,8575,,4
county,48117,452,,D,
county,48121,452,1766042,,83
county,48123,452,26949,,5
county,48127,452,20860,,3
county,48133,452,51429,,7
county,48135,452,507847,,35
county,48139,452,426495,,28
county,48141,452,2089071,,183
county,48143,452,117251,,8
county,48145,452,19978,,5
county,48147,452,,D,
county,48149,452,,D,
county,48157,452,1251850,,70
county,48159,452,,D,
county,48161,452,9761,,6
county,48163,452,25690,,6
county,48165,452,29505,,4
county,48167,452,664749,,56
county,48171,452,66569,,7
county,48177,452,51008,,6
county,48179,452,70671,,6
county,48181,452,450172,,40
county,48183,452,618370,,44
county,48185,452,28034,,7
county,48187,452,,D,
county,48189,452,87612,,7
county,48199,452,,D,
county,48201,452,7874498,,563
county,48203,452,102989,,17
county,48209,452,,D,
county,48213,452,217694,,29
county,48215,452,1664304,,172
county,48217,452,79569,,12
county,48219,452,56832,,5
county,48221,452,,D,
county,48223,452,120143,,8
county,48225,452,58598,,8
county,48227,452,,D,
county,48231,452,,D,
county,48233,452,,D,
county,48237,452,5358,,3
county,48239,452,22984,,4
county,48241,452,108918,,11
county,48245,452,612908,,64
county,48249,452,75801,,9
county,48251,452,282895,,30
county,48253,452,,D,
county,48257,452,,D,
county,48259,452,,D,
county,48265,452,125964,,10
county,48267,452,6137,,3
county,48273,452,,D,
county,48277,452,164366,,15
county,48279,452,7877,,5
county,48283,452,6502,,3
county,48285,452,28480,,5
county,48289,452,16342,,9
county,48291,452,194811,,18
county,48293,452,75925,,10
county,48299,452,8029,,5
county,48303,452,,D,
county,48309,452,585835,,57
county,48313,452,,D,
county,48321,452,,D,
county,48323,452,142618,,16
county,48325,452,,D,
county,48329,452,,D,
county,48331,452,,D,
county,48333,452,4331,,3
county,48337,452,,D,
county,48339,452,1319719,,69
county,48341,452,72490,,6
county,48343,452,8047,,5
county,48347,452,156150,,21
county,48349,452,,D,
county,48353,452,,D,
county,48355,452,759584,,59
county,48357,452,8790,,5
county,48361,452,,D,
county,48363,452,,D,
county,48365,452,57066,,8
county,48367,452,284789,,23
county,48371,452,,D,
county,48373,452,126002,,15
county,48375,452,,D,
county,48377,452,10757,,5
county,48381,452,,D,
county,48389,452,43516,,3
county,48397,452,,D,
county,48399,452,19727,,5
county,48401,452,80199,,9
county,48407,452,7397,,6
county,48409,452,,D,
county,48415,452,53654,,4
county,48419,452,82909,,9
county,48423,452,723278,,56
county,48427,452,83185,,17
county,48429,452,,D,
county,48437,452,4536,,3
county,48439,452,5105402,,290
county,48441,452,,D,
county,48445,452,5547,,3
county,48449,452,,D,
county,48451,452,387746,,27
county,48453,452,1848610,,106
county,48457,452,60924,,9
county,48459,452,65961,,8
county,48463,452,,D,
county,48465,452,121097,,13
county,48467,452,,D,
county,48469,452,,D,
county,48471,452,,D,
county,48473,452,34250,,9
county,48475,452,9996,,3
county,48477,452,,D,
county,48479,452,588635,,48
county,48481,452,,D,
county,48485,452,,D,
county,48487,452,44157,,4
county,48491,452,1161051,,51
county,48493,452,,D,
county,48495,452,9258,,3
county,48497,452,125415,,15
county,48499,452,99309,,13
county,49003,452,,D,
county,49005,452,,D,
county,49007,452,,D,
county,49011,452,822615,,31
county,49013,452,10889,,5
county,49019,452,5810,,3
county,49021,452,,D,
county,49023,452,4247,,3
county,49027,452,8398,,5
county,49035,452,,D,
county,49037,452,,D,
county,49043,452,,D,
county,49045,452,,D,
county,49047,452,,D,
county,49049,452,1542254,,49
county,49051,452,,D,
county,49053,452,555260,,20
county,49057,452,627066,,28
county,50001,452,,D,
county,50003,452,75404,,13
county,50005,452,15708,,6
county,50007,452,287053,,19
county,50011,452,,D,
county,50015,452,10595,,5
county,50017,452,7336,,8
county,50019,452,58030,,10
county,50021,452,68537,,16
county,50023,452,80848,,13
county,50025,452,10621,,7
county,50027,452,23414,,13
county,51001,452,75084,,10
county,51003,452,317124,,15
county,51005,452,8879,,3
county,51009,452,,D,
county,51011,452,,D,
county,51013,452,296875,,13
county,51015,452,21268,,12
county,51019,452,77574,,13
county,51027,452,44286,,7
county,51029,452,,D,
county,51031,452,,D,
county,51033,452,6334,,5
county,51035,452,9882,,7
county,51037,452,6589,,5
county,51041,452,847213,,51
county,51047,452,135679,,10
county,51051,452,,D,
county,51057,452,,D,
county,51059,452,2112264,,78
county,51061,452,99191,,8
county,51063,452,,D,
county,51065,452,5644,,4
county,51067,452,78656,,13
county,51069,452,360045,,10
county,51073,452,122227,,9
county,51079,452,,D,
county,51083,452,,D,
county,51085,452,261395,,14
county,51087,452,1082975,,66
county,51089,452,26354,,17
county,51093,452,13321,,11
county,51095,452,,D,
county,51099,452,,D,
county,51103,452,,D,
county,51105,452,,D,
county,51107,452,982174,,35
county,51109,452,,D,
county,51117,452,93938,,12
county,51121,452,160912,,14
county,51133,452,,D,
county,51135,452,48825,,7
county,51137,452,62873,,10
county,51139,452,55764,,9
county,51141,452,,D,
county,51143,452,16572,,15
county,51145,452,,D,
county,51147,452,,D,
county,51149,452,9452,,6
county,51153,452,1265738,,44
county,51155,452,147787,,12
county,51161,452,98642,,10
county,51163,452,77072,,5
county,51165,452,84399,,14
county,51167,452,67944,,8
county,51169,452,,D,
county,51171,452,71243,,13
county,51173,452,52435,,11
county,51177,452,427393,,21
county,51179,452,312938,,14
county,51183,452,6630,,7
county,51185,452,261993,,23
county,51187,452,125766,,8
county,51191,452,283084,,19
county,51195,452,33150,,13
county,51197,452,81667,,9
county,51199,452,,D,
county,51510,452,164442,,10
county,51520,452,,D,
county,51540,452,11201,,5
county,51550,452,770736,,47
county,51570,452,293203,,11
county,51580,452,,D,
county,51590,452,248775,,24
county,51595,452,49591,,7
county,51600,452,79587,,6
county,51620,452,68991,,6
county,51630,452,179895,,13
county,51640,452,106100,,7
county,51650,452,,D,
county,51660,452,288682,,19
county,51670,452,14616,,8
county,51680,452,332162,,23
county,51690,452,92169,,8
county,51700,452,551454,,38
county,51710,452,,D,
county,51720,452,,D,
county,51730,452,82241,,10
county,51740,452,90438,,20
county,51760,452,150027,,31
county,51770,452,390339,,30
county,51775,452,82009,,7
county,51790,452,98586,,7
county,51800,452,208690,,18
county,51810,452,855253,,66
county,51820,452,136177,,11
county,51840,452,167119,,15
county,53003,452,218332,,4
county,53005,452,,D,
county,53007,452,200761,,11
county,53009,452,250252,,8
county,53011,452,1428918,,40
county,53015,452,300008,,14
county,53017,452,263501,,6
county,53021,452,,D,
county,53025,452,,D,
county,53027,452,124215,,8
county,53033,452,4839239,,125
county,53035,452,758253,,19
county,53037,452,101138,,4
county,53041,452,174929,,7
county,53045,452,,D,
county,53047,452,,D,
county,53049,452,,D,
county,53053,452,2561785,,72
county,53057,452,491116,,14
county,53061,452,2525346,,51
county,53063,452,,D,
county,53065,452,,D,
county,53067,452,993193,,23
county,53071,452,143508,,8
county,53073,452,646813,,18
county,53075,452,,D,
county,53077,452,741430,,28
county,54003,452,,D,
county,54005,452,,D,
county,54007,452,,D,
county,54009,452,,D,
county,54011,452,194824,,31
county,54013,452,4091,,3
county,54019,452,84257,,15
county,54025,452,103374,,14
county,54027,452,11826,,9
county,54029,452,13609,,8
county,54031,452,56163,,7
county,54033,452,,D,
county,54035,452,,D,
county,54037,452,,D,
county,54039,452,568672,,64
county,54041,452,,D,
county,54045,452,109299,,9
county,54047,452,13230,,7
county,54049,452,137056,,15
county,54051,452,103496,,8
county,54053,452,,D,
county,54055,452,139420,,24
county,54057,452,70447,,10
county,54059,452,10867,,8
county,54061,452,302364,,20
county,54067,452,91131,,14
county,54069,452,121224,,11
county,54077,452,62671,,9
county,54079,452,122169,,14
county,54081,452,295976,,29
county,54083,452,101473,,11
county,54085,452,,D,
county,54089,452,8057,,4
county,54093,452,4705,,5
county,54099,452,,D,
county,54103,452,,D,
county,54107,452,,D,
county,54109,452,14413,,7
county,55001,452,11518,,4
county,55003,452,,D,
county,55005,452,174540,,13
county,55009,452,833151,,38
county,55013,452,,D,
county,55015,452,,D,
county,55017,452,170981,,11
county,55019,452,18671,,9
county,55021,452,191362,,11
county,55023,452,,D,
county,55025,452,1028638,,54
county,55027,452,176818,,14
county,55029,452,95160,,7
county,55031,452,89418,,8
county,55033,452,,D,
county,55035,452,292697,,17
county,55039,452,212515,,21
county,55043,452,104933,,11
county,55045,452,,D,
county,55047,452,,D,
county,55053,452,,D,
county,55055,452,169298,,10
county,55057,452,18391,,8
county,55059,452,404585,,25
county,55061,452,9968,,4
county,55063,452,,D,
county,55067,452,,D,
county,55069,452,55835,,7
county,55071,452,160150,,13
county,55073,452,434377,,23
county,55075,452,,D,
county,55079,452,1534108,,104
county,55081,452,,D,
county,55083,452,14608,,8
county,55085,452,177910,,10
county,55087,452,,D,
county,55089,452,272983,,8
county,55093,452,,D,
county,55095,452,96202,,9
county,55097,452,227266,,12
county,55099,452,10570,,7
county,55101,452,296403,,26
county,55103,452,,D,
county,55105,452,362190,,29
county,55109,452,225826,,11
county,55111,452,121286,,11
county,55113,452,,D,
county,55115,452,,D,
county,55117,452,310739,,18
county,55119,452,109739,,5
county,55121,452,16342,,7
county,55125,452,7977,,7
county,55127,452,251429,,14
county,55129,452,10670,,6
county,55131,452,357438,,16
county,55133,452,1196622,,49
county,55135,452,104858,,14
county,55137,452,16090,,8
county,55139,452,320345,,22
county,55141,452,215566,,13
county,56001,452,,D,
county,56003,452,6341,,4
county,56005,452,167082,,6
county,56007,452,37356,,6
county,56013,452,101644,,8
county,56015,452,14686,,3
county,56021,452,319415,,19
county,56023,452,13987,,7
county,56025,452,310467,,15
county,56029,452,,D,
county,56033,452,,D,
county,56037,452,114552,,7
county,56039,452,21003,,3
county,56041,452,,D,
county,01001,453,,D,
county,01003,453,67026,,92
county,01005,453,,D,
county,01007,453,,D,
county,01009,453,,D,
county,01013,453,7914,,9
county,01015,453,47865,,43
county,01017,453,1974,,6
county,01019,453,,D,
county,01021,453,,D,
county,01023,453,1069,,3
county,01025,453,,D,
county,01031,453,,D,
county,01033,453,5173,,11
county,01035,453,670,,3
county,01039,453,8525,,19
county,01043,453,32540,,32
county,01045,453,,D,
county,01047,453,,D,
county,01049,453,,D,
county,01051,453,,D,
county,01053,453,10567,,19
county,01055,453,17277,,33
county,01057,453,,D,
county,01059,453,2390,,6
county,01061,453,,D,
county,01067,453,,D,
county,01069,453,,D,
county,01071,453,,D,
county,01073,453,220488,,210
county,01077,453,29590,,30
county,01079,453,,D,
county,01081,453,50776,,41
county,01083,453,,D,
county,01089,453,,D,
county,01091,453,,D,
county,01093,453,2970,,9
county,01095,453,23418,,32
county,01097,453,107138,,125
county,01099,453,551,,4
county,01101,453,62336,,68
county,01103,453,,D,
county,01109,453,,D,
county,01111,453,2083,,7
county,01113,453,,D,
county,01115,453,,D,
county,01117,453,61657,,63
county,01121,453,,D,
county,01123,453,,D,
county,01125,453,,D,
county,01127,453,,D,
county,01131,453,422,,3
county,01133,453,2590,,9
county,02020,453,149170,,145
county,02068,453,,D,
county,02090,453,,D,
county,02100,453,,D,
county,02110,453,,D,
county,02122,453,26501,,46
county,02130,453,,D,
county,02170,453,49649,,56
county,02195,453,,D,
county,02198,453,,D,
county,02220,453,,D,
county,02230,453,,D,
county,02240,453,,D,
county,02261,453,,D,
county,04001,453,,D,
county,04003,453,26764,,53
county,04005,453,96783,,99
county,04007,453,,D,
county,04009,453,,D,
county,04013,453,1695243,,1346
county,04015,453,54764,,76
county,04017,453,,D,
county,04019,453,369711,,351
county,04021,453,34846,,50
county,04023,453,10159,,24
county,04025,453,114534,,139
county,04027,453,30205,,32
county,05001,453,3703,,7
county,05003,453,,D,
county,05005,453,11157,,18
county,05007,453,,D,
county,05009,453,,D,
county,05011,453,2384,,3
county,05015,453,9776,,27
county,05019,453,,D,
county,05021,453,,D,
county,05023,453,,D,
county,05027,453,,D,
county,05029,453,5626,,5
county,05031,453,,D,
county,05033,453,,D,
county,05035,453,,D,
county,05037,453,2031,,4
county,05039,453,2225,,3
county,05041,453,,D,
county,05043,453,4018,,6
county,05045,453,45053,,56
county,05047,453,,D,
county,05049,453,,D,
county,05051,453,48537,,65
county,05053,453,,D,
county,05055,453,,D,
county,05057,453,,D,
county,05059,453,,D,
county,05061,453,,D,
county,05063,453,,D,
county,05067,453,3165,,5
county,05069,453,,D,
county,05071,453,4331,,6
county,05075,453,2158,,5
county,05079,453,2611,,4
county,05081,453,,D,
county,05083,453,3042,,4
county,05085,453,,D,
county,05087,453,,D,
county,05089,453,1231,,6
county,05091,453,,D,
county,05093,453,3197,,9
county,05103,453,3514,,7
county,05107,453,,D,
county,05109,453,,D,
county,05111,453,,D,
county,05113,453,,D,
county,05115,453,,D,
county,05119,453,141708,,178
county,05121,453,3855,,8
county,05123,453,,D,
county,05125,453,,D,
county,05127,453,1579,,3
county,05131,453,57696,,58
county,05137,453,747,,6
county,05139,453,26466,,21
county,05141,453,,D,
county,05143,453,,D,
county,05145,453,,D,
county,05147,453,3012,,3
county,05149,453,,D,
county,06001,453,576730,,429
county,06005,453,10110,,15
county,06007,453,,D,
county,06009,453,7299,,16
county,06011,453,549,,4
county,06013,453,311573,,235
county,06015,453,,D,
county,06017,453,47038,,63
county,06019,453,193674,,200
county,06021,453,,D,
county,06023,453,49015,,82
county,06025,453,,D,
county,06027,453,3623,,9
county,06029,453,142679,,165
county,06031,453,,D,
county,06033,453,10675,,17
county,06035,453,,D,
county,06037,453,4059038,,2752
county,06039,453,22357,,25
county,06041,453,150184,,137
county,06043,453,3310,,6
county,06045,453,37010,,67
county,06047,453,,D,
county,06049,453,533,,3
county,06051,453,,D,
county,06053,453,178241,,157
county,06055,453,45788,,66
county,06057,453,38294,,58
county,06059,453,1262122,,966
county,06061,453,145500,,149
county,06063,453,2814,,12
county,06065,453,590778,,557
county,06067,453,417224,,377
county,06069,453,,D,
county,06071,453,422172,,428
county,06073,453,1083498,,1055
county,06075,453,667049,,512
county,06077,453,125764,,136
county,06079,453,110553,,148
county,06081,453,335480,,211
county,06083,453,156863,,174
county,06085,453,,D,
county,06087,453,115058,,114
county,06089,453,65892,,67
county,06093,453,,D,
county,06095,453,110232,,106
county,06097,453,207737,,245
county,06099,453,158570,,147
county,06101,453,,D,
county,06103,453,7714,,14
county,06107,453,86743,,81
county,06109,453,16739,,22
county,06111,453,257594,,267
county,06113,453,47974,,53
county,06115,453,,D,
county,08001,453,,D,
county,08003,453,1676,,5
county,08005,453,269147,,230
county,08007,453,11432,,16
county,08013,453,222016,,179
county,08014,453,,D,
county,08015,453,8132,,22
county,08019,453,,D,
county,08023,453,2633,,3
county,08027,453,,D,
county,08029,453,1567,,12
county,08031,453,790337,,418
county,08035,453,101941,,90
county,08037,453,,D,
county,08041,453,,D,
county,08043,453,,D,
county,08045,453,,D,
county,08049,453,8772,,13
county,08051,453,,D,
county,08053,453,245,,4
county,08055,453,,D,
county,08059,453,315275,,250
county,08065,453,923,,4
county,08067,453,,D,
county,08069,453,234406,,179
county,08071,453,20560,,11
county,08075,453,,D,
county,08077,453,82292,,58
county,08079,453,649,,3
county,08081,453,,D,
county,08083,453,11840,,17
county,08085,453,,D,
county,08087,453,,D,
county,08089,453,433,,5
county,08091,453,9826,,19
county,08093,453,,D,
county,08097,453,52427,,45
county,08099,453,740,,7
county,08101,453,,D,
county,08105,453,815,,5
county,08107,453,,D,
county,08111,453,,D,
county,08113,453,4991,,9
county,08117,453,39352,,44
county,08119,453,,D,
county,08123,453,71380,,58
county,08125,453,1807,,7
county,09001,453,384343,,331
county,09003,453,257248,,290
county,09005,453,62838,,78
county,09007,453,38193,,56
county,09009,453,236409,,271
county,09011,453,81324,,99
county,09013,453,26029,,30
county,09015,453,26529,,31
county,10001,453,109179,,66
county,10003,453,,D,
county,10005,453,,D,
county,11001,453,234068,,220
county,12001,453,,D,
county,12003,453,,D,
county,12005,453,,D,
county,12007,453,1219,,4
county,12009,453,177106,,225
county,12011,453,664970,,659
county,12013,453,611,,3
county,12015,453,65275,,82
county,12017,453,36331,,52
county,12019,453,42368,,62
county,12021,453,165079,,199
county,12023,453,,D,
county,12027,453,,D,
county,12031,453,277645,,313
county,12033,453,95572,,104
county,12035,453,42560,,34
county,12037,453,1248,,9
county,12039,453,7467,,8
county,12045,453,,D,
county,12049,453,,D,
county,12051,453,,D,
county,12053,453,36813,,49
county,12055,453,21383,,34
county,12057,453,399627,,436
county,12061,453,53607,,86
county,12063,453,7832,,10
county,12069,453,,D,
county,12071,453,269260,,290
county,12073,453,,D,
county,12075,453,11176,,13
county,12079,453,1418,,5
county,12081,453,117604,,152
county,12083,453,119262,,117
county,12085,453,66080,,90
county,12086,453,901366,,992
county,12087,453,,D,
county,12089,453,,D,
county,12091,453,,D,
county,12093,453,2213,,10
county,12095,453,802586,,527
county,12097,453,,D,
county,12099,453,694364,,632
county,12101,453,104672,,144
county,12103,453,384376,,474
county,12105,453,109819,,157
county,12107,453,,D,
county,12109,453,86382,,135
county,12111,453,44844,,65
county,12113,453,30106,,47
county,12115,453,192055,,241
county,12117,453,209886,,189
county,12119,453,,D,
county,12121,453,11635,,16
county,12123,453,3852,,7
county,12127,453,156039,,232
county,12129,453,,D,
county,12131,453,,D,
county,12133,453,,D,
county,13001,453,5305,,10
county,13009,453,10047,,13
county,13011,453,1206,,4
county,13013,453,,D,
county,13015,453,,D,
county,13017,453,459,,4
county,13019,453,1073,,3
county,13021,453,46354,,55
county,13023,453,,D,
county,13029,453,,D,
county,13031,453,23072,,21
county,13039,453,,D,
county,13045,453,20357,,26
county,13047,453,,D,
county,13051,453,108845,,141
county,13055,453,,D,
county,13057,453,,D,
county,13059,453,,D,
county,13063,453,,D,
county,13067,453,,D,
county,13069,453,4791,,13
county,13071,453,9700,,12
county,13073,453,30261,,28
county,13077,453,,D,
county,13081,453,3905,,6
county,13083,453,1886,,3
county,13085,453,,D,
county,13087,453,,D,
county,13089,453,179214,,175
county,13091,453,1543,,4
county,13095,453,27803,,35
county,13097,453,34103,,37
county,13103,453,,D,
county,13105,453,,D,
county,13107,453,,D,
county,13109,453,,D,
county,13111,453,,D,
county,13113,453,,D,
county,13115,453,,D,
county,13117,453,66405,,70
county,13119,453,593,,4
county,13121,453,465233,,386
county,13123,453,,D,
county,13127,453,,D,
county,13129,453,,D,
county,13131,453,710,,3
county,13133,453,1111,,4
county,13135,453,208668,,224
county,13137,453,,D,
county,13139,453,58469,,58
county,13143,453,,D,
county,13145,453,2179,,8
county,13147,453,2280,,9
county,13151,453,,D,
county,13153,453,,D,
county,13157,453,,D,
county,13161,453,2403,,5
county,13169,453,,D,
county,13171,453,,D,
county,13175,453,12411,,15
county,13177,453,6536,,4
county,13179,453,,D,
county,13185,453,,D,
county,13187,453,9077,,13
county,13189,453,3535,,8
county,13195,453,,D,
county,13199,453,,D,
county,13201,453,,D,
county,13207,453,,D,
county,13211,453,,D,
county,13213,453,,D,
county,13215,453,,D,
county,13217,453,,D,
county,13219,453,,D,
county,13223,453,,D,
county,13225,453,,D,
county,13227,453,,D,
county,13229,453,,D,
county,13233,453,,D,
county,13237,453,5369,,7
county,13241,453,4417,,10
county,13245,453,61746,,60
county,13247,453,,D,
county,13251,453,4858,,3
county,13255,453,,D,
county,13257,453,,D,
county,13261,453,,D,
county,13273,453,,D,
county,13275,453,21477,,27
county,13277,453,9320,,16
county,13279,453,,D,
county,13281,453,547,,4
county,13285,453,8181,,12
county,13291,453,3582,,9
county,13293,453,,D,
county,13295,453,,D,
county,13297,453,11682,,16
county,13299,453,,D,
county,13303,453,1035,,4
county,13305,453,7520,,10
county,13311,453,7264,,23
county,13313,453,,D,
county,13317,453,421,,3
county,13321,453,,D,
county,15001,453,120239,,94
county,15003,453,614466,,368
county,15007,453,68708,,72
county,15009,453,237972,,148
county,16001,453,150002,,173
county,16005,453,28897,,36
county,16009,453,4453,,5
county,16011,453,,D,
county,16013,453,,D,
county,16017,453,17350,,31
county,16019,453,,D,
county,16021,453,897,,3
county,16027,453,,D,
county,16031,453,,D,
county,16035,453,936,,3
county,16039,453,,D,
county,16045,453,,D,
county,16047,453,780,,4
county,16049,453,1661,,7
county,16053,453,,D,
county,16055,453,73917,,80
county,16057,453,,D,
county,16061,453,218,,3
county,16065,453,,D,
county,16067,453,,D,
county,16069,453,,D,
county,16075,453,,D,
county,16077,453,187,,3
county,16079,453,766,,7
county,16081,453,,D,
county,16083,453,,D,
county,16085,453,3732,,13
county,17001,453,,D,
county,17003,453,,D,
county,17005,453,1768,,4
county,17007,453,,D,
county,17011,453,,D,
county,17015,453,1229,,6
county,17017,453,,D,
county,17019,453,,D,
county,17021,453,,D,
county,17023,453,628,,5
county,17025,453,3968,,5
county,17027,453,,D,
county,17029,453,,D,
county,17031,453,1562845,,1380
county,17033,453,2002,,9
county,17035,453,,D,
county,17037,453,20073,,35
county,17039,453,,D,
county,17041,453,1050,,5
county,17043,453,372581,,364
county,17045,453,2990,,5
county,17049,453,17105,,22
county,17051,453,11584,,11
county,17053,453,,D,
county,17055,453,5487,,14
county,17057,453,,D,
county,17061,453,,D,
county,17063,453,,D,
county,17067,453,,D,
county,17073,453,,D,
county,17075,453,,D,
county,17077,453,,D,
county,17079,453,409,,3
county,17081,453,22836,,18
county,17083,453,,D,
county,17085,453,8488,,23
county,17089,453,127971,,146
county,17091,453,29155,,40
county,17093,453,,D,
county,17095,453,,D,
county,17097,453,288712,,264
county,17099,453,,D,
county,17103,453,,D,
county,17105,453,,D,
county,17107,453,,D,
county,17109,453,,D,
county,17111,453,92336,,126
county,17113,453,,D,
county,17115,453,32220,,47
county,17117,453,,D,
county,17119,453,55836,,74
county,17121,453,,D,
county,17127,453,,D,
county,17131,453,,D,
county,17133,453,,D,
county,17135,453,7999,,17
county,17137,453,,D,
county,17141,453,,D,
county,17143,453,,D,
county,17145,453,3334,,6
county,17147,453,,D,
county,17149,453,897,,7
county,17157,453,,D,
county,17159,453,,D,
county,17161,453,,D,
county,17163,453,66748,,81
county,17165,453,3227,,12
county,17167,453,,D,
county,17173,453,,D,
county,17175,453,718,,3
county,17177,453,,D,
county,17179,453,,D,
county,17181,453,4014,,8
county,17183,453,13485,,16
county,17185,453,846,,4
county,17189,453,2629,,4
county,17191,453,4051,,5
county,17193,453,,D,
county,17195,453,,D,
county,17197,453,163638,,173
county,17199,453,,D,
county,17201,453,,D,
county,17203,453,,D,
county,18001,453,,D,
county,18003,453,,D,
county,18005,453,,D,
county,18011,453,,D,
county,18013,453,,D,
county,18015,453,,D,
county,18017,453,5445,,11
county,18019,453,,D,
county,18021,453,,D,
county,18023,453,,D,
county,18025,453,1726,,3
county,18027,453,,D,
county,18029,453,,D,
county,18031,453,,D,
county,18033,453,,D,
county,18035,453,,D,
county,18037,453,,D,
county,18039,453,61918,,70
county,18041,453,,D,
county,18043,453,,D,
county,18045,453,,D,
county,18047,453,,D,
county,18049,453,3951,,5
county,18051,453,,D,
county,18053,453,,D,
county,18055,453,,D,
county,18057,453,104707,,94
county,18059,453,,D,
county,18061,453,,D,
county,18063,453,51983,,51
county,18065,453,,D,
county,18067,453,29430,,48
county,18069,453,4474,,20
county,18071,453,13253,,20
county,18073,453,,D,
county,18075,453,2338,,8
county,18077,453,,D,
county,18079,453,,D,
county,18081,453,46940,,51
county,18083,453,11855,,18
county,18085,453,,D,
county,18087,453,22958,,21
county,18089,453,198761,,173
county,18091,453,39479,,33
county,18093,453,7522,,16
county,18095,453,,D,
county,18097,453,343274,,299
county,18099,453,,D,
county,18101,453,333,,3
county,18103,453,4087,,7
county,18105,453,,D,
county,18107,453,9460,,18
county,18109,453,11830,,18
county,18113,453,4597,,7
county,18117,453,,D,
county,18119,453,,D,
county,18121,453,874,,3
county,18123,453,4018,,10
county,18125,453,,D,
county,18127,453,,D,
county,18129,453,,D,
county,18131,453,427,,4
county,18133,453,,D,
county,18135,453,,D,
county,18137,453,6086,,8
county,18139,453,2921,,5
county,18141,453,,D,
county,18143,453,,D,
county,18145,453,,D,
county,18147,453,3163,,10
county,18149,453,,D,
county,18151,453,5386,,11
county,18153,453,,D,
county,18157,453,,D,
county,18159,453,,D,
county,18163,453,85253,,81
county,18165,453,,D,
county,18167,453,,D,
county,18169,453,,D,
county,18173,453,8882,,20
county,18175,453,,D,
county,18177,453,,D,
county,18179,453,,D,
county,18181,453,2370,,6
county,18183,453,,D,
county,19001,453,223,,4
county,19005,453,2963,,3
county,19007,453,2927,,7
county,19013,453,35601,,51
county,19015,453,,D,
county,19017,453,,D,
county,19019,453,4548,,9
county,19021,453,,D,
county,19023,453,273,,4
county,19025,453,,D,
county,19027,453,,D,
county,19029,453,,D,
county,19031,453,1329,,3
county,19033,453,,D,
county,19035,453,283,,3
county,19037,453,,D,
county,19041,453,,D,
county,19043,453,1525,,10
county,19045,453,9328,,22
county,19047,453,949,,3
county,19049,453,,D,
county,19053,453,259,,3
county,19055,453,1077,,5
county,19057,453,,D,
county,19059,453,,D,
county,19061,453,31997,,49
county,19065,453,4372,,8
county,19067,453,1480,,4
county,19069,453,464,,4
county,19073,453,1312,,6
county,19075,453,,D,
county,19079,453,551,,6
county,19081,453,,D,
county,19083,453,1403,,7
county,19087,453,,D,
county,19093,453,2217,,4
county,19095,453,3574,,10
county,19097,453,1261,,6
county,19099,453,,D,
county,19101,453,,D,
county,19103,453,,D,
county,19105,453,,D,
county,19109,453,1979,,9
county,19111,453,,D,
county,19113,453,,D,
county,19117,453,578,,4
county,19121,453,1536,,8
county,19123,453,,D,
county,19125,453,,D,
county,19127,453,,D,
county,19129,453,,D,
county,19131,453,868,,9
county,19133,453,,D,
county,19135,453,667,,5
county,19137,453,,D,
county,19139,453,,D,
county,19141,453,1185,,7
county,19143,453,235,,3
county,19145,453,1306,,13
county,19149,453,,D,
county,19151,453,244,,5
county,19153,453,189873,,176
county,19155,453,,D,
county,19157,453,,D,
county,19161,453,697,,4
county,19163,453,75095,,68
county,19165,453,2348,,5
county,19167,453,,D,
county,19169,453,28392,,39
county,19171,453,179,,3
county,19175,453,2710,,4
county,19179,453,,D,
county,19181,453,,D,
county,19183,453,,D,
county,19187,453,,D,
county,19191,453,3192,,10
county,19193,453,38445,,38
county,19195,453,,D,
county,19197,453,316,,5
county,20005,453,,D,
county,20009,453,9818,,9
county,20011,453,2179,,6
county,20015,453,,D,
county,20027,453,2156,,4
county,20029,453,,D,
county,20035,453,,D,
county,20037,453,,D,
county,20041,453,,D,
county,20045,453,35245,,48
county,20051,453,,D,
county,20053,453,,D,
county,20055,453,,D,
county,20057,453,4493,,8
county,20059,453,3336,,11
county,20061,453,,D,
county,20067,453,413,,4
county,20077,453,397,,3
county,20079,453,,D,
county,20087,453,,D,
county,20091,453,212499,,198
county,20095,453,,D,
county,20099,453,,D,
county,20103,453,,D,
county,20111,453,,D,
county,20113,453,6298,,14
county,20115,453,1169,,6
county,20117,453,1446,,7
county,20121,453,,D,
county,20123,453,527,,4
county,20125,453,,D,
county,20127,453,428,,3
county,20131,453,719,,3
county,20133,453,,D,
county,20139,453,534,,5
county,20145,453,1075,,4
county,20147,453,563,,3
county,20149,453,,D,
county,20151,453,2866,,9
county,20155,453,22131,,32
county,20159,453,385,,5
county,20161,453,,D,
county,20163,453,685,,3
county,20167,453,545,,3
county,20169,453,16731,,28
county,20171,453,651,,3
county,20173,453,,D,
county,20175,453,,D,
county,20177,453,,D,
county,20181,453,,D,
county,20183,453,468,,3
county,20191,453,,D,
county,20193,453,3251,,7
county,20201,453,124,,3
county,20209,453,,D,
county,21001,453,2961,,5
county,21003,453,,D,
county,21005,453,,D,
county,21007,453,509,,3
county,21009,453,,D,
county,21011,453,,D,
county,21013,453,21916,,13
county,21015,453,,D,
county,21017,453,,D,
county,21019,453,,D,
county,21021,453,,D,
county,21025,453,6714,,5
county,21027,453,,D,
county,21029,453,,D,
county,21031,453,1732,,4
county,21033,453,,D,
county,21035,453,9414,,15
county,21037,453,,D,
county,21041,453,1072,,4
county,21043,453,11613,,15
county,21045,453,2951,,4
county,21047,453,15461,,26
county,21049,453,6998,,13
county,21051,453,,D,
county,21057,453,1970,,3
county,21059,453,,D,
county,21065,453,531,,4
county,21067,453,,D,
county,21069,453,,D,
county,21071,453,,D,
county,21073,453,,D,
county,21075,453,842,,3
county,21081,453,1274,,4
county,21083,453,,D,
county,21085,453,,D,
county,21087,453,1134,,4
county,21089,453,,D,
county,21091,453,,D,
county,21093,453,,D,
county,21095,453,5115,,8
county,21099,453,,D,
county,21101,453,,D,
county,21107,453,,D,
county,21111,453,309728,,304
county,21113,453,16272,,13
county,21115,453,5571,,8
county,21117,453,63397,,46
county,21119,453,1102,,4
county,21121,453,,D,
county,21123,453,,D,
county,21125,453,,D,
county,21127,453,,D,
county,21133,453,1232,,8
county,21137,453,,D,
county,21141,453,,D,
county,21145,453,,D,
county,21147,453,,D,
county,21151,453,,D,
county,21153,453,4299,,4
county,21155,453,,D,
county,21157,453,11343,,15
county,21159,453,,D,
county,21161,453,,D,
county,21163,453,,D,
county,21167,453,,D,
county,21173,453,,D,
county,21175,453,2496,,4
county,21177,453,,D,
county,21179,453,,D,
county,21185,453,,D,
county,21187,453,2270,,3
county,21191,453,,D,
county,21193,453,7807,,10
county,21195,453,19592,,23
county,21197,453,2263,,4
county,21199,453,20870,,27
county,21203,453,,D,
county,21205,453,6267,,13
county,21207,453,13802,,12
county,21209,453,16666,,17
county,21211,453,,D,
county,21213,453,,D,
county,21217,453,,D,
county,21219,453,1145,,4
county,21221,453,2296,,6
county,21225,453,8062,,7
county,21227,453,,D,
county,21229,453,651,,3
county,21231,453,3065,,8
county,21233,453,1487,,4
county,21235,453,,D,
county,21237,453,5353,,4
county,21239,453,3657,,10
county,22001,453,,D,
county,22003,453,526,,4
county,22005,453,60606,,27
county,22009,453,14443,,11
county,22011,453,,D,
county,22015,453,,D,
county,22017,453,,D,
county,22019,453,93421,,70
county,22031,453,,D,
county,22033,453,,D,
county,22039,453,6123,,10
county,22041,453,,D,
county,22045,453,,D,
county,22051,453,205651,,154
county,22053,453,4789,,12
county,22055,453,142095,,112
county,22057,453,,D,
county,22059,453,1047,,3
county,22061,453,7625,,14
county,22063,453,,D,
county,22067,453,,D,
county,22069,453,,D,
county,22071,453,262440,,226
county,22073,453,,D,
county,22075,453,,D,
county,22077,453,,D,
county,22079,453,51842,,40
county,22083,453,,D,
county,22085,453,11232,,8
county,22087,453,,D,
county,22089,453,,D,
county,22095,453,,D,
county,22097,453,,D,
county,22099,453,,D,
county,22101,453,,D,
county,22103,453,116891,,108
county,22105,453,51416,,37
county,22109,453,,D,
county,22111,453,,D,
county,22113,453,,D,
county,22115,453,8948,,10
county,22119,453,,D,
county,22121,453,392,,3
county,22125,453,814,,5
county,23001,453,,D,
county,23003,453,8980,,24
county,23005,453,148222,,184
county,23007,453,,D,
county,23009,453,,D,
county,23011,453,,D,
county,23013,453,32266,,45
county,23015,453,20609,,43
county,23017,453,14042,,24
county,23019,453,55360,,70
county,23021,453,,D,
county,23023,453,9986,,15
county,23025,453,15204,,20
county,23027,453,5604,,21
county,23029,453,8359,,14
county,23031,453,80171,,136
county,24001,453,,D,
county,24003,453,199706,,200
county,24005,453,278077,,238
county,24009,453,,D,
county,24011,453,2639,,6
county,24013,453,,D,
county,24015,453,,D,
county,24017,453,39266,,38
county,24019,453,,D,
county,24021,453,93152,,82
county,24023,453,,D,
county,24025,453,,D,
county,24027,453,83069,,90
county,24029,453,1920,,11
county,24031,453,274563,,233
county,24033,453,202460,,142
county,24035,453,,D,
county,24037,453,,D,
county,24039,453,,D,
county,24041,453,,D,
county,24043,453,52188,,58
county,24045,453,,D,
county,24047,453,,D,
county,24510,453,,D,
county,25001,453,112175,,214
county,25003,453,,D,
county,25005,453,189640,,194
county,25007,453,,D,
county,25009,453,237728,,282
county,25011,453,,D,
county,25013,453,102483,,123
county,25015,453,44015,,57
county,25017,453,473519,,496
county,25019,453,,D,
county,25021,453,244990,,222
county,25023,453,176720,,175
county,25025,453,412535,,282
county,25027,453,199612,,206
county,26001,453,1306,,3
county,26003,453,2888,,7
county,26005,453,,D,
county,26007,453,,D,
county,26009,453,1096,,9
county,26011,453,1261,,5
county,26013,453,654,,3
county,26015,453,,D,
county,26017,453,27772,,47
county,26019,453,,D,
county,26021,453,36136,,60
county,26023,453,7003,,9
county,26025,453,29986,,45
county,26027,453,,D,
county,26029,453,6775,,19
county,26031,453,10037,,24
county,26033,453,,D,
county,26035,453,,D,
county,26037,453,,D,
county,26041,453,,D,
county,26043,453,,D,
county,26045,453,,D,
county,26047,453,27529,,52
county,26049,453,,D,
county,26051,453,3686,,9
county,26053,453,1039,,7
county,26055,453,,D,
county,26057,453,,D,
county,26059,453,,D,
county,26061,453,,D,
county,26063,453,,D,
county,26065,453,78036,,93
county,26067,453,4791,,16
county,26069,453,,D,
county,26071,453,1421,,4
county,26073,453,,D,
county,26075,453,,D,
county,26077,453,,D,
county,26079,453,,D,
county,26081,453,248104,,268
county,26083,453,,D,
county,26087,453,,D,
county,26089,453,,D,
county,26091,453,,D,
county,26093,453,52547,,60
county,26097,453,11083,,29
county,26099,453,252434,,299
county,26101,453,2272,,10
county,26103,453,17317,,35
county,26105,453,2242,,8
county,26107,453,,D,
county,26109,453,,D,
county,26111,453,,D,
county,26115,453,,D,
county,26117,453,,D,
county,26121,453,34100,,56
county,26123,453,8185,,13
county,26125,453,841053,,485
county,26127,453,1537,,7
county,26129,453,2537,,7
county,26133,453,2209,,7
county,26137,453,4774,,10
county,26139,453,77318,,94
county,26141,453,449,,4
county,26143,453,,D,
county,26145,453,95505,,78
county,26147,453,,D,
county,26149,453,8999,,11
county,26151,453,1612,,8
county,26153,453,1685,,8
county,26155,453,,D,
county,26157,453,11665,,10
county,26159,453,,D,
county,26161,453,115143,,129
county,26163,453,441347,,534
county,26165,453,,D,
county,27001,453,,D,
county,27003,453,107536,,106
county,27005,453,4088,,8
county,27007,453,16492,,26
county,27009,453,,D,
county,27013,453,,D,
county,27015,453,1104,,7
county,27017,453,,D,
county,27019,453,16101,,16
county,27021,453,,D,
county,27023,453,,D,
county,27025,453,15145,,17
county,27027,453,11236,,17
county,27031,453,,D,
county,27033,453,1403,,7
county,27035,453,,D,
county,27037,453,116750,,133
county,27039,453,,D,
county,27041,453,16725,,20
county,27043,453,422,,3
county,27045,453,2413,,11
county,27047,453,,D,
county,27049,453,,D,
county,27053,453,557541,,508
county,27055,453,,D,
county,27057,453,2378,,8
county,27059,453,,D,
county,27061,453,,D,
county,27063,453,354,,5
county,27065,453,483,,3
county,27067,453,12147,,19
county,27071,453,,D,
county,27075,453,1533,,8
county,27079,453,,D,
county,27083,453,,D,
county,27085,453,13878,,12
county,27091,453,1217,,5
county,27093,453,,D,
county,27095,453,,D,
county,27097,453,5403,,7
county,27099,453,,D,
county,27101,453,,D,
county,27103,453,,D,
county,27105,453,,D,
county,27109,453,,D,
county,27111,453,13452,,25
county,27113,453,1531,,7
county,27115,453,3344,,9
county,27117,453,903,,3
county,27119,453,,D,
county,27123,453,180222,,179
county,27127,453,710,,4
county,27129,453,294,,3
county,27131,453,,D,
county,27133,453,1049,,6
county,27135,453,1460,,8
county,27137,453,44909,,92
county,27139,453,32965,,30
county,27141,453,,D,
county,27143,453,,D,
county,27145,453,,D,
county,27147,453,,D,
county,27149,453,707,,3
county,27153,453,,D,
county,27157,453,4896,,8
county,27159,453,,D,
county,27161,453,,D,
county,27163,453,100190,,79
county,27169,453,5837,,17
county,27171,453,24864,,31
county,28001,453,,D,
county,28003,453,12385,,15
county,28007,453,4626,,8
county,28011,453,,D,
county,28013,453,491,,5
county,28017,453,7433,,7
county,28023,453,,D,
county,28025,453,2722,,9
county,28027,453,3593,,5
county,28029,453,,D,
county,28031,453,,D,
county,28033,453,38244,,58
county,28035,453,,D,
county,28039,453,3697,,8
county,28043,453,,D,
county,28045,453,8562,,15
county,28047,453,119634,,81
county,28049,453,,D,
county,28057,453,,D,
county,28059,453,23992,,36
county,28067,453,,D,
county,28071,453,,D,
county,28073,453,27605,,29
county,28075,453,,D,
county,28079,453,3405,,7
county,28081,453,,D,
county,28083,453,,D,
county,28085,453,,D,
county,28087,453,35245,,28
county,28089,453,,D,
county,28091,453,5269,,8
county,28093,453,,D,
county,28095,453,,D,
county,28097,453,,D,
county,28099,453,9333,,11
county,28101,453,,D,
county,28105,453,3834,,13
county,28107,453,10301,,16
county,28109,453,,D,
county,28113,453,,D,
county,28115,453,,D,
county,28117,453,1774,,4
county,28121,453,50154,,50
county,28123,453,,D,
county,28127,453,,D,
county,28131,453,1343,,3
county,28137,453,,D,
county,28139,453,,D,
county,28141,453,,D,
county,28145,453,5020,,11
county,28149,453,,D,
county,28151,453,9563,,18
county,28153,453,,D,
county,28155,453,1429,,4
county,28157,453,,D,
county,28159,453,,D,
county,28163,453,,D,
county,29001,453,,D,
county,29003,453,,D,
county,29005,453,,D,
county,29007,453,,D,
county,29009,453,8262,,16
county,29015,453,5005,,10
county,29017,453,,D,
county,29019,453,49380,,59
county,29021,453,26651,,33
county,29023,453,13558,,22
county,29027,453,3882,,13
county,29029,453,,D,
county,29031,453,,D,
county,29035,453,84,,3
county,29037,453,,D,
county,29039,453,,D,
county,29041,453,,D,
county,29043,453,,D,
county,29045,453,,D,
county,29047,453,,D,
county,29049,453,,D,
county,29051,453,,D,
county,29053,453,812,,4
county,29055,453,1725,,5
county,29059,453,,D,
county,29061,453,925,,4
county,29065,453,3099,,5
county,29069,453,,D,
county,29071,453,22878,,40
county,29073,453,470,,3
county,29077,453,,D,
county,29079,453,1797,,6
county,29081,453,,D,
county,29083,453,,D,
county,29085,453,,D,
county,29091,453,,D,
county,29095,453,188696,,204
county,29097,453,,D,
county,29099,453,46585,,55
county,29101,453,,D,
county,29105,453,,D,
county,29107,453,,D,
county,29109,453,3693,,13
county,29111,453,,D,
county,29113,453,,D,
county,29115,453,,D,
county,29117,453,1661,,6
county,29119,453,,D,
county,29121,453,3090,,6
county,29127,453,,D,
county,29131,453,,D,
county,29133,453,4574,,8
county,29137,453,822,,3
county,29141,453,3423,,5
county,29143,453,3533,,5
county,29145,453,,D,
county,29147,453,1771,,6
county,29155,453,,D,
county,29157,453,1758,,5
county,29159,453,8077,,15
county,29161,453,,D,
county,29163,453,1380,,7
county,29165,453,,D,
county,29167,453,,D,
county,29169,453,,D,
county,29175,453,,D,
county,29177,453,,D,
county,29181,453,,D,
county,29183,453,150465,,142
county,29186,453,449,,5
county,29187,453,,D,
county,29189,453,416852,,362
county,29195,453,3398,,7
county,29199,453,617,,5
county,29201,453,,D,
county,29207,453,4215,,10
county,29209,453,,D,
county,29213,453,,D,
county,29215,453,653,,5
county,29217,453,2056,,7
county,29219,453,,D,
county,29221,453,9888,,6
county,29225,453,,D,
county,29229,453,1162,,7
county,29510,453,92452,,89
county,30001,453,1447,,4
county,30003,453,,D,
county,30009,453,,D,
county,30013,453,27198,,40
county,30015,453,242,,3
county,30017,453,1428,,6
county,30021,453,,D,
county,30023,453,754,,4
county,30027,453,1828,,5
county,30029,453,58520,,86
county,30031,453,96233,,114
county,30035,453,200,,3
county,30039,453,,D,
county,30041,453,,D,
county,30047,453,5471,,16
county,30049,453,,D,
county,30053,453,1003,,10
county,30063,453,54957,,64
county,30067,453,40823,,18
county,30073,453,845,,5
county,30081,453,,D,
county,30083,453,,D,
county,30093,453,20734,,24
county,30095,453,912,,3
county,30097,453,887,,6
county,30101,453,,D,
county,30105,453,624,,4
county,30111,453,,D,
county,31001,453,,D,
county,31011,453,461,,3
county,31013,453,1373,,5
county,31017,453,,D,
county,31019,453,,D,
county,31021,453,1290,,4
county,31023,453,541,,5
county,31025,453,1958,,5
county,31031,453,312,,4
county,31033,453,2017,,6
county,31035,453,549,,4
county,31039,453,2010,,4
county,31041,453,1718,,6
county,31043,453,,D,
county,31047,453,,D,
county,31053,453,,D,
county,31055,453,208833,,208
county,31059,453,582,,3
county,31067,453,,D,
county,31079,453,,D,
county,31081,453,535,,4
county,31089,453,,D,
county,31101,453,,D,
county,31109,453,,D,
county,31111,453,,D,
county,31119,453,,D,
county,31131,453,1582,,9
county,31137,453,1716,,6
county,31141,453,,D,
county,31145,453,3564,,8
county,31147,453,1009,,6
county,31151,453,433,,3
county,31153,453,33001,,41
county,31155,453,,D,
county,31157,453,,D,
county,31159,453,,D,
county,31161,453,,D,
county,31177,453,,D,
county,31179,453,,D,
county,31181,453,82,,3
county,31185,453,7059,,9
county,32001,453,,D,
county,32003,453,997398,,742
county,32005,453,,D,
county,32007,453,,D,
county,32013,453,,D,
county,32019,453,,D,
county,32023,453,,D,
county,32029,453,,D,
county,32031,453,,D,
county,32510,453,,D,
county,33001,453,23503,,35
county,33003,453,,D,
county,33005,453,63896,,45
county,33007,453,,D,
county,33009,453,33078,,52
county,33011,453,226552,,197
county,33013,453,50249,,62
county,33015,453,245196,,217
county,33017,453,47890,,46
county,33019,453,,D,
county,34001,453,410223,,103
county,34003,453,261741,,294
county,34005,453,129612,,136
county,34007,453,143472,,157
county,34009,453,55457,,104
county,34011,453,35216,,41
county,34013,453,172632,,180
county,34015,453,99760,,86
county,34017,453,103803,,128
county,34019,453,,D,
county,34021,453,93820,,105
county,34023,453,151759,,172
county,34025,453,210746,,222
county,34027,453,154891,,184
county,34029,453,153068,,180
county,34031,453,154235,,121
county,34033,453,,D,
county,34035,453,88181,,97
county,34037,453,,D,
county,34039,453,,D,
county,34041,453,37543,,29
county,35001,453,,D,
county,35005,453,,D,
county,35006,453,,D,
county,35007,453,,D,
county,35009,453,12513,,18
county,35011,453,,D,
county,35013,453,55445,,59
county,35015,453,,D,
county,35017,453,,D,
county,35023,453,2637,,4
county,35025,453,19873,,22
county,35027,453,,D,
county,35028,453,2797,,6
county,35029,453,,D,
county,35031,453,,D,
county,35035,453,,D,
county,35039,453,7154,,17
county,35041,453,2217,,5
county,35043,453,,D,
county,35045,453,,D,
county,35047,453,,D,
county,35049,453,279655,,228
county,35051,453,353,,4
county,35055,453,,D,
county,35057,453,,D,
county,35061,453,,D,
county,36001,453,129279,,128
county,36003,453,2216,,9
county,36005,453,107891,,153
county,36007,453,,D,
county,36009,453,36034,,33
county,36011,453,15657,,26
county,36013,453,36890,,48
county,36015,453,,D,
county,36017,453,2491,,9
county,36019,453,25803,,35
county,36021,453,,D,
county,36023,453,,D,
county,36025,453,12595,,16
county,36027,453,82342,,111
county,36029,453,288636,,308
county,36031,453,6145,,24
county,36033,453,,D,
county,36035,453,10935,,20
county,36037,453,,D,
county,36039,453,26998,,20
county,36041,453,,D,
county,36043,453,,D,
county,36045,453,34128,,50
county,36047,453,493499,,642
county,36049,453,1304,,6
county,36051,453,,D,
county,36053,453,,D,
county,36055,453,216414,,230
county,36057,453,,D,
county,36059,453,473058,,548
county,36061,453,7577987,,1675
county,36063,453,63658,,75
county,36065,453,,D,
county,36067,453,127380,,155
county,36069,453,43706,,54
county,36071,453,100830,,109
county,36073,453,,D,
county,36075,453,,D,
county,36077,453,26900,,39
county,36079,453,17479,,34
county,36081,453,536549,,518
county,36083,453,,D,
county,36085,453,95219,,120
county,36087,453,85253,,106
county,36089,453,,D,
county,36091,453,82534,,89
county,36093,453,,D,
county,36095,453,,D,
county,36099,453,,D,
county,36101,453,13719,,32
county,36103,453,670762,,660
county,36105,453,14652,,21
county,36107,453,,D,
county,36109,453,,D,
county,36111,453,42441,,88
county,36113,453,,D,
county,36115,453,,D,
county,36117,453,,D,
county,36119,453,285560,,353
county,36121,453,4404,,13
county,36123,453,,D,
county,37001,453,85010,,52
county,37003,453,,D,
county,37005,453,,D,
county,37007,453,,D,
county,37009,453,,D,
county,37011,453,,D,
county,37013,453,,D,
county,37017,453,,D,
county,37019,453,,D,
county,37021,453,177698,,195
county,37023,453,22986,,20
county,37025,453,45932,,52
county,37027,453,,D,
county,37031,453,31344,,49
county,37035,453,55838,,77
county,37037,453,,D,
county,37039,453,,D,
county,37041,453,,D,
county,37043,453,,D,
county,37045,453,,D,
county,37047,453,,D,
county,37049,453,,D,
county,37051,453,,D,
county,37053,453,,D,
county,37055,453,,D,
county,37057,453,27255,,44
county,37059,453,,D,
county,37061,453,16749,,13
county,37063,453,,D,
county,37067,453,121402,,145
county,37069,453,,D,
county,37071,453,42720,,64
county,37077,453,,D,
county,37081,453,166961,,177
county,37083,453,,D,
county,37085,453,,D,
county,37087,453,,D,
county,37089,453,,D,
county,37091,453,,D,
county,37093,453,,D,
county,37095,453,,D,
county,37097,453,74718,,67
county,37099,453,,D,
county,37101,453,,D,
county,37105,453,24270,,35
county,37107,453,,D,
county,37109,453,14334,,17
county,37111,453,1892,,8
county,37113,453,,D,
county,37115,453,,D,
county,37117,453,,D,
county,37119,453,384798,,357
county,37121,453,,D,
county,37123,453,,D,
county,37125,453,102718,,45
county,37127,453,,D,
county,37129,453,,D,
county,37133,453,,D,
county,37135,453,,D,
county,37139,453,,D,
county,37141,453,,D,
county,37143,453,,D,
county,37145,453,,D,
county,37147,453,69194,,59
county,37149,453,,D,
county,37151,453,,D,
county,37153,453,,D,
county,37155,453,,D,
county,37157,453,,D,
county,37159,453,21019,,35
county,37161,453,,D,
county,37163,453,,D,
county,37165,453,,D,
county,37167,453,,D,
county,37169,453,,D,
county,37171,453,,D,
county,37173,453,12269,,29
county,37175,453,6552,,14
county,37179,453,38927,,41
county,37181,453,,D,
county,37183,453,365935,,395
county,37187,453,,D,
county,37189,453,31268,,54
county,37191,453,38769,,53
county,37193,453,,D,
county,37195,453,17377,,25
county,37197,453,,D,
county,37199,453,,D,
county,38007,453,,D,
county,38015,453,,D,
county,38017,453,,D,
county,38035,453,,D,
county,38039,453,,D,
county,38053,453,,D,
county,38055,453,,D,
county,38059,453,,D,
county,38071,453,,D,
county,38077,453,,D,
county,38079,453,,D,
county,38089,453,,D,
county,38093,453,,D,
county,38101,453,,D,
county,38105,453,,D,
county,39001,453,,D,
county,39003,453,31455,,48
county,39005,453,,D,
county,39007,453,13485,,35
county,39009,453,,D,
county,39011,453,,D,
county,39013,453,,D,
county,39015,453,,D,
county,39017,453,104593,,108
county,39021,453,,D,
county,39023,453,30896,,41
county,39025,453,64289,,60
county,39027,453,,D,
county,39029,453,,D,
county,39031,453,,D,
county,39033,453,,D,
county,39035,453,357915,,399
county,39037,453,,D,
county,39039,453,,D,
county,39041,453,,D,
county,39043,453,25480,,41
county,39045,453,33582,,43
county,39047,453,,D,
county,39049,453,494369,,389
county,39051,453,,D,
county,39053,453,,D,
county,39055,453,18857,,26
county,39057,453,64526,,63
county,39059,453,,D,
county,39061,453,320134,,290
county,39063,453,32657,,32
county,39065,453,1383,,6
county,39069,453,2544,,4
county,39071,453,5426,,13
county,39073,453,,D,
county,39075,453,27032,,23
county,39077,453,8856,,19
county,39079,453,,D,
county,39081,453,,D,
county,39083,453,,D,
county,39085,453,78660,,81
county,39087,453,,D,
county,39089,453,,D,
county,39091,453,,D,
county,39093,453,54860,,92
county,39095,453,,D,
county,39097,453,,D,
county,39099,453,67365,,88
county,39101,453,,D,
county,39103,453,42880,,51
county,39105,453,1372,,7
county,39107,453,,D,
county,39109,453,29126,,33
county,39111,453,1401,,4
county,39113,453,200647,,186
county,39115,453,274,,4
county,39119,453,28083,,33
county,39123,453,,D,
county,39127,453,,D,
county,39129,453,,D,
county,39131,453,1766,,6
county,39133,453,30507,,40
county,39135,453,,D,
county,39137,453,,D,
county,39139,453,31843,,49
county,39141,453,29596,,33
county,39143,453,10207,,17
county,39145,453,11918,,22
county,39147,453,,D,
county,39149,453,,D,
county,39151,453,,D,
county,39153,453,151123,,195
county,39155,453,55753,,63
county,39157,453,22839,,27
county,39159,453,,D,
county,39161,453,1969,,10
county,39163,453,5225,,5
county,39165,453,50970,,64
county,39167,453,16748,,29
county,39169,453,51527,,44
county,39171,453,5568,,13
county,39173,453,,D,
county,39175,453,2780,,5
county,40007,453,,D,
county,40009,453,,D,
county,40013,453,3334,,10
county,40015,453,3798,,8
county,40017,453,,D,
county,40019,453,,D,
county,40021,453,,D,
county,40027,453,60314,,78
county,40031,453,,D,
county,40033,453,,D,
county,40035,453,2669,,8
county,40037,453,10299,,13
county,40039,453,,D,
county,40041,453,12020,,16
county,40047,453,,D,
county,40049,453,12001,,9
county,40051,453,3475,,9
county,40065,453,4713,,14
county,40071,453,21777,,19
county,40073,453,,D,
county,40075,453,,D,
county,40079,453,,D,
county,40081,453,4102,,10
county,40083,453,,D,
county,40087,453,,D,
county,40089,453,843,,5
county,40091,453,,D,
county,40093,453,180,,3
county,40095,453,8998,,6
county,40097,453,14687,,14
county,40101,453,,D,
county,40109,453,336568,,323
county,40111,453,,D,
county,40113,453,,D,
county,40115,453,,D,
county,40119,453,37634,,39
county,40121,453,9728,,17
county,40123,453,,D,
county,40125,453,28350,,29
county,40131,453,21291,,28
county,40133,453,2633,,6
county,40135,453,,D,
county,40137,453,9711,,19
county,40139,453,,D,
county,40143,453,321301,,277
county,40145,453,,D,
county,40147,453,,D,
county,40151,453,977,,3
county,40153,453,,D,
county,41001,453,2020,,10
county,41003,453,48978,,42
county,41005,453,129123,,126
county,41007,453,32550,,57
county,41009,453,,D,
county,41011,453,,D,
county,41013,453,,D,
county,41015,453,,D,
county,41017,453,106315,,129
county,41019,453,35975,,57
county,41023,453,57,,3
county,41025,453,732,,3
county,41027,453,,D,
county,41029,453,123534,,148
county,41031,453,,D,
county,41033,453,37609,,42
county,41035,453,,D,
county,41039,453,174377,,209
county,41041,453,,D,
county,41043,453,48446,,44
county,41045,453,,D,
county,41047,453,,D,
county,41051,453,540582,,493
county,41053,453,,D,
county,41057,453,,D,
county,41059,453,,D,
county,41061,453,,D,
county,41063,453,,D,
county,41065,453,,D,
county,41067,453,245776,,191
county,41071,453,,D,
county,42001,453,39830,,56
county,42003,453,482129,,500
county,42005,453,7537,,19
county,42007,453,30473,,50
county,42009,453,,D,
county,42011,453,134250,,117
county,42013,453,71799,,56
county,42015,453,,D,
county,42017,453,275126,,282
county,42019,453,70835,,78
county,42021,453,,D,
county,42025,453,3606,,12
county,42027,453,31242,,46
county,42029,453,146381,,160
county,42031,453,,D,
county,42033,453,,D,
county,42035,453,,D,
county,42037,453,,D,
county,42039,453,21461,,29
county,42041,453,,D,
county,42043,453,67048,,86
county,42045,453,151311,,175
county,42047,453,,D,
county,42049,453,86110,,97
county,42051,453,22258,,33
county,42055,453,,D,
county,42057,453,,D,
county,42059,453,,D,
county,42061,453,,D,
county,42063,453,,D,
county,42065,453,,D,
county,42067,453,2953,,7
county,42069,453,,D,
county,42071,453,214803,,210
county,42073,453,,D,
county,42075,453,39219,,43
county,42077,453,114876,,125
county,42079,453,,D,
county,42081,453,39046,,45
county,42083,453,,D,
county,42085,453,23500,,28
county,42087,453,,D,
county,42089,453,63857,,78
county,42091,453,302525,,314
county,42093,453,,D,
county,42095,453,82594,,99
county,42097,453,18599,,31
county,42099,453,,D,
county,42101,453,339681,,348
county,42103,453,,D,
county,42105,453,,D,
county,42107,453,25616,,41
county,42109,453,,D,
county,42111,453,6449,,17
county,42115,453,32293,,17
county,42117,453,15585,,15
county,42119,453,,D,
county,42121,453,15918,,28
county,42123,453,,D,
county,42125,453,45021,,78
county,42127,453,,D,
county,42129,453,106876,,136
county,42131,453,,D,
county,42133,453,153877,,160
county,44001,453,11588,,27
county,44003,453,58965,,59
county,44005,453,28182,,55
county,44007,453,,D,
county,44009,453,,D,
county,45001,453,,D,
county,45003,453,,D,
county,45007,453,51932,,69
county,45009,453,789,,3
county,45013,453,,D,
county,45015,453,,D,
county,45019,453,200026,,258
county,45021,453,,D,
county,45023,453,,D,
county,45025,453,4170,,6
county,45027,453,2290,,8
county,45029,453,13954,,16
county,45031,453,,D,
county,45033,453,14253,,12
county,45035,453,,D,
county,45041,453,,D,
county,45043,453,15016,,32
county,45045,453,169068,,183
county,45047,453,,D,
county,45049,453,,D,
county,45051,453,,D,
county,45053,453,,D,
county,45055,453,,D,
county,45057,453,,D,
county,45059,453,,D,
county,45061,453,,D,
county,45063,453,108511,,113
county,45067,453,6260,,6
county,45071,453,,D,
county,45073,453,,D,
county,45075,453,,D,
county,45077,453,,D,
county,45079,453,,D,
county,45083,453,,D,
county,45085,453,,D,
county,45087,453,,D,
county,45089,453,3884,,6
county,45091,453,57066,,69
county,46005,453,,D,
county,46011,453,3557,,13
county,46013,453,,D,
county,46015,453,877,,5
county,46019,453,1635,,5
county,46027,453,,D,
county,46029,453,14911,,23
county,46033,453,,D,
county,46035,453,,D,
county,46047,453,405,,6
county,46051,453,919,,4
county,46065,453,,D,
county,46067,453,561,,3
county,46077,453,560,,4
county,46079,453,,D,
county,46081,453,,D,
county,46083,453,,D,
county,46093,453,,D,
county,46099,453,,D,
county,46102,453,,D,
county,46103,453,,D,
county,46123,453,2738,,4
county,46127,453,,D,
county,46129,453,736,,4
county,46135,453,5468,,13
county,47001,453,,D,
county,47003,453,,D,
county,47005,453,,D,
county,47009,453,67485,,41
county,47011,453,,D,
county,47013,453,,D,
county,47017,453,1944,,7
county,47019,453,,D,
county,47021,453,1076,,4
county,47023,453,,D,
county,47025,453,9285,,12
county,47029,453,,D,
county,47031,453,,D,
county,47035,453,,D,
county,47037,453,318979,,280
county,47039,453,,D,
county,47041,453,1669,,3
county,47043,453,,D,
county,47045,453,,D,
county,47047,453,6591,,9
county,47051,453,,D,
county,47053,453,,D,
county,47055,453,,D,
county,47057,453,,D,
county,47059,453,,D,
county,47063,453,13051,,27
county,47065,453,122121,,142
county,47069,453,427,,4
county,47071,453,,D,
county,47073,453,,D,
county,47075,453,3332,,5
county,47077,453,6402,,9
county,47079,453,18658,,13
county,47081,453,,D,
county,47085,453,,D,
county,47089,453,,D,
county,47091,453,360,,5
county,47093,453,216784,,194
county,47097,453,,D,
county,47099,453,,D,
county,47103,453,,D,
county,47105,453,,D,
county,47107,453,,D,
county,47109,453,6873,,12
county,47111,453,,D,
county,47113,453,,D,
county,47115,453,5085,,12
county,47117,453,3827,,7
county,47119,453,38261,,47
county,47123,453,8840,,12
county,47125,453,49863,,61
county,47127,453,,D,
county,47131,453,,D,
county,47133,453,,D,
county,47139,453,,D,
county,47141,453,,D,
county,47143,453,,D,
county,47145,453,10810,,16
county,47147,453,,D,
county,47149,453,72246,,82
county,47151,453,2468,,6
county,47153,453,,D,
county,47155,453,117278,,138
county,47157,453,305407,,252
county,47159,453,,D,
county,47163,453,,D,
county,47165,453,,D,
county,47167,453,,D,
county,47171,453,,D,
county,47177,453,13207,,14
county,47179,453,,D,
county,47181,453,,D,
county,47183,453,,D,
county,47185,453,,D,
county,47187,453,90853,,99
county,47189,453,,D,
county,48001,453,,D,
county,48003,453,2238,,4
county,48005,453,,D,
county,48007,453,,D,
county,48013,453,,D,
county,48015,453,,D,
county,48019,453,,D,
county,48021,453,,D,
county,48025,453,,D,
county,48027,453,,D,
county,48029,453,612559,,544
county,48031,453,1388,,6
county,48037,453,,D,
county,48039,453,87818,,80
county,48041,453,82207,,86
county,48043,453,343,,4
county,48047,453,2439,,3
county,48049,453,7271,,16
county,48051,453,,D,
county,48053,453,19263,,23
county,48055,453,,D,
county,48057,453,,D,
county,48061,453,62116,,63
county,48063,453,,D,
county,48067,453,,D,
county,48069,453,1675,,4
county,48071,453,,D,
county,48073,453,671,,3
county,48075,453,795,,4
county,48085,453,299586,,279
county,48089,453,,D,
county,48091,453,,D,
county,48093,453,,D,
county,48097,453,,D,
county,48099,453,,D,
county,48113,453,919382,,709
county,48115,453,2847,,4
county,48121,453,198696,,214
county,48123,453,385,,4
county,48133,453,4624,,8
county,48135,453,,D,
county,48139,453,27174,,43
county,48141,453,203579,,209
county,48143,453,,D,
county,48147,453,,D,
county,48149,453,12151,,16
county,48157,453,131749,,139
county,48165,453,3635,,6
county,48167,453,73475,,100
county,48171,453,13854,,24
county,48177,453,2311,,6
county,48179,453,1809,,7
county,48181,453,50040,,50
county,48183,453,44773,,60
county,48185,453,,D,
county,48187,453,,D,
county,48189,453,2429,,11
county,48193,453,3725,,8
county,48199,453,,D,
county,48201,453,1430671,,1144
county,48203,453,11845,,14
county,48209,453,,D,
county,48213,453,,D,
county,48215,453,205384,,149
county,48217,453,,D,
county,48219,453,,D,
county,48221,453,,D,
county,48223,453,16558,,20
county,48225,453,906,,4
county,48227,453,6070,,9
county,48231,453,,D,
county,48233,453,8819,,5
county,48237,453,,D,
county,48239,453,476,,4
county,48241,453,12943,,9
county,48245,453,99565,,79
county,48249,453,,D,
county,48251,453,,D,
county,48255,453,,D,
county,48257,453,,D,
county,48259,453,,D,
county,48265,453,19776,,22
county,48273,453,,D,
county,48277,453,14006,,17
county,48285,453,3935,,6
county,48287,453,1463,,8
county,48291,453,,D,
county,48293,453,1435,,4
county,48299,453,955,,6
county,48303,453,,D,
county,48307,453,857,,4
county,48309,453,,D,
county,48313,453,,D,
county,48315,453,1675,,3
county,48319,453,492,,5
county,48321,453,,D,
county,48323,453,,D,
county,48325,453,,D,
county,48329,453,,D,
county,48331,453,969,,4
county,48335,453,629,,3
county,48337,453,1449,,9
county,48339,453,177896,,127
county,48341,453,1842,,3
county,48343,453,604,,3
county,48347,453,8251,,22
county,48349,453,,D,
county,48351,453,,D,
county,48353,453,1312,,4
county,48355,453,,D,
county,48357,453,,D,
county,48361,453,,D,
county,48363,453,,D,
county,48365,453,1764,,6
county,48367,453,,D,
county,48373,453,,D,
county,48375,453,,D,
county,48377,453,2131,,4
county,48381,453,,D,
county,48397,453,,D,
county,48401,453,,D,
county,48403,453,,D,
county,48409,453,,D,
county,48415,453,,D,
county,48419,453,1117,,5
county,48423,453,118748,,71
county,48427,453,,D,
county,48429,453,566,,3
county,48439,453,598325,,577
county,48441,453,,D,
county,48445,453,,D,
county,48449,453,,D,
county,48451,453,,D,
county,48453,453,595773,,413
county,48457,453,239,,3
county,48459,453,,D,
county,48463,453,1247,,6
county,48465,453,4405,,9
county,48467,453,3192,,9
county,48469,453,,D,
county,48471,453,,D,
county,48473,453,6739,,5
county,48475,453,,D,
county,48477,453,,D,
county,48479,453,49771,,59
county,48481,453,,D,
county,48485,453,,D,
county,48487,453,,D,
county,48491,453,159637,,153
county,48493,453,,D,
county,48497,453,,D,
county,48499,453,5141,,13
county,48503,453,4469,,5
county,49003,453,,D,
county,49005,453,,D,
county,49007,453,,D,
county,49011,453,,D,
county,49013,453,,D,
county,49019,453,,D,
county,49021,453,,D,
county,49025,453,,D,
county,49029,453,209,,4
county,49035,453,,D,
county,49039,453,,D,
county,49041,453,7883,,6
county,49043,453,,D,
county,49045,453,,D,
county,49047,453,,D,
county,49049,453,,D,
county,49051,453,,D,
county,49053,453,49467,,64
county,49057,453,65549,,70
county,50001,453,,D,
county,50003,453,,D,
county,50005,453,8345,,18
county,50007,453,,D,
county,50011,453,,D,
county,50015,453,8235,,20
county,50017,453,,D,
county,50019,453,7485,,12
county,50021,453,32009,,31
county,50023,453,16825,,27
county,50025,453,15033,,31
county,50027,453,,D,
county,51001,453,21487,,20
county,51003,453,,D,
county,51005,453,4097,,6
county,51009,453,,D,
county,51011,453,,D,
county,51013,453,39641,,62
county,51015,453,,D,
county,51017,453,291,,3
county,51019,453,,D,
county,51023,453,,D,
county,51027,453,,D,
county,51031,453,,D,
county,51033,453,855,,3
county,51035,453,1478,,6
county,51041,453,111776,,118
county,51043,453,,D,
county,51047,453,,D,
county,51051,453,,D,
county,51057,453,10368,,8
county,51059,453,301196,,282
county,51061,453,,D,
county,51063,453,,D,
county,51067,453,,D,
county,51069,453,,D,
county,51071,453,,D,
county,51073,453,,D,
county,51079,453,,D,
county,51083,453,18012,,11
county,51085,453,,D,
county,51087,453,144937,,122
county,51089,453,,D,
county,51093,453,,D,
county,51095,453,,D,
county,51099,453,13649,,12
county,51103,453,2212,,7
county,51107,453,145441,,106
county,51109,453,3647,,9
county,51111,453,728,,4
county,51113,453,2422,,6
county,51115,453,853,,4
county,51117,453,14294,,13
county,51119,453,882,,4
county,51121,453,33266,,43
county,51131,453,1144,,9
county,51133,453,947,,4
county,51135,453,2142,,5
county,51137,453,3858,,9
county,51139,453,4927,,9
county,51141,453,1147,,5
county,51143,453,,D,
county,51147,453,,D,
county,51149,453,,D,
county,51153,453,130001,,121
county,51155,453,13035,,11
county,51157,453,,D,
county,51161,453,,D,
county,51163,453,3355,,8
county,51165,453,10248,,17
county,51167,453,2710,,6
county,51169,453,,D,
county,51171,453,9672,,17
county,51173,453,2203,,9
county,51177,453,26933,,28
county,51179,453,28663,,28
county,51185,453,7117,,18
county,51187,453,,D,
county,51191,453,,D,
county,51193,453,1202,,6
county,51195,453,8538,,14
county,51197,453,13241,,15
county,51199,453,,D,
county,51510,453,56133,,79
county,51520,453,,D,
county,51540,453,,D,
county,51550,453,79284,,72
county,51570,453,,D,
county,51590,453,,D,
county,51595,453,2322,,5
county,51600,453,18219,,18
county,51610,453,,D,
county,51620,453,708,,4
county,51630,453,41855,,49
county,51640,453,3511,,6
county,51650,453,,D,
county,51660,453,38070,,34
county,51670,453,,D,
county,51678,453,1126,,7
county,51680,453,,D,
county,51683,453,,D,
county,51690,453,,D,
county,51700,453,56646,,63
county,51710,453,,D,
county,51720,453,1309,,5
county,51730,453,,D,
county,51735,453,556,,3
county,51740,453,13513,,19
county,51750,453,1449,,5
county,51760,453,60744,,90
county,51770,453,54122,,60
county,51775,453,,D,
county,51790,453,,D,
county,51800,453,,D,
county,51810,453,180164,,187
county,51820,453,,D,
county,51830,453,39136,,23
county,51840,453,,D,
county,53001,453,,D,
county,53003,453,,D,
county,53005,453,,D,
county,53007,453,47813,,71
county,53009,453,37204,,44
county,53011,453,188009,,133
county,53015,453,39862,,40
county,53017,453,,D,
county,53019,453,1650,,4
county,53021,453,,D,
county,53025,453,,D,
county,53027,453,,D,
county,53029,453,,D,
county,53031,453,12392,,28
county,53033,453,1080727,,874
county,53035,453,124715,,118
county,53037,453,,D,
county,53039,453,1483,,3
county,53041,453,29475,,33
county,53045,453,,D,
county,53047,453,14077,,19
county,53049,453,8253,,16
county,53053,453,465602,,297
county,53055,453,12870,,30
county,53057,453,69825,,69
county,53059,453,,D,
county,53061,453,344307,,303
county,53063,453,,D,
county,53065,453,,D,
county,53067,453,132032,,114
county,53071,453,,D,
county,53073,453,100256,,111
county,53075,453,,D,
county,53077,453,96197,,79
county,54003,453,,D,
county,54005,453,,D,
county,54007,453,613,,3
county,54009,453,,D,
county,54011,453,39041,,45
county,54019,453,,D,
county,54025,453,6268,,15
county,54027,453,,D,
county,54029,453,,D,
county,54031,453,1095,,7
county,54033,453,,D,
county,54035,453,6162,,9
county,54037,453,,D,
county,54039,453,,D,
county,54041,453,2422,,7
county,54043,453,,D,
county,54045,453,416,,5
county,54049,453,,D,
county,54051,453,,D,
county,54053,453,,D,
county,54055,453,6850,,19
county,54057,453,,D,
county,54059,453,212,,3
county,54061,453,,D,
county,54065,453,1380,,6
county,54067,453,5356,,9
county,54069,453,,D,
county,54071,453,326,,3
county,54075,453,,D,
county,54077,453,,D,
county,54079,453,,D,
county,54081,453,,D,
county,54083,453,10346,,17
county,54085,453,2222,,4
county,54087,453,,D,
county,54089,453,452,,3
county,54091,453,788,,3
county,54097,453,17338,,14
county,54099,453,,D,
county,54101,453,158,,3
county,54103,453,6290,,10
county,54107,453,34463,,41
county,55001,453,5139,,6
county,55003,453,,D,
county,55005,453,,D,
county,55007,453,2060,,13
county,55009,453,,D,
county,55011,453,690,,6
county,55013,453,,D,
county,55015,453,,D,
county,55017,453,,D,
county,55019,453,2321,,6
county,55021,453,,D,
county,55023,453,3584,,5
county,55025,453,180867,,179
county,55027,453,20528,,25
county,55029,453,14622,,45
county,55031,453,,D,
county,55033,453,,D,
county,55035,453,,D,
county,55039,453,28030,,37
county,55041,453,1927,,4
county,55043,453,,D,
county,55045,453,,D,
county,55047,453,322,,3
county,55049,453,,D,
county,55053,453,2537,,6
county,55055,453,9312,,20
county,55057,453,4679,,8
county,55059,453,38777,,48
county,55061,453,,D,
county,55063,453,,D,
county,55065,453,778,,3
county,55067,453,4792,,8
county,55069,453,,D,
county,55071,453,12649,,29
county,55073,453,,D,
county,55075,453,,D,
county,55079,453,211286,,228
county,55081,453,,D,
county,55083,453,,D,
county,55085,453,12593,,24
county,55087,453,,D,
county,55089,453,30472,,45
county,55093,453,,D,
county,55095,453,4867,,8
county,55097,453,18948,,21
county,55099,453,1540,,3
county,55101,453,50585,,51
county,55103,453,3592,,6
county,55105,453,50445,,50
county,55109,453,,D,
county,55111,453,12375,,32
county,55113,453,,D,
county,55115,453,,D,
county,55117,453,23197,,41
county,55119,453,1130,,6
county,55121,453,1363,,6
county,55123,453,2681,,8
county,55125,453,5783,,11
county,55127,453,107343,,39
county,55129,453,2978,,8
county,55131,453,29162,,41
county,55133,453,150675,,140
county,55135,453,7295,,15
county,55137,453,797,,4
county,55139,453,38701,,54
county,55141,453,18540,,33
county,56001,453,,D,
county,56003,453,558,,5
county,56005,453,,D,
county,56007,453,1250,,6
county,56009,453,511,,3
county,56011,453,,D,
county,56013,453,,D,
county,56015,453,554,,5
county,56017,453,857,,6
county,56019,453,2118,,9
county,56021,453,35509,,38
county,56023,453,850,,6
county,56025,453,23299,,32
county,56029,453,,D,
county,56033,453,,D,
county,56035,453,899,,3
county,56037,453,,D,
county,56039,453,,D,
county,56041,453,,D,
county,56043,453,692,,4
county,01001,454,,D,
county,01003,454,38566,,28
county,01005,454,,D,
county,01009,454,2704,,6
county,01013,454,5131,,4
county,01015,454,39150,,20
county,01017,454,1351,,6
county,01019,454,,D,
county,01021,454,,D,
county,01025,454,2809,,5
county,01031,454,,D,
county,01033,454,22423,,10
county,01039,454,6832,,8
county,01043,454,16825,,10
county,01047,454,4891,,8
county,01049,454,32254,,15
county,01051,454,7785,,10
county,01053,454,4820,,5
county,01055,454,35597,,18
county,01059,454,4513,,4
county,01061,454,562,,3
county,01069,454,21223,,29
county,01071,454,,D,
county,01073,454,213162,,102
county,01077,454,13076,,10
county,01079,454,7464,,5
county,01081,454,50204,,23
county,01083,454,6815,,5
county,01089,454,70492,,54
county,01091,454,2343,,4
county,01093,454,2958,,3
county,01095,454,11604,,11
county,01097,454,149259,,46
county,01099,454,1245,,3
county,01101,454,168678,,36
county,01103,454,21473,,19
county,01107,454,,D,
county,01109,454,,D,
county,01111,454,2172,,5
county,01115,454,22015,,12
county,01117,454,199256,,51
county,01119,454,686,,3
county,01121,454,11509,,12
county,01123,454,2763,,6
county,01125,454,,D,
county,01127,454,9739,,10
county,01133,454,650,,3
county,02016,454,7562,,3
county,02020,454,129493,,36
county,02090,454,93749,,18
county,02110,454,,D,
county,02122,454,21198,,14
county,02170,454,34818,,21
county,02198,454,2230,,3
county,02261,454,,D,
county,02290,454,5804,,6
county,04001,454,9910,,10
county,04003,454,13883,,16
county,04005,454,202003,,44
county,04007,454,5057,,8
county,04009,454,6970,,9
county,04012,454,3188,,6
county,04013,454,13359449,,1252
county,04015,454,99322,,50
county,04017,454,26888,,26
county,04019,454,194211,,196
county,04021,454,45732,,50
county,04023,454,2908,,5
county,04025,454,98302,,83
county,04027,454,13415,,18
county,05001,454,11066,,7
county,05003,454,4488,,3
county,05005,454,11502,,9
county,05007,454,49056,,39
county,05009,454,23060,,11
county,05015,454,,D,
county,05019,454,,D,
county,05023,454,29611,,5
county,05027,454,1476,,4
county,05029,454,2669,,4
county,05031,454,35322,,24
county,05033,454,,D,
county,05035,454,7688,,3
county,05037,454,,D,
county,05039,454,1259,,3
county,05041,454,4151,,4
county,05045,454,108583,,24
county,05049,454,1806,,3
county,05051,454,14426,,21
county,05053,454,,D,
county,05055,454,,D,
county,05057,454,,D,
county,05063,454,11310,,8
county,05065,454,3025,,3
county,05067,454,,D,
county,05069,454,,D,
county,05071,454,38218,,6
county,05075,454,,D,
county,05083,454,2594,,5
county,05085,454,4911,,6
county,05093,454,4607,,4
county,05103,454,5397,,6
county,05107,454,2614,,3
county,05109,454,2286,,3
county,05111,454,3912,,3
county,05113,454,13065,,9
county,05115,454,11532,,16
county,05119,454,418187,,82
county,05121,454,,D,
county,05125,454,3256,,16
county,05131,454,40460,,36
county,05135,454,3383,,4
county,05137,454,9030,,7
county,05139,454,9305,,10
county,05143,454,118398,,56
county,05145,454,35083,,14
county,05149,454,7595,,4
county,06001,454,2178254,,406
county,06005,454,,D,
county,06007,454,369130,,53
county,06009,454,22132,,9
county,06013,454,854602,,159
county,06015,454,,D,
county,06017,454,148924,,69
county,06019,454,272676,,123
county,06023,454,43249,,25
county,06025,454,,D,
county,06027,454,7096,,6
county,06029,454,107748,,88
county,06031,454,8613,,4
county,06033,454,23061,,15
county,06037,454,22327125,,3690
county,06039,454,56729,,13
county,06041,454,1297886,,113
county,06045,454,34011,,25
county,06047,454,,D,
county,06053,454,82195,,51
county,06055,454,246028,,54
county,06057,454,82276,,42
county,06059,454,4307195,,1304
county,06061,454,167996,,117
county,06063,454,11705,,7
county,06065,454,3840065,,428
county,06067,454,927246,,256
county,06069,454,,D,
county,06071,454,6456021,,472
county,06073,454,3078488,,1063
county,06075,454,8164108,,405
county,06077,454,864827,,90
county,06079,454,452182,,105
county,06081,454,8834492,,202
county,06083,454,142209,,106
county,06085,454,,D,
county,06087,454,103196,,84
county,06089,454,70482,,52
county,06093,454,34861,,17
county,06095,454,359369,,49
county,06097,454,261952,,145
county,06099,454,902114,,70
county,06101,454,7873,,9
county,06103,454,8954,,5
county,06105,454,4893,,4
county,06107,454,159963,,41
county,06109,454,48981,,13
county,06111,454,828389,,248
county,06113,454,127965,,36
county,06115,454,7608,,8
county,08001,454,229763,,98
county,08005,454,411633,,183
county,08007,454,4789,,9
county,08013,454,488825,,162
county,08014,454,98734,,32
county,08015,454,18930,,18
county,08017,454,1454,,4
county,08019,454,1772,,4
county,08021,454,620,,3
county,08027,454,,D,
county,08029,454,7665,,8
county,08031,454,625782,,235
county,08035,454,236422,,122
county,08037,454,85459,,33
county,08039,454,10058,,12
county,08041,454,380948,,207
county,08043,454,6271,,7
county,08045,454,29857,,23
county,08047,454,4115,,4
county,08049,454,,D,
county,08051,454,6499,,6
county,08059,454,212166,,219
county,08067,454,40783,,20
county,08069,454,105990,,103
county,08071,454,2862,,4
county,08075,454,,D,
county,08077,454,32432,,45
county,08083,454,6689,,6
county,08085,454,7100,,14
county,08087,454,3035,,4
county,08089,454,,D,
county,08093,454,17033,,8
county,08097,454,9541,,11
county,08099,454,,D,
county,08101,454,98114,,31
county,08105,454,16131,,6
county,08107,454,9767,,19
county,08113,454,3485,,5
county,08117,454,17217,,17
county,08119,454,8966,,4
county,08123,454,32819,,50
county,09001,454,1815415,,240
county,09003,454,1224840,,193
county,09005,454,219019,,69
county,09007,454,446155,,58
county,09009,454,896613,,206
county,09011,454,294029,,58
county,09013,454,48727,,31
county,09015,454,99202,,30
county,10001,454,135642,,57
county,10003,454,1960603,,190
county,10005,454,215538,,55
county,11001,454,139625,,64
county,12001,454,120462,,78
county,12005,454,,D,
county,12007,454,1084,,4
county,12009,454,128935,,162
county,12011,454,3067049,,823
county,12015,454,38279,,31
county,12017,454,22382,,29
county,12019,454,35015,,51
county,12021,454,160568,,100
county,12023,454,10119,,15
county,12031,454,2043783,,246
county,12033,454,45123,,43
county,12035,454,49479,,32
county,12041,454,2291,,3
county,12051,454,233,,3
county,12053,454,40675,,44
county,12055,454,8518,,13
county,12057,454,4469139,,420
county,12059,454,1222,,3
county,12061,454,53655,,51
county,12063,454,3782,,6
county,12069,454,65519,,84
county,12071,454,740109,,195
county,12073,454,65221,,63
county,12075,454,5617,,9
county,12079,454,4681,,4
county,12081,454,123108,,123
county,12083,454,304740,,103
county,12085,454,137682,,57
county,12086,454,2935257,,1012
county,12087,454,34798,,30
county,12089,454,,D,
county,12091,454,105425,,58
county,12093,454,8982,,5
county,12095,454,3257113,,392
county,12097,454,37396,,82
county,12099,454,1392474,,544
county,12101,454,141050,,125
county,12103,454,3101506,,398
county,12105,454,439939,,115
county,12107,454,5935,,11
county,12109,454,83451,,83
county,12111,454,230374,,64
county,12113,454,12798,,28
county,12115,454,266162,,152
county,12117,454,2764606,,210
county,12119,454,18737,,14
county,12121,454,,D,
county,12123,454,886,,3
county,12127,454,237509,,146
county,12131,454,21496,,14
county,12133,454,,D,
county,13001,454,1856,,3
county,13009,454,,D,
county,13011,454,3977,,4
county,13013,454,,D,
county,13015,454,,D,
county,13021,454,53100,,30
county,13027,454,2019,,3
county,13029,454,918,,6
county,13031,454,16411,,10
county,13033,454,5031,,3
county,13035,454,5785,,7
county,13039,454,3385,,8
county,13045,454,65316,,15
county,13047,454,52715,,18
county,13051,454,96110,,41
county,13057,454,,D,
county,13059,454,39360,,30
county,13063,454,,D,
county,13067,454,,D,
county,13069,454,9453,,10
county,13071,454,48431,,9
county,13073,454,43922,,24
county,13075,454,3412,,4
county,13077,454,,D,
county,13079,454,,D,
county,13081,454,1807,,3
county,13083,454,2839,,5
county,13085,454,6620,,6
county,13087,454,670,,3
county,13089,454,1134337,,132
county,13095,454,28686,,12
county,13097,454,533908,,13
county,13103,454,2134,,4
county,13105,454,1109,,3
county,13107,454,3747,,6
county,13109,454,13451,,5
county,13111,454,8056,,6
county,13113,454,,D,
county,13115,454,10728,,16
county,13117,454,179662,,104
county,13119,454,3387,,4
county,13121,454,1084460,,283
county,13123,454,6086,,8
county,13127,454,,D,
county,13129,454,12991,,11
county,13135,454,920334,,278
county,13137,454,6890,,8
county,13139,454,44351,,43
county,13143,454,,D,
county,13147,454,,D,
county,13151,454,,D,
county,13153,454,,D,
county,13157,454,924181,,24
county,13161,454,,D,
county,13171,454,873,,3
county,13175,454,,D,
county,13177,454,,D,
county,13179,454,,D,
county,13185,454,29877,,20
county,13187,454,19508,,8
county,13193,454,4428,,4
county,13199,454,,D,
county,13205,454,1770,,3
county,13207,454,,D,
county,13213,454,,D,
county,13215,454,32267,,21
county,13217,454,3616,,10
county,13219,454,20987,,14
county,13221,454,,D,
county,13223,454,,D,
county,13227,454,,D,
county,13231,454,1855,,3
county,13233,454,4885,,6
county,13237,454,47614,,7
county,13241,454,,D,
county,13245,454,36129,,23
county,13247,454,,D,
county,13255,454,,D,
county,13257,454,4545,,5
county,13261,454,,D,
county,13275,454,12537,,10
county,13277,454,6282,,6
county,13279,454,3107,,6
county,13285,454,43302,,12
county,13291,454,25341,,13
county,13293,454,1977,,4
county,13295,454,7379,,11
county,13297,454,97269,,20
county,13299,454,6963,,8
county,13311,454,11182,,9
county,13313,454,17112,,20
county,15001,454,59062,,28
county,15003,454,187095,,151
county,15007,454,34290,,17
county,15009,454,60067,,43
county,16001,454,624386,,205
county,16005,454,18037,,35
county,16007,454,,D,
county,16011,454,15906,,12
county,16013,454,,D,
county,16015,454,,D,
county,16017,454,28270,,30
county,16019,454,136127,,81
county,16021,454,,D,
county,16027,454,40880,,64
county,16029,454,,D,
county,16031,454,,D,
county,16039,454,9706,,7
county,16041,454,8265,,8
county,16043,454,12390,,10
county,16045,454,,D,
county,16049,454,5822,,4
county,16051,454,,D,
county,16053,454,12350,,10
county,16055,454,79552,,67
county,16057,454,19871,,14
county,16059,454,,D,
county,16065,454,25757,,90
county,16067,454,,D,
county,16069,454,10068,,11
county,16075,454,,D,
county,16081,454,4590,,7
county,16083,454,49658,,30
county,16085,454,5272,,5
county,17001,454,,D,
county,17007,454,6648,,9
county,17011,454,20066,,6
county,17015,454,6174,,5
county,17019,454,104837,,37
county,17021,454,2405,,3
county,17027,454,9991,,12
county,17029,454,,D,
county,17031,454,6366633,,1016
county,17033,454,4591,,5
county,17037,454,25201,,18
county,17039,454,,D,
county,17041,454,12318,,7
county,17043,454,3154009,,319
county,17049,454,30451,,19
county,17051,454,3855,,5
county,17053,454,9246,,5
county,17055,454,3203,,5
county,17057,454,6270,,7
county,17063,454,20497,,16
county,17067,454,,D,
county,17073,454,,D,
county,17075,454,4234,,7
county,17077,454,,D,
county,17081,454,2404,,8
county,17083,454,,D,
county,17085,454,4787,,6
county,17087,454,9163,,3
county,17089,454,496645,,126
county,17091,454,27262,,27
county,17093,454,58850,,18
county,17095,454,,D,
county,17097,454,2479303,,216
county,17099,454,16937,,25
county,17103,454,5127,,5
county,17105,454,6391,,8
county,17107,454,5162,,5
county,17109,454,6935,,11
county,17111,454,236089,,87
county,17113,454,,D,
county,17115,454,28789,,21
county,17117,454,8478,,6
county,17119,454,29139,,44
county,17121,454,6860,,10
county,17123,454,2568,,3
county,17125,454,,D,
county,17133,454,3944,,6
county,17135,454,11756,,6
county,17137,454,,D,
county,17139,454,7990,,4
county,17141,454,29454,,12
county,17143,454,24194,,19
county,17145,454,845,,6
county,17147,454,6422,,5
county,17157,454,6230,,5
county,17159,454,4454,,6
county,17161,454,,D,
county,17163,454,42630,,46
county,17165,454,,D,
county,17167,454,,D,
county,17173,454,2292,,5
county,17175,454,,D,
county,17177,454,7574,,8
county,17179,454,38056,,23
county,17181,454,1920,,5
county,17183,454,43391,,16
county,17187,454,2809,,3
county,17193,454,6287,,5
county,17195,454,,D,
county,17197,454,271368,,139
county,17199,454,,D,
county,17201,454,58362,,55
county,17203,454,,D,
county,18001,454,12962,,20
county,18003,454,1087747,,90
county,18005,454,21898,,14
county,18007,454,,D,
county,18011,454,2127696,,22
county,18013,454,,D,
county,18015,454,,D,
county,18017,454,11058,,5
county,18019,454,,D,
county,18021,454,,D,
county,18023,454,,D,
county,18025,454,1773,,3
county,18027,454,,D,
county,18029,454,49577,,10
county,18031,454,,D,
county,18033,454,18640,,5
county,18035,454,60399,,28
county,18037,454,72414,,22
county,18039,454,128874,,52
county,18041,454,,D,
county,18043,454,,D,
county,18045,454,4042,,4
county,18047,454,4282,,3
county,18049,454,,D,
county,18051,454,14066,,8
county,18053,454,4557,,8
county,18055,454,9307,,7
county,18057,454,168776,,100
county,18059,454,50395,,15
county,18061,454,5456,,5
county,18063,454,1720941,,36
county,18065,454,8761,,8
county,18067,454,5243,,9
county,18069,454,11786,,15
county,18071,454,16409,,7
county,18073,454,,D,
county,18077,454,,D,
county,18079,454,5007,,3
county,18081,454,663828,,30
county,18083,454,5881,,7
county,18085,454,42963,,21
county,18087,454,9536,,11
county,18089,454,201271,,71
county,18091,454,25391,,18
county,18093,454,9519,,17
county,18095,454,45965,,16
county,18097,454,2245182,,182
county,18099,454,17227,,12
county,18103,454,3126,,9
county,18105,454,,D,
county,18109,454,,D,
county,18113,454,53381,,17
county,18117,454,1571,,4
county,18127,454,36733,,36
county,18129,454,,D,
county,18131,454,17430,,5
county,18133,454,,D,
county,18135,454,,D,
county,18137,454,4890,,10
county,18139,454,,D,
county,18141,454,796331,,42
county,18143,454,1730,,3
county,18145,454,13676,,9
county,18147,454,,D,
county,18149,454,9503,,4
county,18151,454,9903,,7
county,18157,454,15644,,22
county,18163,454,116176,,44
county,18167,454,16393,,14
county,18169,454,11668,,8
county,18173,454,,D,
county,18175,454,2543,,5
county,18177,454,12898,,13
county,18179,454,,D,
county,18181,454,11698,,6
county,18183,454,,D,
county,19003,454,,D,
county,19005,454,4492,,6
county,19011,454,,D,
county,19013,454,28397,,22
county,19015,454,2024,,4
county,19017,454,26329,,4
county,19019,454,3168,,4
county,19021,454,1713,,3
county,19023,454,827,,3
county,19027,454,17229,,12
county,19029,454,2936,,4
county,19031,454,,D,
county,19033,454,,D,
county,19037,454,1431,,4
county,19041,454,,D,
county,19043,454,15547,,6
county,19045,454,9627,,10
county,19049,454,39753,,20
county,19055,454,,D,
county,19057,454,6092,,8
county,19059,454,,D,
county,19061,454,32822,,27
county,19063,454,,D,
county,19065,454,4223,,4
county,19067,454,3791,,6
county,19075,454,9604,,6
county,19083,454,,D,
county,19087,454,3633,,5
county,19089,454,,D,
county,19091,454,2568,,4
county,19093,454,,D,
county,19095,454,11561,,4
county,19097,454,,D,
county,19099,454,5172,,7
county,19101,454,30001,,23
county,19103,454,68047,,34
county,19105,454,,D,
county,19109,454,,D,
county,19111,454,7588,,7
county,19113,454,,D,
county,19119,454,7661,,7
county,19121,454,,D,
county,19123,454,,D,
county,19125,454,13931,,6
county,19127,454,6121,,7
county,19133,454,,D,
county,19139,454,,D,
county,19141,454,8045,,7
county,19143,454,8068,,5
county,19149,454,2017,,6
county,19151,454,,D,
county,19153,454,158193,,94
county,19155,454,,D,
county,19157,454,,D,
county,19163,454,75765,,28
county,19167,454,7567,,14
county,19169,454,15196,,17
county,19171,454,2504,,4
county,19179,454,,D,
county,19181,454,,D,
county,19183,454,7556,,6
county,19187,454,5371,,9
county,19189,454,938,,3
county,19191,454,7830,,4
county,19193,454,28455,,19
county,20001,454,4844,,4
county,20009,454,,D,
county,20011,454,3741,,5
county,20015,454,19049,,16
county,20021,454,672,,3
county,20029,454,1462,,3
county,20031,454,2901,,3
county,20035,454,15166,,11
county,20037,454,5370,,6
county,20041,454,3791,,5
county,20043,454,,D,
county,20045,454,71447,,31
county,20051,454,29087,,15
county,20055,454,4295,,5
county,20057,454,3400,,5
county,20059,454,,D,
county,20061,454,3305,,4
county,20069,454,,D,
county,20085,454,3276,,3
county,20087,454,,D,
county,20091,454,642447,,219
county,20099,454,3798,,6
county,20103,454,43382,,10
county,20107,454,,D,
county,20111,454,8941,,7
county,20113,454,2582,,6
county,20117,454,,D,
county,20121,454,,D,
county,20125,454,5763,,5
county,20131,454,20332,,3
county,20133,454,3153,,5
county,20149,454,,D,
county,20155,454,8491,,11
county,20159,454,2859,,3
county,20161,454,,D,
county,20169,454,36878,,16
county,20173,454,295808,,98
county,20175,454,8594,,4
county,20177,454,31997,,32
county,20181,454,2277,,4
county,20191,454,2006,,5
county,20209,454,,D,
county,21005,454,,D,
county,21009,454,,D,
county,21013,454,1188,,3
county,21015,454,1874513,,34
county,21017,454,3260,,6
county,21019,454,,D,
county,21021,454,3853,,5
county,21029,454,,D,
county,21035,454,6915,,12
county,21037,454,12921,,12
county,21043,454,6118,,3
county,21047,454,14819,,5
county,21049,454,47533,,12
county,21055,454,,D,
county,21059,454,,D,
county,21067,454,1160334,,79
county,21071,454,6669,,6
county,21073,454,,D,
county,21079,454,230,,3
county,21083,454,25802,,8
county,21085,454,,D,
county,21089,454,,D,
county,21093,454,,D,
county,21097,454,,D,
county,21099,454,1746,,3
county,21101,454,3649,,5
county,21103,454,,D,
county,21107,454,,D,
county,21111,454,529001,,166
county,21113,454,7858,,18
county,21115,454,4016,,4
county,21117,454,189655,,25
county,21121,454,14971,,5
county,21125,454,36397,,11
county,21127,454,3069,,3
county,21141,454,9386,,4
county,21145,454,,D,
county,21151,454,4372,,12
county,21155,454,1529,,4
county,21157,454,2233,,7
county,21161,454,627,,3
county,21167,454,6753,,3
county,21177,454,3052,,4
county,21179,454,43832,,9
county,21185,454,,D,
county,21193,454,835,,3
county,21195,454,8155,,9
county,21199,454,10596,,15
county,21203,454,1090,,3
county,21205,454,3020,,3
county,21209,454,14129,,10
county,21211,454,,D,
county,21217,454,,D,
county,21221,454,3369,,4
county,21227,454,49362,,26
county,21229,454,,D,
county,21233,454,1379,,3
county,21235,454,8377,,5
county,21239,454,16428,,7
county,22001,454,,D,
county,22005,454,17656,,12
county,22011,454,4682,,4
county,22015,454,10147,,12
county,22017,454,104595,,36
county,22019,454,30898,,24
county,22025,454,2029,,3
county,22033,454,312661,,70
county,22037,454,2873,,3
county,22039,454,14696,,4
county,22041,454,3851,,4
county,22043,454,,D,
county,22045,454,20268,,13
county,22051,454,888369,,66
county,22053,454,,D,
county,22055,454,92866,,60
county,22057,454,5197,,6
county,22061,454,10022,,8
county,22063,454,3897,,9
county,22069,454,1605,,5
county,22071,454,164243,,50
county,22073,454,12829,,18
county,22075,454,,D,
county,22079,454,,D,
county,22085,454,,D,
county,22089,454,,D,
county,22095,454,,D,
county,22097,454,5177,,7
county,22099,454,,D,
county,22101,454,6018,,6
county,22103,454,47370,,43
county,22105,454,17059,,20
county,22109,454,22524,,18
county,22111,454,1748,,3
county,22113,454,,D,
county,22115,454,1482,,3
county,22117,454,6476,,7
county,22119,454,,D,
county,22121,454,,D,
county,23001,454,308127,,33
county,23003,454,111986,,29
county,23005,454,1320460,,119
county,23007,454,,D,
county,23009,454,90273,,34
county,23011,454,151016,,39
county,23013,454,46664,,18
county,23015,454,37315,,18
county,23017,454,155573,,31
county,23019,454,377916,,71
county,23021,454,,D,
county,23023,454,41468,,15
county,23025,454,50441,,27
county,23027,454,37067,,19
county,23029,454,48535,,17
county,23031,454,190642,,70
county,24001,454,,D,
county,24003,454,372570,,112
county,24005,454,865212,,161
county,24009,454,13234,,15
county,24011,454,,D,
county,24013,454,,D,
county,24015,454,40088,,13
county,24017,454,87125,,24
county,24021,454,256427,,55
county,24023,454,,D,
county,24025,454,444273,,43
county,24027,454,215366,,91
county,24029,454,,D,
county,24031,454,438913,,178
county,24033,454,402728,,83
county,24035,454,,D,
county,24037,454,65743,,18
county,24039,454,9582,,7
county,24041,454,,D,
county,24043,454,66567,,37
county,24045,454,28340,,17
county,24047,454,34811,,24
county,24510,454,,D,
county,25001,454,118421,,70
county,25003,454,86447,,46
county,25005,454,401254,,141
county,25007,454,,D,
county,25009,454,819967,,179
county,25011,454,50747,,28
county,25013,454,163167,,95
county,25015,454,121551,,46
county,25017,454,3757154,,400
county,25019,454,,D,
county,25021,454,780918,,219
county,25023,454,593373,,153
county,25025,454,4993028,,132
county,25027,454,2347031,,199
county,26001,454,2721,,3
county,26003,454,,D,
county,26005,454,38085,,20
county,26007,454,14797,,13
county,26009,454,56937,,10
county,26011,454,5839,,5
county,26015,454,,D,
county,26017,454,18666,,19
county,26019,454,2712,,4
county,26021,454,43924,,36
county,26023,454,18151,,12
county,26025,454,24899,,19
county,26027,454,4678,,7
county,26029,454,1545,,4
county,26031,454,4887,,6
county,26033,454,5230,,8
county,26035,454,17542,,10
county,26037,454,39735,,21
county,26039,454,,D,
county,26041,454,12619,,13
county,26043,454,,D,
county,26045,454,17449,,18
county,26047,454,9400,,7
county,26049,454,,D,
county,26051,454,5189,,4
county,26055,454,121845,,47
county,26057,454,,D,
county,26059,454,,D,
county,26061,454,4957,,8
county,26063,454,10286,,9
county,26065,454,111934,,54
county,26067,454,10148,,12
county,26069,454,,D,
county,26071,454,5076,,3
county,26073,454,,D,
county,26075,454,65601,,31
county,26077,454,86483,,47
county,26079,454,8424,,5
county,26081,454,1365792,,184
county,26087,454,21627,,18
county,26089,454,14573,,11
county,26091,454,,D,
county,26093,454,128427,,66
county,26097,454,,D,
county,26099,454,287498,,138
county,26101,454,,D,
county,26103,454,7643,,14
county,26105,454,4045,,4
county,26107,454,18061,,10
county,26109,454,24213,,7
county,26111,454,74973,,17
county,26115,454,,D,
county,26117,454,,D,
county,26119,454,4497,,3
county,26121,454,39370,,29
county,26123,454,21076,,9
county,26125,454,1244571,,308
county,26127,454,5101,,6
county,26129,454,9792,,5
county,26131,454,,D,
county,26133,454,2357,,3
county,26137,454,19893,,10
county,26139,454,261225,,77
county,26143,454,3783,,4
county,26145,454,28513,,30
county,26147,454,118043,,28
county,26149,454,26767,,13
county,26151,454,13680,,6
county,26155,454,21950,,16
county,26157,454,23675,,14
county,26159,454,27273,,13
county,26161,454,135604,,75
county,26163,454,1129802,,251
county,26165,454,,D,
county,27001,454,3371,,5
county,27003,454,83770,,84
county,27005,454,9316,,14
county,27007,454,26806,,15
county,27009,454,13400,,8
county,27013,454,16770,,18
county,27015,454,4144,,6
county,27017,454,33373,,16
county,27019,454,71561,,34
county,27021,454,10905,,11
county,27023,454,,D,
county,27025,454,60743,,15
county,27027,454,13083,,14
county,27033,454,1712,,5
county,27035,454,40765,,22
county,27037,454,1224531,,107
county,27039,454,,D,
county,27041,454,20129,,21
county,27043,454,4392,,4
county,27045,454,11073,,6
county,27047,454,12600,,15
county,27049,454,65645,,17
county,27051,454,7536,,4
county,27053,454,11901168,,393
county,27055,454,,D,
county,27057,454,3240,,5
county,27059,454,8041,,8
county,27061,454,25090,,20
county,27065,454,,D,
county,27067,454,11915,,9
county,27071,454,3720,,5
county,27075,454,6731,,5
county,27079,454,,D,
county,27083,454,,D,
county,27085,454,12182,,9
county,27091,454,8489,,10
county,27093,454,5128,,6
county,27095,454,14053,,9
county,27097,454,,D,
county,27099,454,2340,,6
county,27101,454,,D,
county,27103,454,110037,,9
county,27105,454,,D,
county,27109,454,65649,,41
county,27111,454,20516,,20
county,27113,454,,D,
county,27115,454,9396,,6
county,27117,454,1365,,3
county,27119,454,3034,,5
county,27121,454,15001,,6
county,27123,454,265410,,109
county,27127,454,12076,,4
county,27129,454,,D,
county,27131,454,27517,,15
county,27135,454,,D,
county,27137,454,155293,,58
county,27139,454,31708,,47
county,27141,454,23405,,24
county,27145,454,122188,,58
county,27147,454,22922,,15
county,27153,454,5786,,7
county,27155,454,14320,,5
county,27157,454,,D,
county,27159,454,6790,,6
county,27163,454,51293,,74
county,27167,454,,D,
county,27169,454,20406,,11
county,27171,454,27203,,33
county,28001,454,,D,
county,28003,454,11556,,8
county,28011,454,,D,
county,28013,454,4965,,3
county,28019,454,1692,,3
county,28027,454,1309,,4
county,28029,454,2990,,3
county,28031,454,3115,,6
county,28033,454,60208,,30
county,28035,454,,D,
county,28043,454,2386,,7
county,28045,454,,D,
county,28047,454,16580,,20
county,28049,454,184680,,30
county,28057,454,,D,
county,28059,454,,D,
county,28065,454,2793,,3
county,28067,454,,D,
county,28071,454,10841,,7
county,28073,454,61320,,13
county,28075,454,,D,
county,28079,454,3741,,4
county,28081,454,45044,,22
county,28083,454,,D,
county,28085,454,,D,
county,28087,454,8896,,21
county,28089,454,38123,,24
county,28091,454,4512,,8
county,28093,454,8499,,5
county,28095,454,4080,,5
county,28099,454,,D,
county,28101,454,3110,,3
county,28105,454,25277,,7
county,28109,454,1230,,3
county,28113,454,,D,
county,28115,454,,D,
county,28117,454,,D,
county,28121,454,110961,,27
county,28123,454,2983,,6
county,28127,454,,D,
county,28129,454,4294,,3
county,28131,454,1973,,3
county,28137,454,4513,,4
county,28139,454,,D,
county,28141,454,5276,,4
county,28151,454,7172,,5
county,28153,454,6853,,3
county,28159,454,,D,
county,29001,454,,D,
county,29007,454,,D,
county,29009,454,11459,,5
county,29015,454,,D,
county,29017,454,,D,
county,29019,454,497699,,41
county,29021,454,13750,,13
county,29023,454,3159,,5
county,29025,454,,D,
county,29027,454,11477,,9
county,29029,454,,D,
county,29031,454,,D,
county,29037,454,29513,,23
county,29039,454,3515,,4
county,29043,454,26963,,26
county,29047,454,239060,,46
county,29049,454,,D,
county,29051,454,23602,,16
county,29053,454,1521,,3
county,29055,454,4822,,8
county,29059,454,2855,,7
county,29061,454,,D,
county,29063,454,,D,
county,29065,454,,D,
county,29067,454,,D,
county,29069,454,,D,
county,29071,454,29392,,28
county,29073,454,,D,
county,29077,454,300107,,80
county,29081,454,1675,,3
county,29083,454,,D,
county,29085,454,808,,3
county,29087,454,,D,
county,29089,454,3936,,3
county,29091,454,42679,,21
county,29093,454,2060,,4
county,29095,454,295332,,138
county,29097,454,69722,,30
county,29099,454,43797,,36
county,29101,454,2405,,8
county,29105,454,,D,
county,29107,454,6114,,6
county,29109,454,10224,,5
county,29111,454,,D,
county,29113,454,27117,,9
county,29115,454,2465,,3
county,29117,454,3381,,5
county,29119,454,,D,
county,29121,454,,D,
county,29127,454,,D,
county,29131,454,,D,
county,29135,454,2109,,3
county,29137,454,,D,
county,29141,454,,D,
county,29145,454,57743,,17
county,29149,454,3785,,4
county,29151,454,19455,,7
county,29153,454,977,,5
county,29157,454,11778,,6
county,29159,454,2748,,5
county,29161,454,,D,
county,29163,454,,D,
county,29165,454,,D,
county,29167,454,7287,,12
county,29169,454,6636,,11
county,29171,454,,D,
county,29173,454,,D,
county,29175,454,8439,,5
county,29177,454,,D,
county,29183,454,269518,,103
county,29187,454,10104,,10
county,29189,454,11889034,,267
county,29201,454,16984,,13
county,29205,454,1731,,4
county,29209,454,3719,,6
county,29213,454,15695,,25
county,29215,454,11160,,9
county,29217,454,,D,
county,29219,454,,D,
county,29225,454,9618,,9
county,29229,454,,D,
county,29510,454,216693,,61
county,30001,454,10016,,4
county,30003,454,3889,,3
county,30007,454,,D,
county,30009,454,2829,,3
county,30013,454,22644,,20
county,30017,454,2122,,3
county,30027,454,,D,
county,30029,454,47342,,41
county,30031,454,105069,,78
county,30041,454,2361,,4
county,30047,454,10260,,13
county,30049,454,,D,
county,30053,454,9718,,9
county,30057,454,9485,,5
county,30063,454,57918,,57
county,30067,454,5835,,8
county,30081,454,31972,,23
county,30089,454,4374,,9
county,30093,454,8417,,11
county,30111,454,50158,,50
county,31001,454,20673,,8
county,31019,454,,D,
county,31031,454,,D,
county,31033,454,,D,
county,31037,454,11290,,5
county,31043,454,12360,,7
county,31045,454,3063,,3
county,31053,454,17176,,5
county,31055,454,1298844,,160
county,31067,454,,D,
county,31079,454,,D,
county,31081,454,19013,,7
county,31089,454,11791,,5
county,31095,454,,D,
county,31097,454,4077,,4
county,31109,454,455617,,92
county,31111,454,,D,
county,31119,454,11291,,6
county,31131,454,824,,3
county,31141,454,13180,,12
county,31143,454,121,,3
county,31151,454,,D,
county,31153,454,441247,,54
county,31155,454,,D,
county,31157,454,,D,
county,31169,454,,D,
county,31177,454,,D,
county,32003,454,1578410,,655
county,32005,454,24966,,26
county,32007,454,,D,
county,32013,454,6215,,4
county,32019,454,9358,,11
county,32023,454,12940,,14
county,32031,454,,D,
county,32510,454,42242,,24
county,33001,454,345550,,15
county,33003,454,90148,,28
county,33005,454,333448,,45
county,33007,454,47989,,15
county,33009,454,489509,,30
county,33011,454,1149322,,131
county,33013,454,231694,,53
county,33015,454,518594,,114
county,33017,454,149578,,32
county,33019,454,77903,,19
county,34001,454,83503,,50
county,34003,454,2572302,,358
county,34005,454,1308786,,78
county,34007,454,331575,,114
county,34009,454,218497,,19
county,34011,454,73013,,28
county,34013,454,1527781,,153
county,34015,454,155530,,64
county,34017,454,1694733,,152
county,34019,454,67478,,30
county,34021,454,2120857,,56
county,34023,454,4101535,,185
county,34025,454,437093,,178
county,34027,454,768233,,143
county,34029,454,648826,,205
county,34031,454,1569922,,98
county,34033,454,14925,,6
county,34035,454,1229199,,79
county,34037,454,70763,,41
county,34039,454,809996,,123
county,34041,454,116328,,27
county,35001,454,118959,,122
county,35003,454,1921,,3
county,35005,454,,D,
county,35006,454,3015,,4
county,35007,454,7132,,5
county,35009,454,3725,,7
county,35013,454,18742,,28
county,35015,454,12821,,5
county,35017,454,5722,,6
county,35023,454,,D,
county,35025,454,10222,,6
county,35027,454,2971,,5
county,35029,454,2078,,3
county,35031,454,17618,,8
county,35035,454,6999,,8
county,35039,454,,D,
county,35043,454,36503,,25
county,35045,454,,D,
county,35047,454,,D,
county,35049,454,39445,,45
county,35051,454,,D,
county,35053,454,1028,,3
county,35055,454,7604,,9
county,35057,454,7795,,5
county,35061,454,10299,,11
county,36001,454,328797,,69
county,36005,454,808230,,89
county,36007,454,,D,
county,36009,454,264810,,33
county,36011,454,20681,,18
county,36013,454,49803,,18
county,36015,454,,D,
county,36017,454,,D,
county,36019,454,38944,,18
county,36021,454,59584,,34
county,36023,454,20156,,12
county,36025,454,46744,,19
county,36027,454,239837,,79
county,36029,454,697906,,187
county,36031,454,31939,,16
county,36033,454,52878,,18
county,36035,454,48214,,15
county,36037,454,,D,
county,36039,454,29786,,27
county,36043,454,28367,,10
county,36045,454,50078,,21
county,36047,454,8587865,,1066
county,36051,454,35140,,7
county,36053,454,31258,,21
county,36055,454,314275,,160
county,36057,454,70391,,19
county,36059,454,3347578,,562
county,36061,454,14185661,,907
county,36063,454,42928,,36
county,36065,454,133863,,36
county,36067,454,239522,,76
county,36069,454,59093,,34
county,36071,454,553103,,177
county,36073,454,,D,
county,36075,454,85388,,19
county,36077,454,38851,,20
county,36079,454,78538,,42
county,36081,454,1261869,,542
county,36083,454,81119,,31
county,36085,454,104609,,110
county,36087,454,410400,,204
county,36089,454,,D,
county,36091,454,94019,,50
county,36093,454,,D,
county,36095,454,,D,
county,36099,454,29783,,6
county,36101,454,38623,,14
county,36103,454,2962076,,576
county,36105,454,71759,,22
county,36107,454,,D,
county,36109,454,19923,,24
county,36111,454,196112,,66
county,36113,454,14855,,14
county,36115,454,36117,,21
county,36117,454,74841,,21
county,36119,454,1040776,,277
county,36123,454,,D,
county,37001,454,52614,,34
county,37003,454,5107,,5
county,37005,454,,D,
county,37009,454,,D,
county,37011,454,,D,
county,37013,454,,D,
county,37015,454,,D,
county,37017,454,4501,,4
county,37019,454,50844,,25
county,37021,454,177887,,108
county,37023,454,9615,,13
county,37025,454,77973,,42
county,37027,454,15220,,13
county,37031,454,69203,,23
county,37033,454,2476,,3
county,37035,454,48587,,33
county,37037,454,69549,,18
county,37039,454,,D,
county,37041,454,2964,,4
county,37043,454,,D,
county,37045,454,27153,,17
county,37047,454,,D,
county,37049,454,18281,,21
county,37051,454,55040,,50
county,37053,454,,D,
county,37055,454,5304,,14
county,37057,454,99459,,29
county,37059,454,6532,,14
county,37061,454,,D,
county,37063,454,134768,,59
county,37067,454,338668,,98
county,37069,454,14023,,13
county,37071,454,28139,,24
county,37077,454,11893,,11
county,37079,454,,D,
county,37081,454,537001,,132
county,37083,454,17023,,12
county,37085,454,9691,,5
county,37087,454,,D,
county,37089,454,27915,,33
county,37091,454,2034,,3
county,37093,454,1378,,4
county,37097,454,71726,,54
county,37099,454,22459,,15
county,37101,454,96019,,31
county,37103,454,,D,
county,37105,454,22293,,10
county,37107,454,123037,,8
county,37109,454,38709,,30
county,37111,454,,D,
county,37113,454,,D,
county,37115,454,,D,
county,37117,454,2845,,4
county,37119,454,1325358,,307
county,37121,454,,D,
county,37123,454,,D,
county,37125,454,147226,,29
county,37127,454,,D,
county,37129,454,266517,,86
county,37131,454,42684,,5
county,37133,454,,D,
county,37135,454,291016,,33
county,37139,454,,D,
county,37141,454,7316,,14
county,37143,454,,D,
county,37145,454,14377,,7
county,37147,454,175484,,38
county,37149,454,,D,
county,37151,454,49030,,34
county,37153,454,,D,
county,37155,454,,D,
county,37157,454,10068,,12
county,37159,454,16908,,26
county,37161,454,24914,,14
county,37163,454,,D,
county,37165,454,,D,
county,37167,454,42647,,11
county,37169,454,18288,,6
county,37171,454,81090,,23
county,37175,454,,D,
county,37179,454,99950,,51
county,37181,454,18768,,9
county,37183,454,803922,,341
county,37185,454,2331,,4
county,37187,454,5799,,3
county,37189,454,47664,,28
county,37191,454,23368,,19
county,37193,454,,D,
county,37195,454,27053,,18
county,37197,454,7540,,6
county,37199,454,8386,,7
county,38015,454,,D,
county,38017,454,,D,
county,38035,454,83910,,13
county,38059,454,,D,
county,38067,454,,D,
county,38071,454,20898,,4
county,38075,454,,D,
county,38077,454,,D,
county,38079,454,23754,,3
county,38089,454,,D,
county,38093,454,,D,
county,38097,454,,D,
county,38099,454,6852,,4
county,38101,454,,D,
county,38103,454,21456,,5
county,38105,454,13281,,8
county,39001,454,5290,,4
county,39003,454,8064,,13
county,39005,454,15050,,8
county,39007,454,9504,,9
county,39009,454,138867,,16
county,39011,454,16386,,14
county,39013,454,12695,,7
county,39015,454,,D,
county,39017,454,4035835,,72
county,39019,454,2543,,4
county,39021,454,2538,,4
county,39023,454,26443,,18
county,39025,454,122232,,34
county,39027,454,2683,,4
county,39029,454,14702,,16
county,39031,454,11238,,6
county,39033,454,30818,,8
county,39035,454,898534,,224
county,39037,454,14931,,10
county,39039,454,,D,
county,39041,454,,D,
county,39043,454,32524,,13
county,39045,454,30384,,19
county,39047,454,13710,,7
county,39049,454,5891217,,224
county,39051,454,24814,,12
county,39053,454,,D,
county,39055,454,146219,,32
county,39057,454,37456,,27
county,39059,454,,D,
county,39061,454,1069670,,144
county,39063,454,20066,,9
county,39071,454,13277,,10
county,39075,454,14596,,9
county,39077,454,6458,,6
county,39079,454,4722,,4
county,39081,454,,D,
county,39083,454,8292,,10
county,39085,454,142109,,44
county,39087,454,10753,,9
county,39089,454,,D,
county,39091,454,,D,
county,39093,454,132795,,51
county,39095,454,219287,,56
county,39097,454,,D,
county,39099,454,136417,,42
county,39101,454,19487,,7
county,39103,454,306774,,40
county,39107,454,20213,,10
county,39109,454,143280,,20
county,39113,454,1657847,,79
county,39117,454,,D,
county,39119,454,37620,,14
county,39123,454,2334,,3
county,39129,454,,D,
county,39131,454,1083,,4
county,39133,454,59505,,26
county,39135,454,21363,,6
county,39137,454,35634,,12
county,39139,454,22978,,16
county,39141,454,21323,,12
county,39143,454,18145,,13
county,39145,454,10131,,6
county,39147,454,40023,,15
county,39149,454,12915,,5
county,39151,454,394116,,82
county,39153,454,895186,,104
county,39155,454,157944,,40
county,39157,454,24614,,21
county,39159,454,52281,,11
county,39161,454,1675,,3
county,39165,454,132150,,56
county,39167,454,9936,,8
county,39169,454,44354,,25
county,39171,454,17430,,11
county,39173,454,17847,,21
county,40001,454,2163,,4
county,40005,454,2481,,8
county,40011,454,645,,3
county,40013,454,8068,,5
county,40015,454,2374,,4
county,40017,454,17095,,18
county,40019,454,9843,,9
county,40021,454,5140,,5
county,40027,454,54907,,64
county,40031,454,14634,,18
county,40037,454,4756,,6
county,40039,454,1508,,4
county,40041,454,9494,,8
county,40043,454,6731,,3
county,40047,454,,D,
county,40049,454,,D,
county,40051,454,10676,,9
county,40071,454,39905,,8
county,40079,454,,D,
county,40081,454,6024,,6
county,40083,454,47454,,11
county,40087,454,3909,,12
county,40089,454,1583,,3
county,40093,454,,D,
county,40097,454,4590,,5
county,40099,454,25568,,6
county,40101,454,15902,,11
county,40103,454,2493,,3
county,40107,454,5221,,3
county,40109,454,1739519,,193
county,40111,454,1400,,4
county,40115,454,732,,4
county,40117,454,,D,
county,40119,454,76298,,15
county,40121,454,3532,,6
county,40123,454,,D,
county,40125,454,11321,,14
county,40131,454,22293,,18
county,40133,454,2210,,4
county,40137,454,11353,,7
county,40139,454,2013,,5
county,40143,454,433146,,136
county,40145,454,7267,,11
county,40147,454,2496,,4
county,40149,454,4854,,3
county,40151,454,,D,
county,40153,454,1610,,4
county,41001,454,,D,
county,41003,454,19457,,21
county,41005,454,201820,,141
county,41007,454,9092,,9
county,41009,454,,D,
county,41011,454,6631,,7
county,41013,454,,D,
county,41015,454,3023,,3
county,41017,454,84272,,94
county,41019,454,18447,,21
county,41023,454,571,,3
county,41027,454,41061,,19
county,41029,454,585308,,80
county,41033,454,93896,,40
county,41035,454,3445,,11
county,41039,454,205614,,108
county,41041,454,7399,,12
county,41043,454,24277,,29
county,41047,454,169327,,87
county,41051,454,772586,,280
county,41053,454,8514,,14
county,41057,454,,D,
county,41059,454,,D,
county,41061,454,17792,,8
county,41063,454,1891,,4
county,41065,454,5823,,10
county,41067,454,1810153,,181
county,41071,454,23000,,38
county,42001,454,98859,,22
county,42003,454,37903670,,232
county,42005,454,12665,,10
county,42007,454,39321,,27
county,42009,454,,D,
county,42011,454,285422,,90
county,42013,454,77019,,27
county,42015,454,,D,
county,42017,454,718915,,263
county,42019,454,80308,,33
county,42021,454,,D,
county,42025,454,35661,,15
county,42027,454,96136,,30
county,42029,454,7357575,,151
county,42031,454,,D,
county,42033,454,,D,
county,42035,454,,D,
county,42037,454,34802,,14
county,42039,454,41801,,21
county,42041,454,2050926,,76
county,42043,454,336913,,62
county,42045,454,449186,,104
county,42047,454,,D,
county,42049,454,54489,,48
county,42051,454,70490,,25
county,42055,454,47256,,23
county,42059,454,,D,
county,42061,454,17513,,9
county,42063,454,454336,,18
county,42065,454,,D,
county,42067,454,,D,
county,42069,454,96701,,45
county,42071,454,1137959,,166
county,42073,454,,D,
county,42075,454,49835,,25
county,42077,454,3044995,,112
county,42079,454,675332,,73
county,42081,454,108206,,25
county,42083,454,,D,
county,42085,454,49364,,32
county,42087,454,,D,
county,42089,454,77147,,45
county,42091,454,2822437,,248
county,42093,454,4508,,6
county,42095,454,581771,,82
county,42097,454,58074,,19
county,42099,454,20106,,11
county,42101,454,2536071,,204
county,42103,454,18200,,7
county,42107,454,96823,,43
county,42109,454,,D,
county,42111,454,65502,,22
county,42115,454,,D,
county,42117,454,,D,
county,42119,454,26188,,10
county,42121,454,4949,,5
county,42123,454,,D,
county,42125,454,24267,,30
county,42127,454,,D,
county,42129,454,186871,,71
county,42131,454,46183,,10
county,42133,454,771855,,88
county,44001,454,35747,,8
county,44003,454,144846,,55
county,44005,454,87892,,32
county,44007,454,545173,,148
county,44009,454,112561,,40
county,45003,454,21547,,13
county,45007,454,80097,,37
county,45011,454,,D,
county,45013,454,45802,,37
county,45015,454,67520,,30
county,45017,454,,D,
county,45019,454,180479,,115
county,45021,454,37512,,9
county,45023,454,930,,4
county,45027,454,8607,,5
county,45029,454,1263,,4
county,45031,454,9681,,8
county,45035,454,16456,,22
county,45037,454,,D,
county,45039,454,,D,
county,45041,454,25503,,18
county,45043,454,35191,,15
county,45045,454,395391,,117
county,45047,454,,D,
county,45049,454,,D,
county,45051,454,81489,,82
county,45053,454,10973,,7
county,45055,454,,D,
county,45057,454,13277,,16
county,45063,454,1249485,,71
county,45071,454,1159,,3
county,45073,454,13713,,14
county,45075,454,41168,,16
county,45077,454,,D,
county,45079,454,359799,,45
county,45083,454,732289,,54
county,45085,454,43712,,9
county,45087,454,2359,,3
county,45089,454,1319,,4
county,45091,454,137359,,58
county,46011,454,,D,
county,46013,454,18063,,13
county,46019,454,6210,,4
county,46029,454,21820,,11
county,46033,454,7524,,5
county,46035,454,6635,,6
county,46039,454,,D,
county,46045,454,1734,,6
county,46051,454,,D,
county,46065,454,,D,
county,46067,454,766,,3
county,46079,454,1555,,3
county,46081,454,,D,
county,46083,454,16264,,25
county,46093,454,9219,,12
county,46099,454,151481,,63
county,46103,454,44942,,28
county,46109,454,,D,
county,46115,454,1468,,3
county,46123,454,3321,,4
county,46125,454,,D,
county,46127,454,12560,,5
county,46129,454,8355,,4
county,46135,454,6126,,10
county,47001,454,4990,,6
county,47003,454,22081,,10
county,47009,454,57321,,17
county,47011,454,,D,
county,47013,454,,D,
county,47017,454,,D,
county,47019,454,7520,,7
county,47021,454,1672,,6
county,47023,454,,D,
county,47025,454,1825,,4
county,47031,454,7237,,13
county,47035,454,6036,,13
county,47037,454,697525,,180
county,47043,454,,D,
county,47045,454,10989,,5
county,47047,454,,D,
county,47051,454,,D,
county,47053,454,,D,
county,47055,454,7329,,5
county,47059,454,13767,,12
county,47063,454,4290,,11
county,47065,454,1750433,,85
county,47071,454,2291,,3
county,47073,454,797,,3
county,47077,454,,D,
county,47079,454,,D,
county,47081,454,42941,,6
county,47089,454,16261,,6
county,47091,454,10722,,6
county,47093,454,840151,,100
county,47099,454,,D,
county,47101,454,,D,
county,47103,454,9887,,10
county,47105,454,24355,,6
county,47107,454,,D,
county,47109,454,,D,
county,47111,454,2403,,3
county,47113,454,84836,,21
county,47119,454,8774,,7
county,47123,454,,D,
county,47125,454,31391,,16
county,47131,454,,D,
county,47135,454,2916,,3
county,47139,454,,D,
county,47141,454,,D,
county,47143,454,,D,
county,47145,454,3337,,5
county,47147,454,17879,,11
county,47149,454,932631,,42
county,47153,454,2492,,3
county,47155,454,12291,,20
county,47157,454,9971146,,148
county,47159,454,,D,
county,47163,454,36434,,25
county,47165,454,35834,,33
county,47167,454,,D,
county,47177,454,,D,
county,47179,454,73468,,30
county,47183,454,,D,
county,47185,454,,D,
county,47187,454,149938,,69
county,47189,454,35078,,25
county,48001,454,3346,,6
county,48005,454,10795,,15
county,48007,454,1273,,5
county,48013,454,2169,,3
county,48021,454,,D,
county,48027,454,15726,,23
county,48029,454,901335,,220
county,48031,454,13326,,6
county,48035,454,6567,,4
county,48037,454,44262,,11
county,48039,454,37392,,45
county,48041,454,72702,,40
county,48049,454,5264,,6
county,48051,454,2436,,4
county,48053,454,6734,,7
county,48055,454,,D,
county,48061,454,45409,,29
county,48067,454,4286,,3
county,48071,454,9430,,7
county,48073,454,34138,,9
county,48077,454,,D,
county,48085,454,3504746,,271
county,48089,454,,D,
county,48091,454,52547,,35
county,48097,454,11658,,5
county,48099,454,,D,
county,48113,454,6611718,,568
county,48121,454,210920,,162
county,48133,454,1734,,4
county,48135,454,,D,
county,48139,454,17811,,25
county,48141,454,135244,,83
county,48143,454,16989,,12
county,48147,454,,D,
county,48149,454,8668,,8
county,48157,454,166530,,160
county,48159,454,5265,,4
county,48165,454,,D,
county,48167,454,28450,,39
county,48171,454,13315,,14
county,48177,454,1284,,3
county,48179,454,2883,,4
county,48181,454,32209,,22
county,48183,454,21827,,21
county,48185,454,3091,,4
county,48187,454,31047,,28
county,48189,454,,D,
county,48199,454,11625,,8
county,48201,454,2274161,,645
county,48203,454,4625,,5
county,48209,454,,D,
county,48213,454,,D,
county,48215,454,74000,,61
county,48217,454,5423,,8
county,48221,454,,D,
county,48223,454,46538,,8
county,48227,454,,D,
county,48231,454,39297,,18
county,48241,454,10497,,8
county,48245,454,177460,,32
county,48251,454,9268,,26
county,48257,454,18147,,14
county,48259,454,30761,,12
county,48265,454,26702,,8
county,48277,454,22248,,8
county,48285,454,1401,,5
county,48291,454,7485,,12
county,48293,454,5442,,3
county,48299,454,,D,
county,48303,454,,D,
county,48307,454,,D,
county,48309,454,,D,
county,48325,454,,D,
county,48329,454,,D,
county,48331,454,2916,,4
county,48339,454,124291,,102
county,48347,454,19789,,11
county,48349,454,,D,
county,48355,454,67886,,53
county,48361,454,3848,,4
county,48363,454,5460,,5
county,48367,454,20293,,24
county,48371,454,2172,,3
county,48373,454,2487,,3
county,48375,454,38446,,16
county,48381,454,,D,
county,48387,454,14871,,8
county,48397,454,43457,,26
county,48401,454,2111,,5
county,48409,454,1766,,3
county,48411,454,2218,,3
county,48419,454,8265,,6
county,48423,454,78698,,38
county,48425,454,,D,
county,48427,454,,D,
county,48439,454,3859074,,355
county,48441,454,65939,,27
county,48449,454,,D,
county,48451,454,17799,,21
county,48453,454,1658700,,416
county,48459,454,5122,,8
county,48463,454,,D,
county,48467,454,8778,,11
county,48469,454,,D,
county,48471,454,,D,
county,48473,454,,D,
county,48477,454,7364,,7
county,48479,454,21568,,28
county,48481,454,,D,
county,48485,454,13831,,26
county,48491,454,1700985,,142
county,48493,454,5644,,5
county,48497,454,20235,,12
county,48499,454,5947,,4
county,48503,454,,D,
county,49003,454,16417,,33
county,49005,454,485569,,138
county,49007,454,3129,,6
county,49011,454,465213,,219
county,49013,454,8712,,9
county,49015,454,3360,,11
county,49019,454,,D,
county,49021,454,22605,,34
county,49023,454,1084,,6
county,49025,454,,D,
county,49027,454,2092,,5
county,49029,454,2194,,5
county,49035,454,5164299,,570
county,49039,454,15013,,16
county,49041,454,10496,,7
county,49043,454,,D,
county,49045,454,1098,,9
county,49047,454,,D,
county,49049,454,1538117,,735
county,49051,454,,D,
county,49053,454,85132,,115
county,49055,454,,D,
county,49057,454,71320,,96
county,50001,454,162324,,19
county,50003,454,151232,,15
county,50005,454,,D,
county,50007,454,284970,,81
county,50011,454,,D,
county,50013,454,,D,
county,50015,454,69237,,16
county,50017,454,21187,,6
county,50019,454,35711,,15
county,50021,454,97128,,40
county,50023,454,72121,,25
county,50025,454,97127,,28
county,50027,454,69932,,22
county,51001,454,,D,
county,51003,454,276185,,25
county,51005,454,14101,,7
county,51009,454,,D,
county,51013,454,62513,,29
county,51015,454,28672,,22
county,51019,454,,D,
county,51023,454,,D,
county,51029,454,,D,
county,51031,454,,D,
county,51041,454,1481410,,61
county,51043,454,24781,,4
county,51047,454,20408,,12
county,51057,454,291,,3
county,51059,454,532728,,194
county,51061,454,21427,,15
county,51063,454,8108,,7
county,51065,454,11251,,11
county,51067,454,17033,,12
county,51069,454,,D,
county,51071,454,9865,,3
county,51073,454,15538,,9
county,51075,454,,D,
county,51077,454,3387,,3
county,51079,454,,D,
county,51085,454,80328,,41
county,51087,454,253217,,74
county,51089,454,28185,,10
county,51093,454,9703,,6
county,51095,454,15142,,13
county,51101,454,,D,
county,51103,454,10887,,7
county,51105,454,,D,
county,51107,454,248168,,94
county,51109,454,97,,3
county,51113,454,,D,
county,51117,454,22015,,8
county,51119,454,6669,,8
county,51121,454,5241,,11
county,51125,454,,D,
county,51127,454,,D,
county,51133,454,3300,,4
county,51137,454,4894,,8
county,51139,454,5279,,4
county,51141,454,,D,
county,51143,454,19532,,6
county,51145,454,52964,,16
county,51149,454,,D,
county,51153,454,76965,,78
county,51155,454,,D,
county,51161,454,57131,,20
county,51163,454,13667,,5
county,51165,454,8607,,13
county,51167,454,3615,,4
county,51171,454,13598,,12
county,51173,454,6234,,5
county,51177,454,39865,,27
county,51179,454,9679,,24
county,51185,454,14033,,9
county,51187,454,,D,
county,51191,454,7239,,7
county,51195,454,,D,
county,51197,454,14056,,5
county,51199,454,,D,
county,51510,454,58516,,32
county,51520,454,,D,
county,51540,454,19246,,17
county,51550,454,139871,,50
county,51590,454,12198,,10
county,51600,454,13909,,9
county,51610,454,3954,,4
county,51630,454,34872,,14
county,51640,454,7691,,6
county,51650,454,29248,,8
county,51660,454,49118,,13
county,51680,454,,D,
county,51683,454,23869,,13
county,51690,454,4685,,10
county,51700,454,12820,,13
county,51710,454,94371,,37
county,51730,454,,D,
county,51740,454,3580,,6
county,51760,454,116327,,47
county,51770,454,661411,,31
county,51775,454,7797,,9
county,51790,454,,D,
county,51800,454,116092,,8
county,51810,454,217552,,88
county,51840,454,35877,,17
county,53003,454,2616,,5
county,53005,454,49565,,38
county,53007,454,19190,,22
county,53009,454,23343,,30
county,53011,454,552596,,124
county,53015,454,17113,,13
county,53017,454,4331,,4
county,53021,454,5831,,11
county,53025,454,31346,,17
county,53027,454,23136,,16
county,53029,454,14914,,21
county,53031,454,11415,,17
county,53033,454,58802931,,737
county,53035,454,56468,,48
county,53037,454,,D,
county,53039,454,3976,,7
county,53041,454,27412,,18
county,53045,454,43577,,13
county,53047,454,12718,,11
county,53053,454,1951198,,154
county,53055,454,14203,,13
county,53057,454,70784,,35
county,53061,454,353223,,173
county,53063,454,617072,,154
county,53065,454,,D,
county,53067,454,101531,,63
county,53071,454,,D,
county,53073,454,165776,,92
county,53075,454,10270,,5
county,53077,454,88688,,33
county,54003,454,11241,,9
county,54011,454,23867,,15
county,54019,454,,D,
county,54025,454,9089,,9
county,54029,454,,D,
county,54033,454,10424,,11
county,54037,454,,D,
county,54039,454,14580,,16
county,54049,454,,D,
county,54055,454,5528,,6
county,54057,454,,D,
county,54061,454,,D,
county,54065,454,8922,,5
county,54067,454,7385,,6
county,54069,454,,D,
county,54077,454,,D,
county,54079,454,3993,,4
county,54081,454,,D,
county,54089,454,,D,
county,54099,454,,D,
county,54107,454,50048,,15
county,55001,454,5952,,6
county,55003,454,,D,
county,55005,454,21205,,14
county,55009,454,94179,,66
county,55011,454,9848,,5
county,55013,454,2894,,3
county,55015,454,18888,,13
county,55017,454,359585,,20
county,55019,454,,D,
county,55021,454,,D,
county,55023,454,,D,
county,55025,454,2174358,,155
county,55027,454,34233,,23
county,55029,454,23742,,12
county,55031,454,30858,,12
county,55033,454,19925,,7
county,55035,454,219124,,18
county,55039,454,16511,,20
county,55043,454,16582,,11
county,55045,454,,D,
county,55047,454,13155,,5
county,55049,454,,D,
county,55051,454,1681,,4
county,55055,454,21202,,22
county,55057,454,2777,,7
county,55059,454,3329487,,33
county,55061,454,11879,,7
county,55063,454,,D,
county,55067,454,6157,,8
county,55069,454,,D,
county,55071,454,44376,,20
county,55073,454,,D,
county,55075,454,26266,,13
county,55079,454,377470,,161
county,55081,454,6161,,9
county,55083,454,4550,,5
county,55085,454,67755,,22
county,55087,454,94984,,60
county,55089,454,40460,,29
county,55093,454,18388,,8
county,55095,454,35451,,14
county,55097,454,38004,,22
county,55099,454,,D,
county,55101,454,120601,,46
county,55103,454,5417,,4
county,55105,454,209144,,34
county,55107,454,21252,,8
county,55109,454,322886,,34
county,55111,454,10738,,9
county,55113,454,5647,,5
county,55115,454,,D,
county,55117,454,50223,,38
county,55119,454,10609,,4
county,55121,454,,D,
county,55123,454,9658,,12
county,55125,454,8193,,16
county,55127,454,38176,,35
county,55129,454,,D,
county,55131,454,150774,,30
county,55133,454,318147,,121
county,55135,454,19024,,8
county,55137,454,15715,,6
county,55139,454,238758,,41
county,55141,454,97824,,24
county,56001,454,7364,,11
county,56005,454,13796,,14
county,56007,454,3636,,8
county,56009,454,,D,
county,56013,454,60466,,13
county,56019,454,,D,
county,56021,454,54180,,50
county,56023,454,10478,,14
county,56025,454,10910,,22
county,56029,454,8229,,13
county,56033,454,17978,,12
county,56035,454,9138,,5
county,56037,454,5300,,8
county,56039,454,31059,,34
county,56041,454,6115,,7
county,56043,454,1306,,3
state,01,44-45,63740433,,17958
state,02,44-45,10384771,,2480
state,04,44-45,104365600,,17918
state,05,44-45,40174079,,10925
state,06,44-45,594861377,,108233
state,08,44-45,84930644,,19056
state,09,44-45,55404479,,12391
state,10,44-45,17667905,,3648
state,11,44-45,5533913,,1743
state,12,44-45,333134553,,74496
state,13,44-45,148624614,,34100
state,15,44-45,21658911,,4644
state,16,44-45,24936131,,6133
state,17,44-45,173473922,,38189
state,18,44-45,102106020,,21327
state,19,44-45,50063082,,11479
state,20,44-45,39337533,,10095
state,21,44-45,64294266,,15021
state,22,44-45,65000819,,16564
state,23,44-45,23878653,,6250
state,24,44-45,84966185,,17911
state,25,44-45,110194522,,23928
state,26,44-45,143437054,,34201
state,27,44-45,91993636,,18827
state,28,44-45,36920630,,11525
state,29,44-45,100393968,,20694
state,30,44-45,16935827,,4754
state,31,44-45,31214697,,7154
state,32,44-45,45110663,,8745
state,33,44-45,30039361,,6032
state,34,44-45,149171300,,31200
state,35,44-45,26404284,,6335
state,36,44-45,291724887,,78260
state,37,44-45,141134258,,34926
state,38,44-45,19251127,,3277
state,39,44-45,174299745,,35500
state,40,44-45,53382094,,12963
state,41,44-45,61699338,,14318
state,42,44-45,234836340,,42514
state,44,44-45,13843531,,3769
state,45,44-45,69980063,,17700
state,46,44-45,14673737,,3884
state,47,44-45,101978270,,22593
state,48,44-45,417231877,,80874
state,49,44-45,50008311,,9995
state,50,44-45,10811281,,3219
state,51,44-45,120162088,,27134
state,53,44-45,160284785,,21751
state,54,44-45,23057778,,5963
state,55,44-45,91763765,,18908
state,56,44-45,9124374,,2583
state,01,441,16691691,,2366
state,02,441,2105698,,291
state,04,441,25808220,,2059
state,05,441,10760717,,1558
state,06,441,133804387,,10140
state,08,441,21229968,,1990
state,09,441,12979633,,1173
state,10,441,3970928,,377
state,11,441,31364,,28
state,12,441,89004633,,8575
state,13,441,36066559,,3939
state,15,441,3843037,,333
state,16,441,7323124,,918
state,17,441,40452438,,3989
state,18,441,23316901,,2818
state,19,441,12880702,,1684
state,20,441,9823295,,1374
state,21,441,13716188,,1966
state,22,441,16237131,,1893
state,23,441,5120082,,833
state,24,441,21309819,,1680
state,25,441,24651261,,2147
state,26,441,38391570,,3894
state,27,441,21265315,,2262
state,28,441,8724393,,1525
state,29,441,22347290,,2892
state,30,441,4551114,,674
state,31,441,7594931,,1037
state,32,441,10168674,,821
state,33,441,7662693,,802
state,34,441,35879368,,2537
state,35,441,6579521,,821
state,36,441,54511492,,4877
state,37,441,36895727,,4488
state,38,441,4027692,,450
state,39,441,42890035,,4600
state,40,441,14156931,,1710
state,41,441,14276600,,1591
state,42,441,45990378,,4796
state,44,441,3011840,,411
state,45,441,16653062,,2138
state,46,441,4459366,,548
state,47,441,22856206,,2798
state,48,441,115601363,,10046
state,49,441,12437841,,1175
state,50,441,2900805,,365
state,51,441,29156437,,3271
state,53,441,24494967,,2574
state,54,441,5496758,,846
state,55,441,21470533,,2434
state,56,441,2188548,,368
state,01,442,1362176,,914
state,02,442,190171,,108
state,04,442,2436003,,959
state,05,442,838232,,535
state,06,442,12843483,,5200
state,08,442,2482208,,908
state,09,442,1583663,,638
state,10,442,496010,,209
state,11,442,185187,,84
state,12,442,9512727,,3936
state,13,442,3744901,,1646
state,15,442,370793,,169
state,16,442,600187,,297
state,17,442,4246842,,1850
state,18,442,1895350,,996
state,19,442,981778,,551
state,20,442,1314166,,465
state,21,442,1122872,,638
state,22,442,1442664,,714
state,23,442,425083,,289
state,24,442,2034479,,913
state,25,442,2893929,,1125
state,26,442,3048905,,1340
state,27,442,2032226,,867
state,28,442,641108,,451
state,29,442,1741180,,940
state,30,442,415852,,267
state,31,442,783793,,259
state,32,442,1114360,,380
state,33,442,710584,,314
state,34,442,3741035,,1516
state,35,442,462625,,314
state,36,442,7159218,,3386
state,37,442,3440680,,1886
state,38,442,335576,,151
state,39,442,3453777,,1569
state,40,442,1085997,,545
state,41,442,1631014,,778
state,42,442,3839462,,1942
state,44,442,341509,,164
state,45,442,1579388,,909
state,46,442,310438,,160
state,47,442,2061173,,996
state,48,442,10328437,,3861
state,49,442,1426714,,501
state,50,442,188635,,147
state,51,442,3045772,,1455
state,53,442,2615414,,1076
state,54,442,330112,,240
state,55,442,1813992,,979
state,56,442,141563,,127
state,01,443,834480,,440
state,02,443,148185,,61
state,04,443,1798437,,524
state,05,443,503456,,264
state,06,443,12347002,,3404
state,08,443,1905496,,561
state,09,443,1145044,,353
state,10,443,322086,,101
state,11,443,221355,,25
state,12,443,8166697,,2137
state,13,443,2514150,,921
state,15,443,368632,,108
state,16,443,361931,,178
state,17,443,3874095,,1185
state,18,443,1485385,,618
state,19,443,751409,,378
state,20,443,614722,,298
state,21,443,801555,,379
state,22,443,960713,,407
state,23,443,314910,,129
state,24,443,1587204,,550
state,25,443,2197894,,621
state,26,443,2665038,,1093
state,27,443,1728575,,537
state,28,443,443078,,261
state,29,443,1255565,,545
state,30,443,217886,,141
state,31,443,578185,,195
state,32,443,962116,,232
state,33,443,625511,,155
state,34,443,2860769,,898
state,35,443,404272,,170
state,36,443,7432279,,2385
state,37,443,2399998,,827
state,38,443,275129,,118
state,39,443,2714386,,1063
state,40,443,921185,,343
state,41,443,1613690,,420
state,42,443,2669309,,1172
state,44,443,278647,,118
state,45,443,1017269,,416
state,46,443,209652,,123
state,47,443,1390271,,547
state,48,443,8036829,,2509
state,49,443,751052,,296
state,50,443,128347,,70
state,51,443,2216899,,798
state,53,443,2330722,,602
state,54,443,193333,,112
state,55,443,1483586,,567
state,56,443,75767,,85
state,01,444,5416986,,1330
state,02,444,1033954,,198
state,04,444,5569365,,1087
state,05,444,3237606,,909
state,06,444,34015449,,6628
state,08,444,6772056,,1326
state,09,444,4072477,,931
state,10,444,1471107,,240
state,11,444,234320,,42
state,12,444,21290242,,4231
state,13,444,10309322,,2043
state,15,444,1498901,,251
state,16,444,2055007,,575
state,17,444,11988578,,2539
state,18,444,8856566,,1783
state,19,444,4408089,,1176
state,20,444,3223387,,964
state,21,444,5167607,,1270
state,22,444,5257204,,1291
state,23,444,2130350,,579
state,24,444,6139035,,1038
state,25,444,7939473,,1628
state,26,444,11284875,,2611
state,27,444,7603525,,1699
state,28,444,3116644,,867
state,29,444,7699677,,1902
state,30,444,2085752,,563
state,31,444,3028070,,752
state,32,444,2488206,,394
state,33,444,2807084,,556
state,34,444,9545741,,1866
state,35,444,2025034,,474
state,36,444,18249536,,4512
state,37,444,10631148,,2414
state,38,444,1569106,,365
state,39,444,12438433,,2785
state,40,444,4233527,,1147
state,41,444,5251567,,1215
state,42,444,12886105,,3168
state,44,444,1081691,,253
state,45,444,5451727,,1206
state,46,444,1483078,,402
state,47,444,8524595,,1745
state,48,444,28228672,,5213
state,49,444,3672279,,705
state,50,444,970554,,303
state,51,444,8967121,,1688
state,53,444,8292339,,1774
state,54,444,1841304,,485
state,55,444,8501444,,1673
state,56,444,905644,,258
state,01,445,7038581,,1572
state,02,445,1891122,,393
state,04,445,14338904,,1684
state,05,445,4652412,,1059
state,06,445,96204165,,17358
state,08,445,17052542,,2723
state,09,445,10318491,,2326
state,10,445,2354882,,579
state,11,445,1624160,,554
state,12,445,48063020,,9229
state,13,445,23469742,,4418
state,15,445,3590644,,638
state,16,445,3088367,,535
state,17,445,26185403,,5642
state,18,445,11981617,,2447
state,19,445,6516618,,950
state,20,445,6300246,,1371
state,21,445,9686548,,1674
state,22,445,7777162,,1824
state,23,445,4062343,,765
state,24,445,14811031,,3570
state,25,445,21506093,,5048
state,26,445,17559963,,5170
state,27,445,10559911,,2440
state,28,445,4312900,,1171
state,29,445,10168836,,1972
state,30,445,2337299,,432
state,31,445,3709371,,692
state,32,445,6635129,,889
state,33,445,5097651,,637
state,34,445,25656564,,6861
state,35,445,3634944,,475
state,36,445,49014366,,18705
state,37,445,19927000,,3797
state,38,445,1368819,,333
state,39,445,27207172,,4724
state,40,445,4975142,,1351
state,41,445,9853968,,2204
state,42,445,30342187,,6741
state,44,445,2857654,,666
state,45,445,9959781,,1995
state,46,445,1488784,,352
state,47,445,10347859,,2309
state,48,445,61419032,,9463
state,49,445,5864374,,706
state,50,445,1996602,,487
state,51,445,19624011,,3560
state,53,445,17376443,,2952
state,54,445,3115370,,540
state,55,445,11119134,,2020
state,56,445,1330869,,235
state,01,446,5364951,,1719
state,02,446,374471,,127
state,04,446,5691611,,1673
state,05,446,2352287,,880
state,06,446,35424552,,10289
state,08,446,3428192,,1265
state,09,446,5351748,,1126
state,10,446,1277351,,317
state,11,446,1212596,,220
state,12,446,23652459,,7516
state,13,446,8485626,,3116
state,15,446,1793933,,401
state,16,446,895501,,332
state,17,446,12976805,,3501
state,18,446,6588523,,1739
state,19,446,2316586,,790
state,20,446,2122327,,802
state,21,446,4507900,,1367
state,22,446,5287782,,1669
state,23,446,1330659,,327
state,24,446,6210643,,1767
state,25,446,8736600,,1927
state,26,446,9851696,,3536
state,27,446,4057736,,1350
state,28,446,2851303,,1039
state,29,446,5752407,,1731
state,30,446,536256,,262
state,31,446,1588939,,537
state,32,446,2787397,,826
state,33,446,1428333,,415
state,34,446,11931641,,3211
state,35,446,1357386,,415
state,36,446,30291055,,8368
state,37,446,10538734,,2926
state,38,446,679773,,262
state,39,446,10139594,,3062
state,40,446,3377922,,1070
state,41,446,2205945,,858
state,42,446,14467856,,4140
state,44,446,1633374,,341
state,45,446,4882147,,1490
state,46,446,558569,,213
state,47,446,6923999,,1958
state,48,446,24669646,,7068
state,49,446,1627356,,676
state,50,446,645999,,168
state,51,446,7133819,,2217
state,53,446,4759614,,1588
state,54,446,2045069,,618
state,55,446,5106419,,1337
state,56,446,258579,,114
state,01,447,8359335,,3223
state,02,447,694598,,187
state,04,447,9488936,,1664
state,05,447,5477707,,1552
state,06,447,44471722,,7926
state,08,447,7159046,,1757
state,09,447,3992786,,1096
state,10,447,1695914,,256
state,11,447,186807,,84
state,12,447,26527325,,6822
state,13,447,16997111,,5134
state,15,447,1237520,,249
state,16,447,3124577,,685
state,17,447,16964273,,3901
state,18,447,12277960,,2708
state,19,447,7368105,,1757
state,20,447,4808955,,1122
state,21,447,8277517,,1993
state,22,447,8922832,,2487
state,23,447,2888901,,800
state,24,447,7170190,,1639
state,25,447,7665405,,2058
state,26,447,13898431,,3630
state,27,447,9724871,,2161
state,28,447,5458857,,1991
state,29,447,13613821,,2717
state,30,447,2070453,,512
state,31,447,4250967,,992
state,32,447,4574880,,875
state,33,447,2388591,,586
state,34,447,10690799,,2351
state,35,447,3952824,,845
state,36,447,16510657,,4947
state,37,447,15444225,,4598
state,38,447,2318817,,467
state,39,447,19147040,,3892
state,40,447,7907583,,1862
state,41,447,4786524,,986
state,42,447,19687208,,3874
state,44,447,1157701,,320
state,45,447,9578186,,2593
state,46,447,2343448,,628
state,47,447,10811373,,3429
state,48,447,45700758,,11338
state,49,447,4573668,,848
state,50,447,1222644,,430
state,51,447,13405905,,3486
state,53,447,7111946,,2000
state,54,447,3643649,,957
state,55,447,11446988,,2618
state,56,447,1887233,,336
state,01,448,2632124,,2159
state,02,448,361876,,275
state,04,448,4506885,,2562
state,05,448,1285646,,1216
state,06,448,39609173,,17413
state,08,448,3895329,,2358
state,09,448,3239148,,1670
state,10,448,898073,,532
state,11,448,741719,,321
state,12,448,22967416,,11524
state,13,448,7183132,,4609
state,15,448,2744475,,1272
state,16,448,661474,,556
state,17,448,9621629,,5339
state,18,448,3296284,,2277
state,19,448,1389738,,1213
state,20,448,1479826,,1108
state,21,448,2066962,,1625
state,22,448,2904191,,2345
state,23,448,773772,,574
state,24,448,4744357,,2665
state,25,448,6795765,,3378
state,26,448,5351653,,3816
state,27,448,3289328,,2255
state,28,448,1530999,,1490
state,29,448,3244661,,2395
state,30,448,402876,,423
state,31,448,926665,,786
state,32,448,4526451,,1729
state,33,448,1224505,,744
state,34,448,9257133,,4909
state,35,448,993265,,817
state,36,448,26793892,,11871
state,37,448,6148634,,4261
state,38,448,374505,,372
state,39,448,6013449,,4122
state,40,448,2073468,,1471
state,41,448,2805661,,1570
state,42,448,8554567,,5237
state,44,448,709511,,496
state,45,448,3342892,,2402
state,46,448,363496,,396
state,47,448,4147922,,2871
state,48,448,22228462,,11820
state,49,448,1775522,,1204
state,50,448,325660,,279
state,51,448,6086192,,3516
state,53,448,4813918,,2496
state,54,448,619236,,518
state,55,448,2623555,,2051
state,56,448,212574,,226
state,01,451,1180839,,565
state,02,451,308707,,181
state,04,451,1495884,,849
state,05,451,786270,,396
state,06,451,8769640,,4711
state,08,451,2247853,,1285
state,09,451,896107,,586
state,10,451,289632,,162
state,11,451,122691,,65
state,12,451,4593616,,2927
state,13,451,2239736,,1099
state,15,451,256847,,216
state,16,451,576654,,367
state,17,451,2479748,,1580
state,18,451,1625951,,946
state,19,451,846636,,524
state,20,451,834215,,405
state,21,451,957378,,577
state,22,451,1220962,,493
state,23,451,482008,,311
state,24,451,1270698,,693
state,25,451,1842280,,1129
state,26,451,2467080,,1466
state,27,451,1886936,,966
state,28,451,551729,,282
state,29,451,1432845,,861
state,30,451,560502,,351
state,31,451,597065,,309
state,32,451,704859,,341
state,33,451,556580,,370
state,34,451,1980377,,1147
state,35,451,422355,,313
state,36,451,4627675,,2978
state,37,451,2219607,,1444
state,38,451,367658,,121
state,39,451,2631659,,1529
state,40,451,936940,,487
state,41,451,1448291,,897
state,42,451,2975282,,1807
state,44,451,196725,,152
state,45,451,1158203,,623
state,46,451,349370,,168
state,47,451,1657072,,852
state,48,451,7849136,,2802
state,49,451,1144969,,641
state,50,451,234002,,215
state,51,451,2102458,,1149
state,53,451,2115295,,1280
state,54,451,393617,,256
state,55,451,1467670,,1003
state,56,451,169120,,177
state,01,452,12305743,,1476
state,02,452,2525621,,84
state,04,452,16672480,,852
state,05,452,8155712,,882
state,06,452,73153989,,3368
state,08,452,12297621,,590
state,09,452,5668469,,421
state,10,452,2104389,,160
state,11,452,600021,,36
state,12,452,45205985,,3361
state,13,452,21839038,,2224
state,15,452,4572230,,86
state,16,452,4553299,,267
state,17,452,26392974,,1938
state,18,452,16899199,,1340
state,19,452,7377978,,624
state,20,452,6509864,,523
state,21,452,10745887,,1178
state,22,452,11349077,,1317
state,23,452,2771255,,291
state,24,452,11080246,,758
state,25,452,9360168,,735
state,26,452,27175769,,2043
state,27,452,13364962,,815
state,28,452,7620362,,1082
state,29,452,15020861,,1216
state,30,452,2853264,,132
state,31,452,4591825,,359
state,32,452,6817476,,302
state,33,452,3371925,,240
state,34,452,15023574,,1140
state,35,452,5324286,,423
state,36,452,27323468,,3090
state,37,452,21492858,,2271
state,38,452,2233352,,135
state,39,452,24620078,,2332
state,40,452,9797643,,901
state,41,452,11709225,,478
state,42,452,23768701,,2324
state,44,452,1347954,,144
state,45,452,11193654,,1295
state,46,452,2380999,,190
state,47,452,15244512,,1663
state,48,452,59811870,,4655
state,49,452,7453131,,327
state,50,452,713310,,124
state,51,452,18709794,,1465
state,53,452,19899294,,582
state,54,452,4617107,,557
state,55,452,13202215,,873
state,56,452,1501710,,108
state,01,453,1258867,,1486
state,02,453,374359,,443
state,04,453,2477637,,2232
state,05,453,815253,,1129
state,06,453,13034148,,11027
state,08,453,3088813,,2517
state,09,453,1112913,,1186
state,10,453,475750,,413
state,11,453,234068,,220
state,12,453,7230375,,7874
state,13,453,2547153,,2837
state,15,453,1041385,,682
state,16,453,488778,,651
state,17,453,3713206,,3984
state,18,453,2119089,,2294
state,19,453,761767,,1132
state,20,453,668734,,999
state,21,453,1437304,,1600
state,22,453,1661006,,1515
state,23,453,526537,,787
state,24,453,1586622,,1606
state,25,453,2322760,,2404
state,26,453,3088971,,3557
state,27,453,1603063,,1905
state,28,453,847900,,949
state,29,453,1831849,,2136
state,30,453,464046,,597
state,31,453,547173,,726
state,32,453,1327954,,1025
state,33,453,732169,,731
state,34,453,2683424,,2577
state,35,453,871781,,906
state,36,453,12218523,,7152
state,37,453,3130557,,3608
state,38,453,286365,,301
state,39,453,3312736,,3799
state,40,453,1215332,,1353
state,41,453,1973054,,2064
state,42,453,3918523,,4448
state,44,453,300706,,421
state,45,453,1473514,,1761
state,46,453,301485,,428
state,47,453,2123565,,2285
state,48,453,8122619,,7483
state,49,453,800790,,823
state,50,453,220247,,335
state,51,453,2537630,,2881
state,53,453,3327673,,2908
state,54,453,525483,,641
state,55,453,1529109,,1895
state,56,453,192711,,306
state,01,454,1294660,,708
state,02,454,376009,,132
state,04,454,14081238,,1773
state,05,454,1308781,,545
state,06,454,91183667,,10769
state,08,454,3371520,,1776
state,09,454,5044000,,885
state,10,454,2311783,,302
state,11,454,139625,,64
state,12,454,26920058,,6364
state,13,454,13228144,,2114
state,15,454,340514,,239
state,16,454,1207232,,772
state,17,454,14577931,,2741
state,18,454,11763195,,1361
state,19,454,4463676,,700
state,20,454,1637796,,664
state,21,454,5806548,,754
state,22,454,1980095,,609
state,23,454,3052753,,565
state,24,454,7021861,,1032
state,25,454,14282894,,1728
state,26,454,8653103,,2045
state,27,454,14877188,,1570
state,28,454,821357,,417
state,29,454,16284976,,1387
state,30,454,440527,,400
state,31,454,3017713,,510
state,32,454,3003161,,931
state,33,454,3433735,,482
state,34,454,19920875,,2187
state,35,454,375991,,362
state,36,454,37592726,,5989
state,37,454,8865090,,2406
state,38,454,5414335,,202
state,39,454,19731386,,2023
state,40,454,2700424,,723
state,41,454,4143799,,1257
state,42,454,65736762,,2865
state,44,454,926219,,283
state,45,454,3690240,,872
state,46,454,425052,,276
state,47,454,15889723,,1140
state,48,454,25235053,,4616
state,49,454,8480615,,2093
state,50,454,1264476,,296
state,51,454,7176050,,1648
state,53,454,63147160,,1919
state,54,454,236740,,193
state,55,454,11999120,,1458
state,56,454,260056,,243
